Date,lme,alua_ars,dxy,ggal_adr,ggal_ars,txar_ars,sp500,merval,us10y,lme_adj,alua_ars_adj,dxy_adj,ggal_adr_adj,ggal_ars_adj,txar_ars_adj,sp500_adj,merval_adj,us10y_adj
2016-07-01,1704.75,9.880000114440918,95.6500015258789,30.93000030517578,46.5,7.769999980926514,2102.949951171875,15112.0,1.4559999704360962,1704.75,7.437086582183838,95.6500015258789,22.858341217041016,33.63336944580078,5.8965535163879395,2102.949951171875,15112.0,1.4559999704360962
2016-07-04,,10.199999809265137,,,46.150001525878906,7.920000076293945,,15229.0,,,7.6779608726501465,,,33.38021469116211,6.010385990142822,,15229.0,
2016-07-05,1685.75,10.199999809265137,96.16999816894531,30.670000076293945,45.79999923706055,7.699999809265137,2088.550048828125,14807.0,1.3669999837875366,1685.75,7.6779608726501465,96.16999816894531,22.666194915771484,33.12705993652344,5.843430995941162,2088.550048828125,14807.0,1.3669999837875366
2016-07-06,1691.75,10.050000190734863,96.05999755859375,30.600000381469727,45.599998474121094,7.599999904632568,2099.72998046875,14691.0,1.3849999904632568,1691.75,7.56505012512207,96.05999755859375,22.614463806152344,32.982398986816406,5.767542362213135,2099.72998046875,14691.0,1.3849999904632568
2016-07-07,1679.0,10.149999618530273,96.33000183105469,30.760000228881836,45.5,7.690000057220459,2097.89990234375,14690.0,1.3869999647140503,1679.0,7.640324115753174,96.33000183105469,22.732707977294922,32.91006851196289,5.835842609405518,2097.89990234375,14690.0,1.3869999647140503
2016-07-08,1699.0,,96.30000305175781,30.8799991607666,,,2129.89990234375,,1.3660000562667847,1699.0,,96.30000305175781,22.821393966674805,,,2129.89990234375,,1.3660000562667847
2016-07-11,1689.0,10.149999618530273,96.56999969482422,31.170000076293945,45.75,7.739999771118164,2137.159912109375,14977.0,1.434000015258789,1689.0,7.640324115753174,96.56999969482422,23.035715103149414,33.09089660644531,5.873786449432373,2137.159912109375,14977.0,1.434000015258789
2016-07-12,1714.0,10.100000381469727,96.44000244140625,31.1200008392334,45.150001525878906,7.619999885559082,2152.139892578125,15101.0,1.5130000114440918,1714.0,7.602686405181885,96.44000244140625,22.998760223388672,32.656925201416016,5.78272008895874,2152.139892578125,15101.0,1.5130000114440918
2016-07-13,1710.5,9.989999771118164,96.22000122070312,31.700000762939453,46.150001525878906,7.650000095367432,2152.429931640625,15145.0,1.468000054359436,1710.5,7.51988410949707,96.22000122070312,23.427398681640625,33.38021469116211,5.805486679077148,2152.429931640625,15145.0,1.468000054359436
2016-07-14,1719.0,9.699999809265137,96.08000183105469,32.15999984741211,47.349998474121094,7.5,2163.75,15470.0,1.531000018119812,1719.0,7.301590919494629,96.08000183105469,23.767358779907227,34.248172760009766,5.691653728485107,2163.75,15470.0,1.531000018119812
2016-07-15,1708.25,9.550000190734863,96.58000183105469,31.670000076293945,47.650001525878906,7.539999961853027,2161.739990234375,15643.0,1.593999981880188,1708.25,7.1886796951293945,96.58000183105469,23.405229568481445,34.46517562866211,5.722009181976318,2161.739990234375,15643.0,1.593999981880188
2016-07-18,1686.5,10.0,96.55999755859375,31.8799991607666,48.400001525878906,7.650000095367432,2166.889892578125,15999.0,1.5870000123977661,1686.5,7.527412414550781,96.55999755859375,23.560426712036133,35.00764083862305,5.805486679077148,2166.889892578125,15999.0,1.5870000123977661
2016-07-19,1679.0,10.050000190734863,97.05000305175781,31.899999618530273,48.20000076293945,7.860000133514404,2163.780029296875,15833.0,1.5579999685287476,1679.0,7.56505012512207,97.05000305175781,23.57520866394043,34.86298370361328,5.964852809906006,2163.780029296875,15833.0,1.5579999685287476
2016-07-20,1648.75,10.449999809265137,97.19999694824219,31.209999084472656,47.79999923706055,8.369999885559082,2173.02001953125,15932.0,1.5800000429153442,1648.75,7.866145133972168,97.19999694824219,23.06526756286621,34.57366180419922,6.3518853187561035,2173.02001953125,15932.0,1.5800000429153442
2016-07-21,1632.75,10.5,97.0,30.510000228881836,46.5,8.5,2165.169921875,15779.0,1.565000057220459,1632.75,7.903783321380615,97.0,22.547950744628906,33.63336944580078,6.450540065765381,2165.169921875,15779.0,1.565000057220459
2016-07-22,1642.25,10.5,97.47000122070312,30.510000228881836,46.099998474121094,8.449999809265137,2175.030029296875,15847.0,1.5700000524520874,1642.25,7.903783321380615,97.47000122070312,22.547950744628906,33.34404754638672,6.412595748901367,2175.030029296875,15847.0,1.5700000524520874
2016-07-25,1642.75,10.5,97.29000091552734,30.579999923706055,46.099998474121094,8.399999618530273,2168.47998046875,15713.0,1.5709999799728394,1642.75,7.903783321380615,97.29000091552734,22.599681854248047,33.34404754638672,6.374651908874512,2168.47998046875,15713.0,1.5709999799728394
2016-07-26,1627.5,10.350000381469727,97.16000366210938,30.219999313354492,45.599998474121094,8.279999732971191,2169.179931640625,15758.0,1.562999963760376,1627.5,7.790872097015381,97.16000366210938,22.33362579345703,32.982398986816406,6.283585548400879,2169.179931640625,15758.0,1.562999963760376
2016-07-27,1632.0,10.149999618530273,97.05000305175781,29.760000228881836,45.20000076293945,8.229999542236328,2166.580078125,15699.0,1.5149999856948853,1632.0,7.640324115753174,97.05000305175781,21.993677139282227,32.69308853149414,6.245640277862549,2166.580078125,15699.0,1.5149999856948853
2016-07-28,1643.0,10.050000190734863,96.73999786376953,29.559999465942383,44.95000076293945,8.020000457763672,2170.06005859375,15455.0,1.5110000371932983,1643.0,7.56505012512207,96.73999786376953,21.845861434936523,32.51225662231445,6.086275100708008,2170.06005859375,15455.0,1.5110000371932983
2016-07-29,1674.5,10.199999809265137,95.52999877929688,29.68000030517578,44.849998474121094,8.140000343322754,2173.60009765625,15804.0,1.4579999446868896,1674.5,7.6779608726501465,95.52999877929688,21.934555053710938,32.43992233276367,6.177341461181641,2173.60009765625,15804.0,1.4579999446868896
2016-08-01,1668.0,9.899999618530273,95.70999908447266,29.139999389648438,44.150001525878906,8.199999809265137,2170.840087890625,15443.0,1.496000051498413,1668.0,7.4521379470825195,95.70999908447266,21.535472869873047,31.93362808227539,6.222874641418457,2170.840087890625,15443.0,1.496000051498413
2016-08-02,1661.0,9.520000457763672,95.05999755859375,28.739999771118164,42.900001525878906,7.980000019073486,2157.030029296875,15062.0,1.5369999408721924,1661.0,7.166097640991211,95.05999755859375,21.239852905273438,31.029491424560547,6.055919647216797,2157.030029296875,15062.0,1.5369999408721924
2016-08-03,1673.75,9.739999771118164,95.55999755859375,29.479999542236328,44.099998474121094,8.050000190734863,2163.7900390625,15430.0,1.5420000553131104,1673.75,7.331699848175049,95.55999755859375,21.786746978759766,31.897451400756836,6.109042167663574,2163.7900390625,15430.0,1.5420000553131104
2016-08-04,1661.75,9.670000076293945,95.76000213623047,29.5,44.25,7.949999809265137,2164.25,15560.0,1.503000020980835,1661.75,7.279006481170654,95.76000213623047,21.801525115966797,32.005950927734375,6.033152103424072,2164.25,15560.0,1.503000020980835
2016-08-05,1681.5,9.579999923706055,96.19000244140625,29.3700008392334,43.70000076293945,7.849999904632568,2182.8701171875,15394.0,1.5820000171661377,1681.5,7.211260795593262,96.19000244140625,21.70545196533203,31.608144760131836,5.957263946533203,2182.8701171875,15394.0,1.5820000171661377
2016-08-08,1678.0,9.600000381469727,96.4000015258789,29.670000076293945,43.70000076293945,7.75,2180.889892578125,15373.0,1.5829999446868896,1678.0,7.226317405700684,96.4000015258789,21.927156448364258,31.608144760131836,5.881374835968018,2180.889892578125,15373.0,1.5829999446868896
2016-08-09,1686.0,9.619999885559082,96.18000030517578,29.860000610351562,44.29999923706055,7.760000228881836,2181.739990234375,15455.0,1.5449999570846558,1686.0,7.241370677947998,96.18000030517578,22.067575454711914,32.042110443115234,5.888964653015137,2181.739990234375,15455.0,1.5449999570846558
2016-08-10,1692.0,9.649999618530273,95.6500015258789,29.639999389648438,43.75,7.820000171661377,2175.489990234375,15346.0,1.5089999437332153,1692.0,7.26395320892334,95.6500015258789,21.904985427856445,31.64429473876953,5.934497833251953,2175.489990234375,15346.0,1.5089999437332153
2016-08-11,1696.75,9.59000015258789,95.86000061035156,29.5,43.29999923706055,7.75,2185.7900390625,15314.0,1.5729999542236328,1696.75,7.218787670135498,95.86000061035156,21.801525115966797,31.31881332397461,5.881374835968018,2185.7900390625,15314.0,1.5729999542236328
2016-08-12,1696.5,9.5,95.72000122070312,28.81999969482422,42.400001525878906,7.550000190734863,2184.050048828125,15166.0,1.5149999856948853,1696.5,7.151041507720947,95.72000122070312,21.298978805541992,30.667850494384766,5.729598522186279,2184.050048828125,15166.0,1.5149999856948853
2016-08-15,1715.25,,95.62999725341797,29.200000762939453,,,2190.14990234375,,1.5529999732971191,1715.25,,95.62999725341797,21.57981300354004,,,2190.14990234375,,1.5529999732971191
2016-08-16,1728.75,9.399999618530273,94.79000091552734,28.770000457763672,42.54999923706055,7.349999904632568,2178.14990234375,15231.0,1.5759999752044678,1728.75,7.075767517089844,94.79000091552734,21.26202964782715,30.776344299316406,5.577820301055908,2178.14990234375,15231.0,1.5759999752044678
2016-08-17,1722.75,9.300000190734863,94.72000122070312,28.530000686645508,42.20000076293945,7.400000095367432,2182.219970703125,15402.0,1.5609999895095825,1722.75,7.000494003295898,94.72000122070312,21.08466148376465,30.523183822631836,5.61576509475708,2182.219970703125,15402.0,1.5609999895095825
2016-08-18,1717.0,9.300000190734863,94.16000366210938,29.260000228881836,43.599998474121094,7.429999828338623,2187.02001953125,15565.0,1.5360000133514404,1717.0,7.000494003295898,94.16000366210938,21.62415313720703,31.535799026489258,5.6385321617126465,2187.02001953125,15565.0,1.5360000133514404
2016-08-19,1707.75,9.350000381469727,94.51000213623047,29.139999389648438,43.849998474121094,7.659999847412109,2183.8701171875,15598.0,1.5779999494552612,1707.75,7.038130760192871,94.51000213623047,21.535472869873047,31.71663475036621,5.813075065612793,2183.8701171875,15598.0,1.5779999494552612
2016-08-22,1707.75,9.489999771118164,94.5199966430664,29.59000015258789,44.5,7.650000095367432,2182.639892578125,15497.0,1.5390000343322754,1707.75,7.1435136795043945,94.5199966430664,21.8680362701416,32.18678283691406,5.805486679077148,2182.639892578125,15497.0,1.5390000343322754
2016-08-23,1710.25,9.699999809265137,94.54000091552734,30.1200008392334,45.29999923706055,7.699999809265137,2186.89990234375,15833.0,1.5529999732971191,1710.25,7.301590919494629,94.54000091552734,22.259723663330078,32.765411376953125,5.843430995941162,2186.89990234375,15833.0,1.5529999732971191
2016-08-24,1689.0,9.699999809265137,94.79000091552734,30.940000534057617,45.849998474121094,7.650000095367432,2175.43994140625,15815.0,1.559000015258789,1689.0,7.301590919494629,94.79000091552734,22.86573600769043,33.16322326660156,5.805486679077148,2175.43994140625,15815.0,1.559000015258789
2016-08-25,1687.75,9.600000381469727,94.7699966430664,30.790000915527344,46.150001525878906,7.610000133514404,2172.469970703125,15901.0,1.5770000219345093,1687.75,7.226317405700684,94.7699966430664,22.7548770904541,33.38021469116211,5.775130748748779,2172.469970703125,15901.0,1.5770000219345093
2016-08-26,1687.25,9.5,95.56999969482422,30.200000762939453,45.75,7.599999904632568,2169.0400390625,15764.0,1.6349999904632568,1687.25,7.151041507720947,95.56999969482422,22.318849563598633,33.09089660644531,5.767542362213135,2169.0400390625,15764.0,1.6349999904632568
2016-08-29,1687.25,9.5,95.58000183105469,30.81999969482422,46.599998474121094,7.730000019073486,2180.3798828125,16033.0,1.565999984741211,1687.25,7.151041507720947,95.58000183105469,22.777053833007812,33.7056999206543,5.86619758605957,2180.3798828125,16033.0,1.565999984741211
2016-08-30,1668.75,9.479999542236328,96.05000305175781,30.459999084472656,45.75,7.949999809265137,2176.1201171875,15872.0,1.5700000524520874,1668.75,7.135986804962158,96.05000305175781,22.511001586914062,33.09089660644531,6.033152103424072,2176.1201171875,15872.0,1.5700000524520874
2016-08-31,1659.75,9.5,96.0199966430664,29.760000228881836,44.849998474121094,8.149999618530273,2170.949951171875,15650.0,1.5679999589920044,1659.75,7.151041507720947,96.0199966430664,21.993677139282227,32.43992233276367,6.184929847717285,2170.949951171875,15650.0,1.5679999589920044
2016-09-01,1658.0,9.4399995803833,95.6500015258789,30.3799991607666,45.400001525878906,8.170000076293945,2170.860107421875,15741.0,1.5700000524520874,1658.0,7.105877876281738,95.6500015258789,22.451873779296875,32.837738037109375,6.200107574462891,2170.860107421875,15741.0,1.5700000524520874
2016-09-02,1644.75,9.449999809265137,95.87999725341797,30.549999237060547,45.70000076293945,8.15999984741211,2179.97998046875,15966.0,1.5959999561309814,1644.75,7.113404750823975,95.87999725341797,22.577512741088867,33.05473709106445,6.192519187927246,2179.97998046875,15966.0,1.5959999561309814
2016-09-05,,9.3100004196167,,,45.349998474121094,8.100000381469727,,16006.0,,,7.008022308349609,,,32.801578521728516,6.146986484527588,,16006.0,
2016-09-06,,9.300000190734863,94.81999969482422,31.209999084472656,46.650001525878906,8.09000015258789,2186.47998046875,16276.0,1.5429999828338623,,7.000494003295898,94.81999969482422,23.06526756286621,33.74186706542969,6.139397144317627,2186.47998046875,16276.0,1.5429999828338623
2016-09-07,,9.289999961853027,94.95999908447266,31.299999237060547,46.79999923706055,8.260000228881836,2186.159912109375,16316.0,1.5410000085830688,,6.992967128753662,94.95999908447266,23.13178825378418,33.85036087036133,6.268407821655273,2186.159912109375,16316.0,1.5410000085830688
2016-09-08,,9.510000228881836,95.02999877929688,30.200000762939453,45.400001525878906,8.380000114440918,2181.300048828125,16458.0,1.6160000562667847,,7.158571243286133,95.02999877929688,22.318849563598633,32.837738037109375,6.3594746589660645,2181.300048828125,16458.0,1.6160000562667847
2016-09-09,,9.380000114440918,95.33999633789062,29.040000915527344,44.0,8.289999961853027,2127.81005859375,15976.0,1.6720000505447388,,7.060713768005371,95.33999633789062,21.46156883239746,31.825130462646484,6.29117488861084,2127.81005859375,15976.0,1.6720000505447388
2016-09-12,,9.34000015258789,95.0999984741211,29.639999389648438,44.75,8.25,2159.0400390625,16058.0,1.6720000505447388,,7.030604362487793,95.0999984741211,21.904985427856445,32.36758804321289,6.260818958282471,2159.0400390625,16058.0,1.6720000505447388
2016-09-13,,9.149999618530273,95.62999725341797,29.15999984741211,43.900001525878906,8.0,2127.02001953125,15521.0,1.7339999675750732,,6.887582302093506,95.62999725341797,21.550251007080078,31.752788543701172,6.071097373962402,2127.02001953125,15521.0,1.7339999675750732
2016-09-14,,9.149999618530273,95.33000183105469,28.6200008392334,43.349998474121094,8.0,2125.77001953125,15546.0,1.6890000104904175,,6.887582302093506,95.33000183105469,21.151174545288086,31.35498046875,6.071097373962402,2125.77001953125,15546.0,1.6890000104904175
2016-09-15,,9.220000267028809,95.29000091552734,28.93000030517578,43.849998474121094,8.050000190734863,2147.260009765625,15852.0,1.7029999494552612,,6.940273761749268,95.29000091552734,21.380271911621094,31.71663475036621,6.109042167663574,2147.260009765625,15852.0,1.7029999494552612
2016-09-16,,9.289999961853027,96.11000061035156,28.459999084472656,43.5,8.050000190734863,2139.159912109375,15828.0,1.7009999752044678,,6.992967128753662,96.11000061035156,21.03292465209961,31.463483810424805,6.109042167663574,2139.159912109375,15828.0,1.7009999752044678
2016-09-19,,9.390000343322754,95.83999633789062,28.729999542236328,43.70000076293945,8.369999885559082,2139.1201171875,15991.0,1.6959999799728394,,7.068239688873291,95.83999633789062,21.232467651367188,31.608144760131836,6.3518853187561035,2139.1201171875,15991.0,1.6959999799728394
2016-09-20,,9.619999885559082,96.0199966430664,28.559999465942383,43.650001525878906,8.479999542236328,2139.760009765625,16013.0,1.687999963760376,,7.241370677947998,96.0199966430664,21.106826782226562,31.571964263916016,6.435362815856934,2139.760009765625,16013.0,1.687999963760376
2016-09-21,,9.779999732971191,95.66000366210938,29.3799991607666,44.70000076293945,8.470000267028809,2163.1201171875,16293.0,1.6679999828338623,,7.361809730529785,95.66000366210938,21.712833404541016,32.3314323425293,6.427774429321289,2163.1201171875,16293.0,1.6679999828338623
2016-09-22,,9.989999771118164,95.44999694824219,30.360000610351562,46.099998474121094,8.649999618530273,2177.179931640625,16643.0,1.6319999694824219,,7.51988410949707,95.44999694824219,22.437089920043945,33.34404754638672,6.56437349319458,2177.179931640625,16643.0,1.6319999694824219
2016-09-23,,9.989999771118164,95.4800033569336,30.309999465942383,46.150001525878906,8.630000114440918,2164.68994140625,16442.0,1.6150000095367432,,7.51988410949707,95.4800033569336,22.4001407623291,33.38021469116211,6.549196243286133,2164.68994140625,16442.0,1.6150000095367432
2016-09-26,,10.199999809265137,95.30999755859375,29.799999237060547,45.599998474121094,8.869999885559082,2146.10009765625,16356.0,1.5889999866485596,,7.6779608726501465,95.30999755859375,22.023229598999023,32.982398986816406,6.731329441070557,2146.10009765625,16356.0,1.5889999866485596
2016-09-27,,10.449999809265137,95.44000244140625,30.06999969482422,45.95000076293945,9.180000305175781,2159.929931640625,16349.0,1.555999994277954,,7.866145133972168,95.44000244140625,22.222774505615234,33.23555374145508,6.966584205627441,2159.929931640625,16349.0,1.555999994277954
2016-09-28,,10.899999618530273,95.43000030517578,30.299999237060547,46.400001525878906,9.3100004196167,2171.3701171875,16755.0,1.5670000314712524,,8.204878807067871,95.43000030517578,22.392751693725586,33.56104278564453,7.065239906311035,2171.3701171875,16755.0,1.5670000314712524
2016-09-29,1726.25,10.649999618530273,95.54000091552734,30.68000030517578,46.849998474121094,9.180000305175781,2151.1298828125,16743.0,1.5570000410079956,1726.25,8.016694068908691,95.54000091552734,22.673583984375,33.886531829833984,6.966584205627441,2151.1298828125,16743.0,1.5570000410079956
2016-09-30,1736.25,10.600000381469727,95.45999908447266,31.110000610351562,47.0,9.09000015258789,2168.27001953125,16676.0,1.6080000400543213,1736.25,7.979057788848877,95.45999908447266,22.99136734008789,33.99502182006836,6.898283958435059,2168.27001953125,16676.0,1.6080000400543213
2016-10-03,1729.0,11.050000190734863,95.75,30.969999313354492,46.95000076293945,9.210000038146973,2161.199951171875,16847.0,1.621999979019165,1729.0,8.317791938781738,95.75,22.887903213500977,33.95885467529297,6.989350318908691,2161.199951171875,16847.0,1.621999979019165
2016-10-04,1731.5,11.25,96.12000274658203,31.84000015258789,48.25,9.279999732971191,2150.489990234375,16874.0,1.6829999685287476,1731.5,8.468339920043945,96.12000274658203,23.530866622924805,34.899147033691406,7.042471885681152,2150.489990234375,16874.0,1.6829999685287476
2016-10-05,1741.75,11.199999809265137,96.12999725341797,32.5,49.150001525878906,9.40999984741211,2159.72998046875,17071.0,1.715999960899353,1741.75,8.430702209472656,96.12999725341797,24.018627166748047,35.55012130737305,7.1411285400390625,2159.72998046875,17071.0,1.715999960899353
2016-10-06,,11.100000381469727,96.66000366210938,31.780000686645508,48.5,9.380000114440918,2160.77001953125,17143.0,1.7419999837875366,,8.355429649353027,96.66000366210938,23.48652458190918,35.07996368408203,7.118361473083496,2160.77001953125,17143.0,1.7419999837875366
2016-10-07,,11.199999809265137,96.5199966430664,31.520000457763672,47.900001525878906,9.199999809265137,2153.739990234375,17136.0,1.7359999418258667,,8.430702209472656,96.5199966430664,23.294374465942383,34.64598846435547,6.9817609786987305,2153.739990234375,17136.0,1.7359999418258667
2016-10-10,,,,32.08000183105469,,,2163.659912109375,,1.7230000495910645,,,,23.70823860168457,,,2163.659912109375,,1.7230000495910645
2016-10-11,,11.050000190734863,97.69999694824219,31.600000381469727,47.95000076293945,9.130000114440918,2136.72998046875,17159.0,1.7589999437332153,,8.317791938781738,97.69999694824219,23.353500366210938,34.682159423828125,6.928640365600586,2136.72998046875,17159.0,1.7589999437332153
2016-10-12,,11.0,97.97000122070312,31.690000534057617,47.95000076293945,9.109999656677246,2139.179931640625,17208.0,1.777999997138977,,8.280153274536133,97.97000122070312,23.42000961303711,34.682159423828125,6.913461208343506,2139.179931640625,17208.0,1.777999997138977
2016-10-13,,11.0,97.5199966430664,31.389999389648438,47.70000076293945,9.079999923706055,2132.550048828125,17235.0,1.7380000352859497,,8.280153274536133,97.5199966430664,23.19829559326172,34.50133514404297,6.890695095062256,2132.550048828125,17235.0,1.7380000352859497
2016-10-14,,11.0,98.0199966430664,31.6200008392334,48.0,9.100000381469727,2132.97998046875,17415.0,1.7940000295639038,,8.280153274536133,98.0199966430664,23.368282318115234,34.718318939208984,6.9058732986450195,2132.97998046875,17415.0,1.7940000295639038
2016-10-17,,11.0,97.88999938964844,31.790000915527344,48.25,9.430000305175781,2126.5,17664.0,1.7660000324249268,,8.280153274536133,97.88999938964844,23.493915557861328,34.899147033691406,7.156306266784668,2126.5,17664.0,1.7660000324249268
2016-10-18,,10.850000381469727,97.9000015258789,31.510000228881836,47.900001525878906,9.449999809265137,2139.60009765625,17848.0,1.7489999532699585,,8.167244911193848,97.9000015258789,23.286983489990234,34.64598846435547,7.171483993530273,2139.60009765625,17848.0,1.7489999532699585
2016-10-19,,10.850000381469727,97.87000274658203,32.06999969482422,48.900001525878906,9.539999961853027,2144.2900390625,18125.0,1.7519999742507935,,8.167244911193848,97.87000274658203,23.700841903686523,35.36928939819336,7.239784240722656,2144.2900390625,18125.0,1.7519999742507935
2016-10-20,,10.850000381469727,98.31999969482422,31.940000534057617,48.29999923706055,9.479999542236328,2141.340087890625,18147.0,1.746999979019165,,8.167244911193848,98.31999969482422,23.60477066040039,34.935306549072266,7.194249629974365,2141.340087890625,18147.0,1.746999979019165
2016-10-21,,11.149999618530273,98.69999694824219,31.6200008392334,47.650001525878906,9.699999809265137,2141.159912109375,18257.0,1.7400000095367432,,8.39306354522705,98.69999694824219,23.368282318115234,34.46517562866211,7.361205577850342,2141.159912109375,18257.0,1.7400000095367432
2016-10-24,,11.100000381469727,98.66999816894531,31.6200008392334,47.95000076293945,9.869999885559082,2151.330078125,18391.0,1.7630000114440918,,8.355429649353027,98.66999816894531,23.368282318115234,34.682159423828125,7.49021577835083,2151.330078125,18391.0,1.7630000114440918
2016-10-25,,11.199999809265137,98.72000122070312,31.239999771118164,47.400001525878906,9.930000305175781,2143.159912109375,18409.0,1.7580000162124634,,8.430702209472656,98.72000122070312,23.087446212768555,34.28433609008789,7.5357489585876465,2143.159912109375,18409.0,1.7580000162124634
2016-10-26,,10.850000381469727,98.62999725341797,31.030000686645508,47.04999923706055,9.6899995803833,2139.429931640625,18188.0,1.7899999618530273,,8.167244911193848,98.62999725341797,22.932249069213867,34.031185150146484,7.353616714477539,2139.429931640625,18188.0,1.7899999618530273
2016-10-27,,10.699999809265137,98.88999938964844,31.200000762939453,47.29999923706055,9.649999618530273,2133.0400390625,18066.0,1.843000054359436,,8.05433177947998,98.88999938964844,23.057884216308594,34.21200942993164,7.323260307312012,2133.0400390625,18066.0,1.843000054359436
2016-10-28,1793.75,10.600000381469727,98.3499984741211,31.290000915527344,47.45000076293945,9.579999923706055,2126.409912109375,17869.0,1.8450000286102295,1793.75,7.979057788848877,98.3499984741211,23.1243953704834,34.320499420166016,7.270138263702393,2126.409912109375,17869.0,1.8450000286102295
2016-10-31,1806.0,10.399999618530273,98.44999694824219,31.139999389648438,47.099998474121094,9.380000114440918,2126.14990234375,17610.0,1.8339999914169312,1806.0,7.82850980758667,98.44999694824219,23.01354217529297,34.06734848022461,7.118361473083496,2126.14990234375,17610.0,1.8339999914169312
2016-11-01,1791.25,10.100000381469727,97.69999694824219,30.68000030517578,46.20000076293945,9.390000343322754,2111.719970703125,17108.0,1.8200000524520874,1791.25,7.602686405181885,97.69999694824219,22.673583984375,33.416385650634766,7.125950336456299,2111.719970703125,17108.0,1.8200000524520874
2016-11-02,1777.25,10.0,97.4000015258789,29.729999542236328,45.099998474121094,9.479999542236328,2097.93994140625,16807.0,1.7990000247955322,1777.25,7.527412414550781,97.4000015258789,21.971500396728516,32.620750427246094,7.194249629974365,2097.93994140625,16807.0,1.7990000247955322
2016-11-03,1813.5,9.800000190734863,97.16000366210938,29.290000915527344,44.0,9.359999656677246,2088.659912109375,16706.0,1.812000036239624,1813.5,7.376863956451416,97.16000366210938,21.64632797241211,31.825130462646484,7.103183269500732,2088.659912109375,16706.0,1.812000036239624
2016-11-04,1796.25,9.600000381469727,97.06999969482422,29.520000457763672,44.79999923706055,9.140000343322754,2085.179931640625,16755.0,1.7829999923706055,1796.25,7.226317405700684,97.06999969482422,21.816308975219727,32.40375518798828,6.9362287521362305,2085.179931640625,16755.0,1.7829999923706055
2016-11-07,1811.75,9.800000190734863,97.77999877929688,30.709999084472656,46.400001525878906,9.140000343322754,2131.52001953125,17258.0,1.8279999494552612,1811.75,7.376863956451416,97.77999877929688,22.695755004882812,33.56104278564453,6.9362287521362305,2131.52001953125,17258.0,1.8279999494552612
2016-11-08,1816.75,9.649999618530273,97.86000061035156,30.93000030517578,46.04999923706055,9.069999694824219,2139.56005859375,17138.0,1.8619999885559082,1816.75,7.26395320892334,97.86000061035156,22.858341217041016,33.307884216308594,6.883105754852295,2139.56005859375,17138.0,1.8619999885559082
2016-11-09,1847.25,9.539999961853027,98.5,29.90999984741211,45.45000076293945,9.0,2163.260009765625,17025.0,2.072000026702881,1847.25,7.181150913238525,98.5,22.104524612426758,32.87392044067383,6.829983711242676,2163.260009765625,17025.0,2.072000026702881
2016-11-10,1867.5,9.319999694824219,98.79000091552734,28.209999084472656,43.5,8.470000267028809,2167.47998046875,16231.0,2.117000102996826,1867.5,7.015548229217529,98.79000091552734,20.848167419433594,31.463483810424805,6.427774429321289,2167.47998046875,16231.0,2.117000102996826
2016-11-11,,9.399999618530273,,28.1200008392334,42.900001525878906,8.149999618530273,2164.449951171875,15660.0,,,7.075767517089844,,20.781654357910156,31.029491424560547,6.184929847717285,2164.449951171875,15660.0,
2016-11-14,1849.5,9.15999984741211,100.11000061035156,27.399999618530273,43.0,8.170000076293945,2164.199951171875,15694.0,2.2219998836517334,1849.5,6.895110130310059,100.11000061035156,20.249544143676758,31.101825714111328,6.200107574462891,2164.199951171875,15694.0,2.2219998836517334
2016-11-15,1849.5,9.5,100.19000244140625,28.59000015258789,44.70000076293945,8.640000343322754,2180.389892578125,16478.0,2.23799991607666,1849.5,7.3270182609558105,100.19000244140625,21.129003524780273,32.3314323425293,6.5567851066589355,2180.389892578125,16478.0,2.23799991607666
2016-11-16,1813.0,9.649999618530273,100.41000366210938,28.3700008392334,44.349998474121094,8.729999542236328,2176.93994140625,16521.0,2.2230000495910645,1813.0,7.442707538604736,100.41000366210938,20.966419219970703,32.07828140258789,6.625083923339844,2176.93994140625,16521.0,2.2230000495910645
2016-11-17,1808.5,9.649999618530273,100.88999938964844,28.600000381469727,44.5,8.609999656677246,2187.1201171875,16472.0,2.2760000228881836,1808.5,7.442707538604736,100.88999938964844,21.13639259338379,32.18678283691406,6.534018039703369,2187.1201171875,16472.0,2.2760000228881836
2016-11-18,1824.0,9.720000267028809,101.20999908447266,28.34000015258789,43.900001525878906,8.609999656677246,2181.89990234375,16385.0,2.3350000381469727,1824.0,7.4966959953308105,101.20999908447266,20.944246292114258,31.752788543701172,6.534018039703369,2181.89990234375,16385.0,2.3350000381469727
2016-11-21,1840.75,10.199999809265137,101.05000305175781,29.149999618530273,45.400001525878906,8.9399995803833,2198.179931640625,16844.0,2.3389999866485596,1840.75,7.866903305053711,101.05000305175781,21.542861938476562,32.837738037109375,6.784451007843018,2198.179931640625,16844.0,2.3389999866485596
2016-11-22,1876.75,10.600000381469727,101.04000091552734,29.110000610351562,45.400001525878906,9.34000015258789,2202.93994140625,17307.0,2.321000099182129,1876.75,8.175410270690918,101.04000091552734,21.513307571411133,32.837738037109375,7.088005542755127,2202.93994140625,17307.0,2.321000099182129
2016-11-23,1895.25,10.699999809265137,101.69999694824219,29.020000457763672,45.150001525878906,9.350000381469727,2204.719970703125,17367.0,2.3570001125335693,1895.25,8.25253677368164,101.69999694824219,21.446788787841797,32.656925201416016,7.095594882965088,2204.719970703125,17367.0,2.3570001125335693
2016-11-24,,10.699999809265137,,,44.79999923706055,9.630000114440918,,17385.0,,,8.25253677368164,,,32.40375518798828,7.3080830574035645,,17385.0,
2016-11-25,1866.5,10.5,101.48999786376953,28.690000534057617,44.29999923706055,9.680000305175781,2213.35009765625,17169.0,2.371999979019165,1866.5,8.098282814025879,101.48999786376953,21.202909469604492,32.042110443115234,7.346028804779053,2213.35009765625,17169.0,2.371999979019165
2016-11-28,1877.5,,101.33000183105469,28.790000915527344,,,2201.719970703125,,2.319999933242798,1877.5,,101.33000183105469,21.276809692382812,,,2201.719970703125,,2.319999933242798
2016-11-29,1842.0,10.399999618530273,100.93000030517578,28.229999542236328,44.20000076293945,9.670000076293945,2204.659912109375,17042.0,2.302000045776367,1842.0,8.021156311035156,100.93000030517578,20.86294937133789,31.969785690307617,7.338438510894775,2204.659912109375,17042.0,2.302000045776367
2016-11-30,1858.5,10.399999618530273,101.5,27.190000534057617,44.400001525878906,9.449999809265137,2198.81005859375,17442.0,2.368000030517578,1858.5,8.021156311035156,101.5,20.09435272216797,32.114444732666016,7.171483993530273,2198.81005859375,17442.0,2.368000030517578
2016-12-01,1842.0,10.0,101.04000091552734,27.540000915527344,43.650001525878906,9.260000228881836,2191.080078125,17042.0,2.440999984741211,1842.0,7.712649345397949,101.04000091552734,20.35301399230957,31.571964263916016,7.027295112609863,2191.080078125,17042.0,2.440999984741211
2016-12-02,1841.25,9.850000381469727,100.7699966430664,26.440000534057617,42.25,9.239999771118164,2191.949951171875,16948.0,2.390000104904175,1841.25,7.596960544586182,100.7699966430664,19.54007911682129,30.559358596801758,7.0121169090271,2191.949951171875,16948.0,2.390000104904175
2016-12-05,1859.25,9.850000381469727,100.13999938964844,26.31999969482422,42.29999923706055,9.270000457763672,2204.7099609375,16999.0,2.38700008392334,1859.25,7.596960544586182,100.13999938964844,19.451396942138672,30.59551239013672,7.034883975982666,2204.7099609375,16999.0,2.38700008392334
2016-12-06,1826.0,10.100000381469727,100.48999786376953,26.149999618530273,42.0,9.300000190734863,2212.22998046875,17235.0,2.3959999084472656,1826.0,7.789778232574463,100.48999786376953,19.325759887695312,30.378528594970703,7.057651042938232,2212.22998046875,17235.0,2.3959999084472656
2016-12-07,1818.75,9.899999618530273,100.2300033569336,25.65999984741211,41.20000076293945,9.239999771118164,2241.35009765625,17197.0,2.3469998836517334,1818.75,7.635523319244385,100.2300033569336,18.9636287689209,29.799894332885742,7.0121169090271,2241.35009765625,17197.0,2.3469998836517334
2016-12-08,1828.75,,101.06999969482422,25.75,,,2246.18994140625,,2.38700008392334,1828.75,,101.06999969482422,19.0301456451416,,,2246.18994140625,,2.38700008392334
2016-12-09,1855.25,,101.56999969482422,25.360000610351562,,,2259.530029296875,,2.4639999866485596,1855.25,,101.56999969482422,18.74192237854004,,,2259.530029296875,,2.4639999866485596
2016-12-12,1841.0,9.949999809265137,100.95999908447266,25.030000686645508,41.0,9.229999542236328,2256.9599609375,17158.0,2.4790000915527344,1841.0,7.67408561706543,100.95999908447266,18.4980411529541,29.655231475830078,7.004528045654297,2256.9599609375,17158.0,2.4790000915527344
2016-12-13,1850.0,9.949999809265137,101.02999877929688,25.899999618530273,40.95000076293945,9.270000457763672,2271.719970703125,17198.0,2.4809999465942383,1850.0,7.67408561706543,101.02999877929688,19.1409969329834,29.61907196044922,7.034883975982666,2271.719970703125,17198.0,2.4809999465942383
2016-12-14,1851.75,9.779999732971191,102.0,25.540000915527344,41.20000076293945,9.149999618530273,2253.280029296875,16918.0,2.5250000953674316,1851.75,7.542972087860107,102.0,18.874950408935547,29.799894332885742,6.943818092346191,2253.280029296875,16918.0,2.5250000953674316
2016-12-15,1852.5,9.869999885559082,103.12999725341797,25.170000076293945,40.0,9.140000343322754,2262.030029296875,16739.0,2.5799999237060547,1852.5,7.612385272979736,103.12999725341797,18.60150146484375,28.931936264038086,6.9362287521362305,2262.030029296875,16739.0,2.5799999237060547
2016-12-16,1831.25,9.899999618530273,102.94999694824219,24.56999969482422,39.5,9.09000015258789,2258.070068359375,16564.0,2.5969998836517334,1831.25,7.635523319244385,102.94999694824219,18.158082962036133,28.570287704467773,6.898283958435059,2258.070068359375,16564.0,2.5969998836517334
2016-12-19,1823.0,9.529999732971191,103.13999938964844,23.610000610351562,38.0,8.670000076293945,2262.530029296875,15996.0,2.5420000553131104,1823.0,7.350155353546143,103.13999938964844,17.4486083984375,27.48533821105957,6.579551696777344,2262.530029296875,15996.0,2.5420000553131104
2016-12-20,1829.5,9.350000381469727,103.29000091552734,23.719999313354492,37.54999923706055,8.979999542236328,2270.760009765625,16064.0,2.568000078201294,1829.5,7.211329460144043,103.29000091552734,17.52989959716797,27.15985107421875,6.81480598449707,2270.760009765625,16064.0,2.568000078201294
2016-12-21,1829.5,9.6899995803833,103.0199966430664,24.799999237060547,39.900001525878906,9.300000190734863,2265.179931640625,16587.0,2.5460000038146973,1829.5,7.4735589027404785,103.0199966430664,18.328060150146484,28.85959815979004,7.057651042938232,2265.179931640625,16587.0,2.5460000038146973
2016-12-22,1829.5,9.550000190734863,103.08999633789062,24.6200008392334,39.349998474121094,9.119999885559082,2260.9599609375,16379.0,2.552999973297119,1829.5,7.36558198928833,103.08999633789062,18.195037841796875,28.461793899536133,6.921051025390625,2260.9599609375,16379.0,2.552999973297119
2016-12-23,1829.5,9.5600004196167,103.01000213623047,25.31999969482422,39.599998474121094,9.149999618530273,2263.7900390625,16355.0,2.5429999828338623,1829.5,7.373295307159424,103.01000213623047,18.712360382080078,28.642606735229492,6.943818092346191,2263.7900390625,16355.0,2.5429999828338623
2016-12-26,,9.430000305175781,,,39.650001525878906,9.039999961853027,,16113.0,,,7.273029327392578,,,28.678775787353516,6.860340118408203,,16113.0,
2016-12-27,1829.5,9.420000076293945,103.0199966430664,25.5,40.0,9.0600004196167,2268.8798828125,16387.0,2.562999963760376,1829.5,7.276504993438721,103.0199966430664,18.845386505126953,28.931936264038086,6.87551736831665,2268.8798828125,16387.0,2.562999963760376
2016-12-28,1811.75,9.5,103.26000213623047,26.40999984741211,41.349998474121094,8.960000038146973,2249.919921875,16508.0,2.50600004196167,1811.75,7.338301181793213,103.26000213623047,19.51790428161621,29.908374786376953,6.799628734588623,2249.919921875,16508.0,2.50600004196167
2016-12-29,1794.0,9.979999542236328,102.68000030517578,26.84000015258789,42.70000076293945,9.350000381469727,2249.260009765625,16918.0,2.4769999980926514,1794.0,7.709080219268799,102.68000030517578,19.835697174072266,30.88484001159668,7.095594882965088,2249.260009765625,16918.0,2.4769999980926514
2016-12-30,1794.0,9.979999542236328,102.38999938964844,26.920000076293945,42.70000076293945,9.350000381469727,2238.830078125,,2.446000099182129,1794.0,7.709080219268799,102.38999938964844,19.89481544494629,30.88484001159668,7.095594882965088,2238.830078125,,2.446000099182129
2017-01-02,,10.300000190734863,,,44.599998474121094,9.75,,17505.0,,,7.956264972686768,,,32.25910568237305,7.399149417877197,,17505.0,
2017-01-03,1792.5,10.25,103.20999908447266,28.25,44.849998474121094,9.710000038146973,2257.830078125,17911.0,2.450000047683716,1792.5,7.9176411628723145,103.20999908447266,20.87773323059082,32.43992233276367,7.368794918060303,2257.830078125,17911.0,2.450000047683716
2017-01-04,1793.75,10.050000190734863,102.69999694824219,27.959999084472656,45.04999923706055,9.649999618530273,2270.75,18143.0,2.4519999027252197,1793.75,7.763151168823242,102.69999694824219,20.663406372070312,32.58457946777344,7.323260307312012,2270.75,18143.0,2.4519999027252197
2017-01-05,1810.25,10.0,101.5199966430664,28.559999465942383,45.5,9.760000228881836,2269.0,18223.0,2.368000030517578,1810.25,7.724528789520264,101.5199966430664,21.106826782226562,32.91006851196289,7.406738758087158,2269.0,18223.0,2.368000030517578
2017-01-06,1803.0,10.050000190734863,102.22000122070312,29.610000610351562,46.75,9.779999732971191,2276.97998046875,18284.0,2.4179999828338623,1803.0,7.763151168823242,102.22000122070312,21.882816314697266,33.81418991088867,7.421915531158447,2276.97998046875,18284.0,2.4179999828338623
2017-01-09,1820.25,10.149999618530273,101.93000030517578,29.84000015258789,47.29999923706055,10.050000190734863,2268.89990234375,18510.0,2.375999927520752,1820.25,7.840396404266357,101.93000030517578,22.052793502807617,34.21200942993164,7.626815319061279,2268.89990234375,18510.0,2.375999927520752
2017-01-10,1842.75,10.100000381469727,102.01000213623047,31.059999465942383,48.79999923706055,10.0,2268.89990234375,18783.0,2.378999948501587,1842.75,7.801773548126221,102.01000213623047,22.954416275024414,35.296966552734375,7.588871002197266,2268.89990234375,18783.0,2.378999948501587
2017-01-11,1858.75,9.699999809265137,101.77999877929688,30.920000076293945,48.25,9.520000457763672,2275.320068359375,18468.0,2.369999885559082,1858.75,7.492791652679443,101.77999877929688,22.850954055786133,34.899147033691406,7.224606037139893,2275.320068359375,18468.0,2.369999885559082
2017-01-12,1886.5,9.880000114440918,101.3499984741211,31.1200008392334,49.150001525878906,9.710000038146973,2270.43994140625,18591.0,2.3610000610351562,1886.5,7.631835460662842,101.3499984741211,22.998760223388672,35.55012130737305,7.368794918060303,2270.43994140625,18591.0,2.3610000610351562
2017-01-13,1902.5,9.970000267028809,101.18000030517578,31.549999237060547,49.599998474121094,9.880000114440918,2274.639892578125,18885.0,2.380000114440918,1902.5,7.701355934143066,101.18000030517578,23.316545486450195,35.8755989074707,7.497805595397949,2274.639892578125,18885.0,2.380000114440918
2017-01-16,,10.050000190734863,,,50.04999923706055,9.989999771118164,,18998.0,,,7.763151168823242,,,36.20108413696289,7.581282615661621,,18998.0,
2017-01-17,1910.5,9.9399995803833,100.33000183105469,31.780000686645508,50.099998474121094,9.970000267028809,2267.889892578125,18876.0,2.3269999027252197,1910.5,7.678180694580078,100.33000183105469,23.48652458190918,36.237239837646484,7.566105365753174,2267.889892578125,18876.0,2.3269999027252197
2017-01-18,1957.75,9.899999618530273,100.93000030517578,31.90999984741211,50.599998474121094,9.970000267028809,2271.889892578125,18870.0,2.3889999389648438,1957.75,7.647280693054199,100.93000030517578,23.582599639892578,36.598899841308594,7.566105365753174,2271.889892578125,18870.0,2.3889999389648438
2017-01-19,1952.25,9.819999694824219,101.1500015258789,31.90999984741211,50.29999923706055,9.979999542236328,2263.68994140625,18634.0,2.4590001106262207,1952.25,7.585485458374023,101.1500015258789,23.582599639892578,36.38190841674805,7.573693752288818,2263.68994140625,18634.0,2.4590001106262207
2017-01-20,1964.0,10.0,100.73999786376953,32.63999938964844,51.599998474121094,10.699999809265137,2271.31005859375,19040.0,2.4670000076293945,1964.0,7.724528789520264,100.73999786376953,24.122093200683594,37.32219314575195,8.120092391967773,2271.31005859375,19040.0,2.4670000076293945
2017-01-23,1964.5,10.699999809265137,100.16000366210938,33.93000030517578,52.79999923706055,11.350000381469727,2265.199951171875,19471.0,2.4030001163482666,1964.5,8.26524543762207,100.16000366210938,25.075448989868164,38.19015121459961,8.613369941711426,2265.199951171875,19471.0,2.4030001163482666
2017-01-24,1980.75,10.350000381469727,100.3499984741211,33.20000076293945,52.75,10.949999809265137,2280.070068359375,19367.0,2.4709999561309814,1980.75,7.9948859214782715,100.3499984741211,24.535953521728516,38.15398406982422,8.309813499450684,2280.070068359375,19367.0,2.4709999561309814
2017-01-25,1948.0,10.699999809265137,100.02999877929688,32.75,51.79999923706055,10.949999809265137,2298.3701171875,19407.0,2.5230000019073486,1948.0,8.26524543762207,100.02999877929688,24.20339012145996,37.46685028076172,8.309813499450684,2298.3701171875,19407.0,2.5230000019073486
2017-01-26,1929.25,10.350000381469727,100.37999725341797,31.899999618530273,50.29999923706055,10.550000190734863,2296.679931640625,19180.0,2.507999897003174,1929.25,7.9948859214782715,100.37999725341797,23.57520866394043,36.38190841674805,8.006258964538574,2296.679931640625,19180.0,2.507999897003174
2017-01-27,1923.25,10.600000381469727,100.52999877929688,31.34000015258789,49.599998474121094,10.75,2294.68994140625,19216.0,2.4809999465942383,1923.25,8.187999725341797,100.52999877929688,23.16135025024414,35.8755989074707,8.158037185668945,2294.68994140625,19216.0,2.4809999465942383
2017-01-30,1912.0,10.300000190734863,100.43000030517578,30.84000015258789,49.20000076293945,10.399999618530273,2280.89990234375,18778.0,2.4830000400543213,1912.0,7.956264972686768,100.43000030517578,22.791833877563477,35.586273193359375,7.89242696762085,2280.89990234375,18778.0,2.4830000400543213
2017-01-31,1925.0,10.25,99.51000213623047,31.06999969482422,49.45000076293945,10.449999809265137,2278.8701171875,19063.0,2.4509999752044678,1925.0,7.9176411628723145,99.51000213623047,22.961809158325195,35.76710510253906,7.930371284484863,2278.8701171875,19063.0,2.4509999752044678
2017-02-01,1920.75,10.199999809265137,99.63999938964844,31.350000381469727,49.75,10.649999618530273,2279.550048828125,19201.0,2.4739999771118164,1920.75,7.879017353057861,99.63999938964844,23.168739318847656,35.98409652709961,8.082148551940918,2279.550048828125,19201.0,2.4739999771118164
2017-02-02,1930.25,10.350000381469727,99.8499984741211,32.02000045776367,50.0,10.550000190734863,2280.85009765625,19375.0,2.4700000286102295,1930.25,7.9948859214782715,99.8499984741211,23.663888931274414,36.1649169921875,8.006258964538574,2280.85009765625,19375.0,2.4700000286102295
2017-02-03,1935.0,10.25,99.87000274658203,32.36000061035156,50.54999923706055,10.399999618530273,2297.419921875,19201.0,2.490999937057495,1935.0,7.9176411628723145,99.87000274658203,23.91516876220703,36.56272506713867,7.89242696762085,2297.419921875,19201.0,2.490999937057495
2017-02-06,1949.0,10.25,99.91000366210938,32.52000045776367,51.0,10.449999809265137,2292.56005859375,19249.0,2.4130001068115234,1949.0,7.9176411628723145,99.91000366210938,24.03340721130371,36.88821792602539,7.930371284484863,2292.56005859375,19249.0,2.4130001068115234
2017-02-07,1940.0,10.149999618530273,100.26000213623047,33.220001220703125,51.70000076293945,10.449999809265137,2293.080078125,19194.0,2.3889999389648438,1940.0,7.840396404266357,100.26000213623047,24.550731658935547,37.3945198059082,7.930371284484863,2293.080078125,19194.0,2.3889999389648438
2017-02-08,1957.0,10.300000190734863,100.27999877929688,34.41999816894531,53.45000076293945,10.149999618530273,2294.669921875,19148.0,2.3510000705718994,1957.0,7.956264972686768,100.27999877929688,25.43757438659668,38.660301208496094,7.702704429626465,2294.669921875,19148.0,2.3510000705718994
2017-02-09,1956.75,10.5,100.6500015258789,35.29999923706055,54.900001525878906,10.25,2307.8701171875,19302.0,2.3949999809265137,1956.75,8.110753059387207,100.6500015258789,26.08792495727539,39.709075927734375,7.778594493865967,2307.8701171875,19302.0,2.3949999809265137
2017-02-10,1975.75,10.449999809265137,100.80000305175781,35.66999816894531,54.95000076293945,10.199999809265137,2316.10009765625,19503.0,2.4089999198913574,1975.75,8.072132110595703,100.80000305175781,26.36136245727539,39.745235443115234,7.740647792816162,2316.10009765625,19503.0,2.4089999198913574
2017-02-13,1973.0,10.449999809265137,100.95999908447266,34.4900016784668,53.849998474121094,10.600000381469727,2328.25,19508.0,2.434000015258789,1973.0,8.072132110595703,100.95999908447266,25.48931312561035,38.949615478515625,8.044204711914062,2328.25,19508.0,2.434000015258789
2017-02-14,1995.25,10.350000381469727,101.25,34.70000076293945,53.5,10.550000190734863,2337.580078125,19606.0,2.4700000286102295,1995.25,7.9948859214782715,101.25,25.64450454711914,38.69646453857422,8.006258964538574,2337.580078125,19606.0,2.4700000286102295
2017-02-15,2017.25,10.5,101.18000030517578,35.130001068115234,54.400001525878906,10.800000190734863,2349.25,19657.0,2.502000093460083,2017.25,8.110753059387207,101.18000030517578,25.9622859954834,39.347434997558594,8.1959810256958,2349.25,19657.0,2.502000093460083
2017-02-16,2001.25,10.5,100.44000244140625,34.25,53.099998474121094,10.75,2347.219970703125,19563.0,2.450000047683716,2001.25,8.110753059387207,100.44000244140625,25.311941146850586,38.40714645385742,8.158037185668945,2347.219970703125,19563.0,2.450000047683716
2017-02-17,1985.75,10.600000381469727,100.94999694824219,34.619998931884766,54.20000076293945,10.75,2351.159912109375,19681.0,2.424999952316284,1985.75,8.187999725341797,100.94999694824219,25.58537483215332,39.2027587890625,8.158037185668945,2351.159912109375,19681.0,2.424999952316284
2017-02-20,,10.699999809265137,,,54.400001525878906,11.199999809265137,,20038.0,,,8.26524543762207,,,39.347434997558594,8.499537467956543,,20038.0,
2017-02-21,1990.25,10.449999809265137,101.37000274658203,34.68000030517578,54.20000076293945,11.100000381469727,2365.3798828125,20073.0,2.427000045776367,1990.25,8.072132110595703,101.37000274658203,25.62972068786621,39.2027587890625,8.4236478805542,2365.3798828125,20073.0,2.427000045776367
2017-02-22,1989.0,10.399999618530273,101.33000183105469,34.81999969482422,54.150001525878906,11.050000190734863,2362.820068359375,19915.0,2.4179999828338623,1989.0,8.033510208129883,101.33000183105469,25.733192443847656,39.16660690307617,8.385702133178711,2362.820068359375,19915.0,2.4179999828338623
2017-02-23,1965.0,10.300000190734863,101.05000305175781,33.599998474121094,52.099998474121094,10.899999618530273,2363.81005859375,19538.0,2.388000011444092,1965.0,7.956264972686768,101.05000305175781,24.83156394958496,37.683834075927734,8.271869659423828,2363.81005859375,19538.0,2.388000011444092
2017-02-24,1984.75,10.100000381469727,101.08999633789062,32.56999969482422,50.70000076293945,10.600000381469727,2367.340087890625,19118.0,2.316999912261963,1984.75,7.801773548126221,101.08999633789062,24.070358276367188,36.67121505737305,8.044204711914062,2367.340087890625,19118.0,2.316999912261963
2017-02-27,1994.25,,101.12999725341797,32.29999923706055,,,2369.75,,2.36899995803833,1994.25,,101.12999725341797,23.870819091796875,,,2369.75,,2.36899995803833
2017-02-28,2018.25,,101.12000274658203,31.799999237060547,,,2363.639892578125,,2.3580000400543213,2018.25,,101.12000274658203,23.50130271911621,,,2363.639892578125,,2.3580000400543213
2017-03-01,2044.75,10.300000190734863,101.77999877929688,32.90999984741211,51.20000076293945,10.800000190734863,2395.9599609375,19359.0,2.4630000591278076,2044.75,7.956264972686768,101.77999877929688,24.321630477905273,37.03288269042969,8.1959810256958,2395.9599609375,19359.0,2.4630000591278076
2017-03-02,1998.75,10.100000381469727,102.19999694824219,32.56999969482422,50.0,10.550000190734863,2381.919921875,18967.0,2.489000082015991,1998.75,7.801773548126221,102.19999694824219,24.070358276367188,36.1649169921875,8.006258964538574,2381.919921875,18967.0,2.489000082015991
2017-03-03,1936.0,10.199999809265137,101.54000091552734,33.619998931884766,52.29999923706055,10.75,2383.1201171875,19266.0,2.492000102996826,1936.0,7.879017353057861,101.54000091552734,24.846343994140625,37.82849884033203,8.158037185668945,2383.1201171875,19266.0,2.492000102996826
2017-03-06,1958.0,10.25,101.63999938964844,33.20000076293945,51.04999923706055,10.600000381469727,2375.31005859375,19197.0,2.49399995803833,1958.0,7.9176411628723145,101.63999938964844,24.535953521728516,36.92436981201172,8.044204711914062,2375.31005859375,19197.0,2.49399995803833
2017-03-07,1950.5,10.050000190734863,101.80999755859375,33.0,51.20000076293945,10.5,2368.389892578125,19248.0,2.510999917984009,1950.5,7.763151168823242,101.80999755859375,24.38814353942871,37.03288269042969,7.968314170837402,2368.389892578125,19248.0,2.510999917984009
2017-03-08,1958.0,10.149999618530273,102.06999969482422,33.02000045776367,51.54999923706055,10.600000381469727,2362.97998046875,19233.0,2.552000045776367,1958.0,7.840396404266357,102.06999969482422,24.402925491333008,37.28602981567383,8.044204711914062,2362.97998046875,19233.0,2.552000045776367
2017-03-09,1950.0,9.890000343322754,101.8499984741211,33.15999984741211,51.04999923706055,10.449999809265137,2364.8701171875,18786.0,2.5980000495910645,1950.0,7.639559745788574,101.8499984741211,24.506393432617188,36.92436981201172,7.930371284484863,2364.8701171875,18786.0,2.5980000495910645
2017-03-10,1957.0,9.800000190734863,101.25,33.849998474121094,52.099998474121094,10.399999618530273,2372.60009765625,18896.0,2.5820000171661377,1957.0,7.570037364959717,101.25,25.016328811645508,37.683834075927734,7.89242696762085,2372.60009765625,18896.0,2.5820000171661377
2017-03-13,1967.25,9.930000305175781,101.37999725341797,34.79999923706055,54.0,10.350000381469727,2373.469970703125,19188.0,2.6080000400543213,1967.25,7.670456409454346,101.37999725341797,25.718406677246094,39.058109283447266,7.854482173919678,2373.469970703125,19188.0,2.6080000400543213
2017-03-14,1953.0,10.0,101.69999694824219,34.79999923706055,53.650001525878906,10.449999809265137,2365.449951171875,19062.0,2.5950000286102295,1953.0,7.724528789520264,101.69999694824219,25.718406677246094,38.80494689941406,7.930371284484863,2365.449951171875,19062.0,2.5950000286102295
2017-03-15,1953.0,10.149999618530273,100.73999786376953,35.130001068115234,54.5,10.5,2385.260009765625,19368.0,2.507999897003174,1953.0,7.840396404266357,100.73999786376953,25.9622859954834,39.41975402832031,7.968314170837402,2385.260009765625,19368.0,2.507999897003174
2017-03-16,1942.75,10.300000190734863,100.2699966430664,35.58000183105469,55.099998474121094,10.699999809265137,2381.3798828125,19601.0,2.5220000743865967,1942.75,7.956264972686768,100.2699966430664,26.29486083984375,39.853736877441406,8.120092391967773,2381.3798828125,19601.0,2.5220000743865967
2017-03-17,1992.5,10.699999809265137,100.30000305175781,35.20000076293945,54.400001525878906,10.649999618530273,2378.25,19434.0,2.500999927520752,1992.5,8.26524543762207,100.30000305175781,26.014015197753906,39.347434997558594,8.082148551940918,2378.25,19434.0,2.500999927520752
2017-03-20,2002.5,10.449999809265137,100.41000366210938,36.0099983215332,56.25,10.699999809265137,2373.469970703125,19794.0,2.4730000495910645,2002.5,8.072132110595703,100.41000366210938,26.61263656616211,40.685523986816406,8.120092391967773,2373.469970703125,19794.0,2.4730000495910645
2017-03-21,2009.75,10.699999809265137,99.80999755859375,36.099998474121094,56.099998474121094,10.699999809265137,2344.02001953125,19535.0,2.436000108718872,2009.75,8.26524543762207,99.80999755859375,26.679149627685547,40.577030181884766,8.120092391967773,2344.02001953125,19535.0,2.436000108718872
2017-03-22,1999.5,10.699999809265137,99.68000030517578,36.72999954223633,57.349998474121094,10.699999809265137,2348.449951171875,19667.0,2.3959999084472656,1999.5,8.26524543762207,99.68000030517578,27.144746780395508,41.48116683959961,8.120092391967773,2348.449951171875,19667.0,2.3959999084472656
2017-03-23,1999.5,10.699999809265137,99.76000213623047,37.75,58.45000076293945,10.649999618530273,2345.9599609375,19705.0,2.4179999828338623,1999.5,8.26524543762207,99.76000213623047,27.898557662963867,42.27678680419922,8.082148551940918,2345.9599609375,19705.0,2.4179999828338623
2017-03-24,2014.25,,99.62999725341797,39.0099983215332,,,2343.97998046875,,2.4000000953674316,2014.25,,99.62999725341797,28.829734802246094,,,2343.97998046875,,2.4000000953674316
2017-03-27,2003.5,10.600000381469727,99.16999816894531,38.619998931884766,59.650001525878906,10.550000190734863,2341.590087890625,19802.0,2.372999906539917,2003.5,8.187999725341797,99.16999816894531,28.541526794433594,43.14474105834961,8.006258964538574,2341.590087890625,19802.0,2.372999906539917
2017-03-28,2019.0,10.600000381469727,99.70999908447266,38.369998931884766,59.5,10.449999809265137,2358.570068359375,20022.0,2.4089999198913574,2019.0,8.187999725341797,99.70999908447266,28.35675621032715,43.036251068115234,7.930371284484863,2358.570068359375,20022.0,2.4089999198913574
2017-03-29,2028.0,10.550000190734863,100.0,38.439998626708984,59.20000076293945,10.600000381469727,2361.1298828125,20203.0,2.385999917984009,2028.0,8.149374961853027,100.0,28.408491134643555,42.81925964355469,8.044204711914062,2361.1298828125,20203.0,2.385999917984009
2017-03-30,2041.0,10.300000190734863,100.41000366210938,38.470001220703125,59.400001525878906,10.399999618530273,2368.06005859375,20248.0,2.4159998893737793,2041.0,7.956264972686768,100.41000366210938,28.430662155151367,42.96391677856445,7.89242696762085,2368.06005859375,20248.0,2.4159998893737793
2017-03-31,2032.0,10.649999618530273,100.3499984741211,37.86000061035156,58.900001525878906,10.699999809265137,2362.719970703125,20265.0,2.3959999084472656,2032.0,8.226621627807617,100.3499984741211,27.97985076904297,42.602272033691406,8.120092391967773,2362.719970703125,20265.0,2.3959999084472656
2017-04-03,2023.5,10.600000381469727,100.54000091552734,39.29999923706055,60.599998474121094,10.75,2358.840087890625,20562.0,2.3499999046325684,2023.5,8.187999725341797,100.54000091552734,29.0440673828125,43.83187484741211,8.158037185668945,2358.840087890625,20562.0,2.3499999046325684
2017-04-04,2013.5,10.850000381469727,100.54000091552734,39.79999923706055,61.29999923706055,10.899999618530273,2360.159912109375,20835.0,2.3499999046325684,2013.5,8.381113052368164,100.54000091552734,29.41358184814453,44.33818435668945,8.271869659423828,2360.159912109375,20835.0,2.3499999046325684
2017-04-05,2013.5,10.949999809265137,100.55999755859375,39.810001373291016,61.5,11.0,2352.949951171875,20683.0,2.3570001125335693,2013.5,8.458357810974121,100.55999755859375,29.42096519470215,44.48283767700195,8.347759246826172,2352.949951171875,20683.0,2.3570001125335693
2017-04-06,2029.0,11.199999809265137,100.66999816894531,39.810001373291016,61.099998474121094,11.149999618530273,2357.489990234375,20813.0,2.3429999351501465,2029.0,8.651472091674805,100.66999816894531,29.42096519470215,44.193519592285156,8.461590766906738,2357.489990234375,20813.0,2.3429999351501465
2017-04-07,2042.25,11.149999618530273,101.18000030517578,39.529998779296875,60.75,11.100000381469727,2355.5400390625,20728.0,2.372999906539917,2042.25,8.612848281860352,101.18000030517578,29.21404457092285,43.94036865234375,8.4236478805542,2355.5400390625,20728.0,2.372999906539917
2017-04-10,1997.5,11.350000381469727,101.0199966430664,39.150001525878906,59.5,11.25,2357.159912109375,20926.0,2.3610000610351562,1997.5,8.767338752746582,101.0199966430664,28.933208465576172,43.036251068115234,8.537481307983398,2357.159912109375,20926.0,2.3610000610351562
2017-04-11,1994.75,11.649999618530273,100.70999908447266,39.150001525878906,59.650001525878906,11.5,2353.780029296875,20995.0,2.2980000972747803,1994.75,8.99907398223877,100.70999908447266,28.933208465576172,43.14474105834961,8.727202415466309,2353.780029296875,20995.0,2.2980000972747803
2017-04-12,1973.75,11.649999618530273,100.77999877929688,38.970001220703125,59.20000076293945,11.449999809265137,2344.929931640625,20812.0,2.2960000038146973,1973.75,8.99907398223877,100.77999877929688,28.800186157226562,42.81925964355469,8.68925666809082,2344.929931640625,20812.0,2.2960000038146973
2017-04-13,1983.75,,100.55999755859375,38.779998779296875,,,2328.949951171875,,2.2320001125335693,1983.75,,100.55999755859375,28.659757614135742,,,2328.949951171875,,2.2320001125335693
2017-04-17,1983.75,11.600000381469727,100.30000305175781,39.349998474121094,59.54999923706055,11.100000381469727,2349.010009765625,20748.0,2.252000093460083,1983.75,8.96045207977295,100.30000305175781,29.08102035522461,43.072410583496094,8.623993873596191,2349.010009765625,20748.0,2.252000093460083
2017-04-18,1968.75,11.449999809265137,99.5,39.220001220703125,59.400001525878906,10.949999809265137,2342.18994140625,20670.0,2.178999900817871,1968.75,8.844584465026855,99.5,28.984941482543945,42.96391677856445,8.507452964782715,2342.18994140625,20670.0,2.178999900817871
2017-04-19,1981.0,11.100000381469727,99.73999786376953,39.060001373291016,60.099998474121094,10.699999809265137,2338.169921875,20513.0,2.2019999027252197,1981.0,8.574226379394531,99.73999786376953,28.866703033447266,43.47024154663086,8.313220024108887,2338.169921875,20513.0,2.2019999027252197
2017-04-20,2018.5,11.300000190734863,99.77999877929688,39.02000045776367,60.20000076293945,10.75,2355.840087890625,20669.0,2.240999937057495,2018.5,8.728715896606445,99.77999877929688,28.837129592895508,43.542564392089844,8.352066040039062,2355.840087890625,20669.0,2.240999937057495
2017-04-21,2012.25,11.350000381469727,99.9800033569336,39.130001068115234,60.650001525878906,10.699999809265137,2348.68994140625,20769.0,2.236999988555908,2012.25,8.767338752746582,99.9800033569336,28.918426513671875,43.8680419921875,8.313220024108887,2348.68994140625,20769.0,2.236999988555908
2017-04-24,2022.0,11.449999809265137,99.08999633789062,39.779998779296875,61.79999923706055,10.850000381469727,2374.14990234375,21170.0,2.2730000019073486,2022.0,8.844584465026855,99.08999633789062,29.39879608154297,44.69983673095703,8.429759979248047,2374.14990234375,21170.0,2.2730000019073486
2017-04-25,2037.5,11.449999809265137,98.81999969482422,39.459999084472656,60.95000076293945,11.0,2388.610107421875,21199.0,2.3269999027252197,2037.5,8.844584465026855,98.81999969482422,29.162309646606445,44.08503723144531,8.546300888061523,2388.610107421875,21199.0,2.3269999027252197
2017-04-26,2047.75,11.550000190734863,98.95999908447266,39.08000183105469,60.400001525878906,11.199999809265137,2387.449951171875,21028.0,2.311000108718872,2047.75,8.921829223632812,98.95999908447266,28.88148307800293,43.687217712402344,8.701688766479492,2387.449951171875,21028.0,2.311000108718872
2017-04-27,2011.75,11.5,99.08000183105469,39.65999984741211,61.400001525878906,11.449999809265137,2388.77001953125,20890.0,2.2960000038146973,2011.75,8.883207321166992,99.08000183105469,29.310117721557617,44.4105224609375,8.895920753479004,2388.77001953125,20890.0,2.2960000038146973
2017-04-28,2014.5,11.5,99.05000305175781,39.06999969482422,60.70000076293945,11.649999618530273,2384.199951171875,21020.0,2.2820000648498535,2014.5,8.883207321166992,99.05000305175781,28.874095916748047,43.90420150756836,9.051309585571289,2384.199951171875,21020.0,2.2820000648498535
2017-05-01,2014.5,,99.13999938964844,39.900001525878906,,,2388.330078125,,2.325000047683716,2014.5,,99.13999938964844,29.48748207092285,,,2388.330078125,,2.325000047683716
2017-05-02,2036.25,11.600000381469727,98.9800033569336,40.290000915527344,61.599998474121094,11.800000190734863,2391.169921875,21158.0,2.2960000038146973,2036.25,8.96045207977295,98.9800033569336,29.775699615478516,44.55518341064453,9.16784954071045,2391.169921875,21158.0,2.2960000038146973
2017-05-03,2032.25,11.449999809265137,99.20999908447266,41.439998626708984,63.599998474121094,11.899999618530273,2388.1298828125,21212.0,2.309000015258789,2032.25,8.844584465026855,99.20999908447266,30.625598907470703,46.001773834228516,9.245543479919434,2388.1298828125,21212.0,2.309000015258789
2017-05-04,2018.75,11.449999809265137,98.76000213623047,41.439998626708984,63.0,11.800000190734863,2389.52001953125,20986.0,2.3559999465942383,2018.75,8.844584465026855,98.76000213623047,30.625598907470703,45.6999626159668,9.16784954071045,2389.52001953125,20986.0,2.3559999465942383
2017-05-05,2010.25,11.300000190734863,98.6500015258789,41.630001068115234,63.70000076293945,11.75,2399.2900390625,21170.0,2.3519999980926514,2010.25,8.728715896606445,98.6500015258789,30.766016006469727,46.20773696899414,9.129003524780273,2399.2900390625,21170.0,2.3519999980926514
2017-05-08,1963.75,11.149999618530273,99.1500015258789,41.869998931884766,65.0,11.600000381469727,2399.3798828125,21077.0,2.375999927520752,1963.75,8.612848281860352,99.1500015258789,30.943384170532227,47.1507453918457,9.01246166229248,2399.3798828125,21077.0,2.375999927520752
2017-05-09,1956.75,11.100000381469727,99.58999633789062,41.83000183105469,65.0,11.600000381469727,2396.919921875,21140.0,2.4070000648498535,1956.75,8.574226379394531,99.58999633789062,30.913835525512695,47.1507453918457,9.01246166229248,2396.919921875,21140.0,2.4070000648498535
2017-05-10,1954.0,11.300000190734863,99.66999816894531,42.04999923706055,65.9000015258789,11.600000381469727,2399.6298828125,21510.0,2.4140000343322754,1954.0,8.728715896606445,99.66999816894531,31.165075302124023,47.80360794067383,9.01246166229248,2399.6298828125,21510.0,2.4140000343322754
2017-05-11,1962.25,11.149999618530273,99.62000274658203,42.59000015258789,65.69999694824219,11.5,2394.43994140625,21427.0,2.4000000953674316,1962.25,8.612848281860352,99.62000274658203,31.565288543701172,47.65852355957031,8.934768676757812,2394.43994140625,21427.0,2.4000000953674316
2017-05-12,1983.0,10.800000190734863,99.25,42.040000915527344,64.80000305175781,11.399999618530273,2390.89990234375,21502.0,2.3350000381469727,1983.0,8.342490196228027,99.25,31.157655715942383,47.00566864013672,8.857074737548828,2390.89990234375,21502.0,2.3350000381469727
2017-05-15,1992.75,10.800000190734863,98.91000366210938,43.060001373291016,66.19999694824219,11.449999809265137,2402.320068359375,21657.0,2.3380000591278076,1992.75,8.342490196228027,98.91000366210938,31.91362190246582,48.021217346191406,8.895920753479004,2402.320068359375,21657.0,2.3380000591278076
2017-05-16,2009.0,10.649999618530273,98.11000061035156,43.65999984741211,68.19999694824219,11.5,2400.669921875,21834.0,2.3289999961853027,2009.0,8.226621627807617,98.11000061035156,32.35831069946289,49.472015380859375,8.934768676757812,2400.669921875,21834.0,2.3289999961853027
2017-05-17,2012.5,10.649999618530273,97.41999816894531,43.369998931884766,67.75,11.449999809265137,2357.030029296875,21674.0,2.2160000801086426,2012.5,8.226621627807617,97.41999816894531,32.143375396728516,49.14558792114258,8.895920753479004,2357.030029296875,21674.0,2.2160000801086426
2017-05-18,2008.25,10.25,97.87999725341797,41.689998626708984,66.80000305175781,11.050000190734863,2365.719970703125,21034.0,2.2330000400543213,2008.25,7.9176411628723145,97.87999725341797,30.898258209228516,48.45647048950195,8.5851469039917,2365.719970703125,21034.0,2.2330000400543213
2017-05-19,2028.5,10.350000381469727,97.1500015258789,42.81999969482422,68.4000015258789,11.350000381469727,2381.72998046875,21615.0,2.244999885559082,2028.5,7.9948859214782715,97.1500015258789,31.735750198364258,49.61710739135742,8.818228721618652,2381.72998046875,21615.0,2.244999885559082
2017-05-22,2022.5,10.550000190734863,96.9800033569336,42.22999954223633,68.6500015258789,11.399999618530273,2394.02001953125,21501.0,2.253999948501587,2022.5,8.149374961853027,96.9800033569336,31.298479080200195,49.7984504699707,8.857074737548828,2394.02001953125,21501.0,2.253999948501587
2017-05-23,2022.0,10.600000381469727,97.3499984741211,42.20000076293945,68.19999694824219,11.600000381469727,2398.419921875,21521.0,2.2850000858306885,2022.0,8.187999725341797,97.3499984741211,31.276229858398438,49.472015380859375,9.01246166229248,2398.419921875,21521.0,2.2850000858306885
2017-05-24,2018.25,10.649999618530273,97.23999786376953,42.599998474121094,68.3499984741211,11.449999809265137,2404.389892578125,21685.0,2.2660000324249268,2018.25,8.226621627807617,97.23999786376953,31.572694778442383,49.5808219909668,8.895920753479004,2404.389892578125,21685.0,2.2660000324249268
2017-05-25,2031.75,,97.25,44.150001525878906,,,2415.070068359375,,2.255000114440918,2031.75,,97.25,32.721473693847656,,,2415.070068359375,,2.255000114440918
2017-05-26,2028.0,10.899999618530273,97.4000015258789,44.5,71.5999984741211,11.399999618530273,2415.820068359375,22142.0,2.25,2028.0,8.419734001159668,97.4000015258789,32.98086929321289,51.93836212158203,8.857074737548828,2415.820068359375,22142.0,2.25
2017-05-29,,11.149999618530273,,,71.75,11.550000190734863,,22347.0,,,8.612848281860352,,,52.047183990478516,8.973615646362305,,22347.0,
2017-05-30,2002.5,11.399999618530273,97.27999877929688,44.31999969482422,71.9000015258789,11.850000381469727,2412.909912109375,22311.0,2.2170000076293945,2002.5,8.805962562561035,97.27999877929688,32.84746551513672,52.15598678588867,9.206697463989258,2412.909912109375,22311.0,2.2170000076293945
2017-05-31,2017.25,11.600000381469727,96.91999816894531,44.560001373291016,71.94999694824219,11.600000381469727,2411.800048828125,22349.0,2.196000099182129,2017.25,8.96045207977295,96.91999816894531,33.02534103393555,52.1922492980957,9.01246166229248,2411.800048828125,22349.0,2.196000099182129
2017-06-01,2016.75,11.550000190734863,97.19999694824219,45.56999969482422,73.4000015258789,11.449999809265137,2430.06005859375,22519.0,2.2170000076293945,2016.75,8.921829223632812,97.19999694824219,33.773887634277344,53.24409103393555,8.895920753479004,2430.06005859375,22519.0,2.2170000076293945
2017-06-02,2005.75,11.5,96.72000122070312,46.20000076293945,74.19999694824219,11.399999618530273,2439.070068359375,22519.0,2.1589999198913574,2005.75,8.883207321166992,96.72000122070312,34.240806579589844,53.82438659667969,8.857074737548828,2439.070068359375,22519.0,2.1589999198913574
2017-06-05,1978.25,11.350000381469727,96.80000305175781,46.66999816894531,74.94999694824219,11.199999809265137,2436.10009765625,22444.0,2.181999921798706,1978.25,8.767338752746582,96.80000305175781,34.58915328979492,54.36845397949219,8.701688766479492,2436.10009765625,22444.0,2.181999921798706
2017-06-06,1963.75,11.5,96.63999938964844,45.91999816894531,73.6500015258789,11.600000381469727,2429.330078125,22356.0,2.1470000743865967,1963.75,8.883207321166992,96.63999938964844,34.03329086303711,53.425437927246094,9.01246166229248,2429.330078125,22356.0,2.1470000743865967
2017-06-07,1970.75,11.600000381469727,96.75,45.70000076293945,72.94999694824219,11.550000190734863,2433.139892578125,22219.0,2.177999973297119,1970.75,8.96045207977295,96.75,33.870235443115234,52.917625427246094,8.973615646362305,2433.139892578125,22219.0,2.177999973297119
2017-06-08,1966.75,11.350000381469727,96.91999816894531,44.029998779296875,70.5,11.300000190734863,2433.7900390625,21929.0,2.194000005722046,1966.75,8.767338752746582,96.91999816894531,32.632537841796875,51.140438079833984,8.779380798339844,2433.7900390625,21929.0,2.194000005722046
2017-06-09,1970.75,11.199999809265137,97.2699966430664,43.16999816894531,68.1500015258789,11.100000381469727,2431.77001953125,21614.0,2.1989998817443848,1970.75,8.651472091674805,97.2699966430664,31.99515724182129,49.43574905395508,8.623993873596191,2431.77001953125,21614.0,2.1989998817443848
2017-06-12,1953.25,11.0,97.13999938964844,42.369998931884766,67.0,10.75,2429.389892578125,21145.0,2.2130000591278076,1953.25,8.496980667114258,97.13999938964844,31.402225494384766,48.60154724121094,8.352066040039062,2429.389892578125,21145.0,2.2130000591278076
2017-06-13,1954.25,11.100000381469727,96.9800033569336,42.18000030517578,67.0999984741211,10.949999809265137,2440.35009765625,21395.0,2.2070000171661377,1954.25,8.574226379394531,96.9800033569336,31.26141929626465,48.6740837097168,8.507452964782715,2440.35009765625,21395.0,2.2070000171661377
2017-06-14,1954.25,11.0,96.94000244140625,41.79999923706055,66.5999984741211,10.850000381469727,2437.919921875,21178.0,2.138000011444092,1954.25,8.496980667114258,96.94000244140625,30.97978973388672,48.31138229370117,8.429759979248047,2437.919921875,21178.0,2.138000011444092
2017-06-15,1951.75,10.699999809265137,97.43000030517578,41.7599983215332,67.05000305175781,10.75,2432.4599609375,21009.0,2.1619999408721924,1951.75,8.26524543762207,97.43000030517578,30.950143814086914,48.637821197509766,8.352066040039062,2432.4599609375,21009.0,2.1619999408721924
2017-06-16,1943.25,10.75,97.16000366210938,42.099998474121094,68.0999984741211,11.0,2433.14990234375,21291.0,2.1570000648498535,1943.25,8.303866386413574,97.16000366210938,31.202125549316406,49.399471282958984,8.546300888061523,2433.14990234375,21291.0,2.1570000648498535
2017-06-19,1955.75,10.800000190734863,97.52999877929688,43.29999923706055,70.19999694824219,11.25,2453.4599609375,21657.0,2.190000057220459,1955.75,8.342490196228027,97.52999877929688,32.09149932861328,50.92280960083008,8.740535736083984,2453.4599609375,21657.0,2.190000057220459
2017-06-20,1956.75,,97.75,42.599998474121094,,,2437.030029296875,,2.1530001163482666,1956.75,,97.75,31.572694778442383,,,2437.030029296875,,2.1530001163482666
2017-06-21,1937.0,10.399999618530273,97.55999755859375,40.27000045776367,65.6500015258789,10.75,2435.610107421875,20614.0,2.1549999713897705,1937.0,8.033510208129883,97.55999755859375,29.845836639404297,47.622257232666016,8.352066040039062,2435.610107421875,20614.0,2.1549999713897705
2017-06-22,1937.0,10.75,97.54000091552734,41.43000030517578,66.80000305175781,10.600000381469727,2434.5,20997.0,2.1530001163482666,1937.0,8.303866386413574,97.54000091552734,30.70555877685547,48.45647048950195,8.235526084899902,2434.5,20997.0,2.1530001163482666
2017-06-23,1934.0,10.75,97.30000305175781,40.90999984741211,66.0,10.600000381469727,2438.300048828125,21066.0,2.1440000534057617,1934.0,8.303866386413574,97.30000305175781,30.32016944885254,47.87614822387695,8.235526084899902,2438.300048828125,21066.0,2.1440000534057617
2017-06-26,1928.25,10.649999618530273,97.43000030517578,41.09000015258789,66.94999694824219,10.800000190734863,2439.070068359375,21297.0,2.13700008392334,1928.25,8.226621627807617,97.43000030517578,30.453569412231445,48.565269470214844,8.390913963317871,2439.070068359375,21297.0,2.13700008392334
2017-06-27,1951.75,10.699999809265137,96.47000122070312,41.06999969482422,67.1500015258789,10.75,2419.3798828125,21227.0,2.197999954223633,1951.75,8.26524543762207,96.47000122070312,30.43874740600586,48.710350036621094,8.352066040039062,2419.3798828125,21227.0,2.197999954223633
2017-06-28,1963.5,10.649999618530273,96.05000305175781,41.970001220703125,69.30000305175781,10.449999809265137,2440.68994140625,21394.0,2.2209999561309814,1963.5,8.226621627807617,96.05000305175781,31.105770111083984,50.26995086669922,8.118986129760742,2440.68994140625,21394.0,2.2209999561309814
2017-06-29,1982.25,10.600000381469727,95.62999725341797,41.959999084472656,69.30000305175781,10.5,2419.699951171875,21461.0,2.2669999599456787,1982.25,8.187999725341797,95.62999725341797,31.09835433959961,50.26995086669922,8.157831192016602,2419.699951171875,21461.0,2.2669999599456787
2017-06-30,1984.5,10.699999809265137,95.66000366210938,42.63999938964844,70.94999694824219,10.600000381469727,2423.409912109375,21913.0,2.302000045776367,1984.5,8.26524543762207,95.66000366210938,31.602344512939453,51.46684646606445,8.235526084899902,2423.409912109375,21913.0,2.302000045776367
2017-07-03,1991.0,10.850000381469727,96.19999694824219,43.61000061035156,72.0,10.649999618530273,2429.010009765625,22217.0,2.3459999561309814,1991.0,8.381113052368164,96.19999694824219,32.321258544921875,52.228519439697266,8.274372100830078,2429.010009765625,22217.0,2.3459999561309814
2017-07-04,,11.149999618530273,,,72.8499984741211,10.800000190734863,,22386.0,,,8.612848281860352,,,52.84511184692383,8.390913963317871,,22386.0,
2017-07-05,1989.25,11.350000381469727,96.29000091552734,42.709999084472656,71.94999694824219,10.800000190734863,2432.5400390625,22416.0,2.3340001106262207,1989.25,8.767338752746582,96.29000091552734,31.654226303100586,52.1922492980957,8.390913963317871,2432.5400390625,22416.0,2.3340001106262207
2017-07-06,,11.399999618530273,95.81999969482422,41.790000915527344,71.25,10.899999618530273,2409.75,22225.0,2.369999885559082,,8.805962562561035,95.81999969482422,30.972379684448242,51.68447494506836,8.468606948852539,2409.75,22225.0,2.369999885559082
2017-07-07,,11.449999809265137,96.01000213623047,41.56999969482422,70.6500015258789,10.800000190734863,2425.179931640625,22028.0,2.3929998874664307,,8.844584465026855,96.01000213623047,30.80931854248047,51.24925231933594,8.390913963317871,2425.179931640625,22028.0,2.3929998874664307
2017-07-10,,11.300000190734863,96.05000305175781,42.22999954223633,71.69999694824219,10.550000190734863,2427.429931640625,21957.0,2.371000051498413,,8.728715896606445,96.05000305175781,31.298479080200195,52.01091003417969,8.19667911529541,2427.429931640625,21957.0,2.371000051498413
2017-07-11,1961.75,11.300000190734863,95.73999786376953,42.20000076293945,71.5,10.800000190734863,2425.530029296875,22127.0,2.361999988555908,1961.75,8.728715896606445,95.73999786376953,31.276229858398438,51.8658332824707,8.390913963317871,2425.530029296875,22127.0,2.361999988555908
2017-07-12,1948.5,11.5,95.79000091552734,42.68000030517578,72.19999694824219,11.0,2443.25,22263.0,2.3269999027252197,1948.5,8.883207321166992,95.79000091552734,31.631980895996094,52.373592376708984,8.546300888061523,2443.25,22263.0,2.3269999027252197
2017-07-13,1987.5,11.199999809265137,95.7300033569336,41.689998626708984,71.1500015258789,10.800000190734863,2447.830078125,21976.0,2.3480000495910645,1987.5,8.651472091674805,95.7300033569336,30.898258209228516,51.611942291259766,8.390913963317871,2447.830078125,21976.0,2.3480000495910645
2017-07-14,1989.0,11.199999809265137,95.11000061035156,40.90999984741211,68.55000305175781,10.850000381469727,2459.27001953125,21880.0,2.319000005722046,1989.0,8.651472091674805,95.11000061035156,30.32016944885254,49.725914001464844,8.429759979248047,2459.27001953125,21880.0,2.319000005722046
2017-07-17,1978.25,10.899999618530273,95.12999725341797,39.959999084472656,67.5,10.5,2459.139892578125,21297.0,2.309000015258789,1978.25,8.419734001159668,95.12999725341797,29.61608123779297,48.9642448425293,8.157831192016602,2459.139892578125,21297.0,2.309000015258789
2017-07-18,1998.0,10.5,94.66000366210938,37.72999954223633,64.5999984741211,10.25,2460.610107421875,21075.0,2.263000011444092,1998.0,8.110753059387207,94.66000366210938,27.963329315185547,46.860599517822266,7.963598728179932,2460.610107421875,21075.0,2.263000011444092
2017-07-19,1984.25,10.949999809265137,94.80000305175781,38.79999923706055,66.5999984741211,10.399999618530273,2473.830078125,21450.0,2.2679998874664307,1984.25,8.458357810974121,94.80000305175781,28.7563533782959,48.31138229370117,8.080138206481934,2473.830078125,21450.0,2.2679998874664307
2017-07-20,1982.0,11.100000381469727,94.2699966430664,38.66999816894531,66.5,10.300000190734863,2473.449951171875,21465.0,2.2660000324249268,1982.0,8.574226379394531,94.2699966430664,28.66001319885254,48.23884201049805,8.002445220947266,2473.449951171875,21465.0,2.2660000324249268
2017-07-21,1981.75,11.199999809265137,93.94000244140625,38.75,67.3499984741211,10.149999618530273,2472.5400390625,21499.0,2.2320001125335693,1981.75,8.651472091674805,93.94000244140625,28.719295501708984,48.855430603027344,7.885903835296631,2472.5400390625,21499.0,2.2320001125335693
2017-07-24,1978.75,11.25,93.9800033569336,38.060001373291016,66.69999694824219,9.989999771118164,2469.909912109375,21310.0,2.253999948501587,1978.75,8.690094947814941,93.9800033569336,28.20791244506836,48.38391876220703,7.761595249176025,2469.909912109375,21310.0,2.253999948501587
2017-07-25,1997.25,11.100000381469727,94.05000305175781,38.5,67.05000305175781,10.050000190734863,2477.1298828125,21243.0,2.3259999752044678,1997.25,8.574226379394531,94.05000305175781,28.534008026123047,48.637821197509766,7.808210372924805,2477.1298828125,21243.0,2.3259999752044678
2017-07-26,2002.5,10.949999809265137,93.66999816894531,38.2400016784668,66.9000015258789,10.100000381469727,2477.830078125,21203.0,2.2820000648498535,2002.5,8.458357810974121,93.66999816894531,28.341318130493164,48.52899932861328,7.8470587730407715,2477.830078125,21203.0,2.2820000648498535
2017-07-27,2002.75,11.100000381469727,93.86000061035156,38.04999923706055,66.5,10.399999618530273,2475.419921875,21294.0,2.309999942779541,2002.75,8.574226379394531,93.86000061035156,28.200502395629883,48.23884201049805,8.080138206481934,2475.419921875,21294.0,2.309999942779541
2017-07-28,1977.25,11.0,93.26000213623047,37.4900016784668,67.0999984741211,10.600000381469727,2472.10009765625,21689.0,2.2890000343322754,1977.25,8.496980667114258,93.26000213623047,27.78545570373535,48.6740837097168,8.235526084899902,2472.10009765625,21689.0,2.2890000343322754
2017-07-31,1983.0,11.0,92.86000061035156,36.31999969482422,64.5999984741211,10.75,2470.300048828125,21582.0,2.2920000553131104,1983.0,8.496980667114258,92.86000061035156,26.91832160949707,46.860599517822266,8.352066040039062,2470.300048828125,21582.0,2.2920000553131104
2017-08-01,1971.25,11.0,93.02999877929688,37.040000915527344,65.05000305175781,11.0,2476.35009765625,21522.0,2.250999927520752,1971.25,8.496980667114258,93.02999877929688,27.451942443847656,47.18701934814453,8.546300888061523,2476.35009765625,21522.0,2.250999927520752
2017-08-02,1990.25,11.350000381469727,92.83000183105469,36.79999923706055,64.80000305175781,11.399999618530273,2477.570068359375,21799.0,2.26200008392334,1990.25,8.767338752746582,92.83000183105469,27.274066925048828,47.00566864013672,8.857074737548828,2477.570068359375,21799.0,2.26200008392334
2017-08-03,1983.25,11.449999809265137,92.80999755859375,36.7599983215332,65.19999694824219,11.25,2472.159912109375,21780.0,2.2279999256134033,1983.25,8.844584465026855,92.80999755859375,27.24441909790039,47.29582214355469,8.740535736083984,2472.159912109375,21780.0,2.2279999256134033
2017-08-04,1975.75,11.350000381469727,93.54000091552734,37.04999923706055,65.69999694824219,10.800000190734863,2476.830078125,21704.0,2.2669999599456787,1975.75,8.767338752746582,93.54000091552734,27.459354400634766,47.65852355957031,8.390913963317871,2476.830078125,21704.0,2.2669999599456787
2017-08-07,2010.0,10.800000190734863,93.43000030517578,37.349998474121094,65.75,10.800000190734863,2480.909912109375,21478.0,2.256999969482422,2010.0,8.342490196228027,93.43000030517578,27.68169593811035,47.69480514526367,8.390913963317871,2480.909912109375,21478.0,2.256999969482422
2017-08-08,2086.5,11.0,93.63999938964844,37.130001068115234,65.69999694824219,10.649999618530273,2474.919921875,21256.0,2.2829999923706055,2086.5,8.496980667114258,93.63999938964844,27.518651962280273,47.65852355957031,8.274372100830078,2474.919921875,21256.0,2.2829999923706055
2017-08-09,2075.25,10.899999618530273,93.5199966430664,36.529998779296875,64.55000305175781,10.550000190734863,2474.02001953125,20925.0,2.240999937057495,2075.25,8.419734001159668,93.5199966430664,27.073959350585938,46.8243293762207,8.19667911529541,2474.02001953125,20925.0,2.240999937057495
2017-08-10,2095.5,11.0,93.4000015258789,36.7400016784668,65.1500015258789,10.550000190734863,2438.2099609375,21133.0,2.2119998931884766,2095.5,8.496980667114258,93.4000015258789,27.229598999023438,47.25956344604492,8.19667911529541,2438.2099609375,21133.0,2.2119998931884766
2017-08-11,2095.5,11.0,93.06999969482422,37.959999084472656,67.55000305175781,10.800000190734863,2441.320068359375,21633.0,2.188999891281128,2095.5,8.496980667114258,93.06999969482422,28.1337890625,49.000518798828125,8.390913963317871,2441.320068359375,21633.0,2.188999891281128
2017-08-14,2092.25,11.300000190734863,93.45999908447266,42.16999816894531,73.0,11.399999618530273,2465.840087890625,22540.0,2.2190001010894775,2092.25,8.728715896606445,93.45999908447266,31.253999710083008,52.953914642333984,8.857074737548828,2465.840087890625,22540.0,2.2190001010894775
2017-08-15,2103.25,11.449999809265137,93.8499984741211,42.349998474121094,72.0,11.899999618530273,2464.610107421875,22702.0,2.2660000324249268,2103.25,8.844584465026855,93.8499984741211,31.38741683959961,52.228519439697266,9.245543479919434,2464.610107421875,22702.0,2.2660000324249268
2017-08-16,2161.75,11.600000381469727,93.48999786376953,42.25,72.94999694824219,12.0,2468.110107421875,22888.0,2.2260000705718994,2161.75,8.96045207977295,93.48999786376953,31.313297271728516,52.917625427246094,9.323236465454102,2468.110107421875,22888.0,2.2260000705718994
2017-08-17,2152.25,11.75,93.62000274658203,41.66999816894531,72.0,12.0,2430.010009765625,22725.0,2.1989998817443848,2152.25,9.076319694519043,93.62000274658203,30.883432388305664,52.228519439697266,9.323236465454102,2430.010009765625,22725.0,2.1989998817443848
2017-08-18,2139.25,11.699999809265137,93.43000030517578,42.439998626708984,73.80000305175781,11.899999618530273,2425.550048828125,22967.0,2.194000005722046,2139.25,9.037697792053223,93.43000030517578,31.45411491394043,53.53423309326172,9.245543479919434,2425.550048828125,22967.0,2.194000005722046
2017-08-21,2160.0,,93.0999984741211,42.02000045776367,,,2428.3701171875,,2.180000066757202,2160.0,,93.0999984741211,31.142833709716797,,,2428.3701171875,,2.180000066757202
2017-08-22,2147.25,11.75,93.55000305175781,42.689998626708984,73.5,12.0,2452.510009765625,22900.0,2.2149999141693115,2147.25,9.076319694519043,93.55000305175781,31.639400482177734,53.316627502441406,9.323236465454102,2452.510009765625,22900.0,2.2149999141693115
2017-08-23,2159.5,11.899999618530273,93.1500015258789,44.689998626708984,77.19999694824219,11.899999618530273,2444.0400390625,23262.0,2.1710000038146973,2159.5,9.192187309265137,93.1500015258789,33.12168884277344,56.00058364868164,9.245543479919434,2444.0400390625,23262.0,2.1710000038146973
2017-08-24,2168.0,11.899999618530273,93.27999877929688,45.15999984741211,77.30000305175781,11.899999618530273,2438.969970703125,23393.0,2.194000005722046,2168.0,9.192187309265137,93.27999877929688,33.47002029418945,56.07311248779297,9.245543479919434,2438.969970703125,23393.0,2.194000005722046
2017-08-25,2125.5,11.699999809265137,92.73999786376953,45.20000076293945,77.69999694824219,11.899999618530273,2443.050048828125,23501.0,2.1689999103546143,2125.5,9.037697792053223,92.73999786376953,33.49966049194336,56.36329650878906,9.245543479919434,2443.050048828125,23501.0,2.1689999103546143
2017-08-28,2125.5,11.649999618530273,92.20999908447266,44.97999954223633,77.69999694824219,11.800000190734863,2444.239990234375,23482.0,2.1589999198913574,2125.5,8.99907398223877,92.20999908447266,33.33661651611328,56.36329650878906,9.16784954071045,2444.239990234375,23482.0,2.1589999198913574
2017-08-29,2125.5,11.5,92.3499984741211,44.68000030517578,77.5999984741211,11.649999618530273,2446.300048828125,23444.0,2.135999917984009,2125.5,8.883207321166992,92.3499984741211,33.11427307128906,56.29074478149414,9.051309585571289,2446.300048828125,23444.0,2.135999917984009
2017-08-30,2153.75,11.899999618530273,92.87999725341797,44.959999084472656,78.3499984741211,11.649999618530273,2457.590087890625,23492.0,2.1429998874664307,2153.75,9.192187309265137,92.87999725341797,33.3217887878418,56.83478546142578,9.051309585571289,2457.590087890625,23492.0,2.1429998874664307
2017-08-31,2169.0,11.800000190734863,92.66999816894531,45.599998474121094,79.19999694824219,11.600000381469727,2471.64990234375,23589.0,2.121000051498413,2169.0,9.114943504333496,92.66999816894531,33.79612731933594,57.45137405395508,9.01246166229248,2471.64990234375,23589.0,2.121000051498413
2017-09-01,2194.75,11.699999809265137,92.80999755859375,46.02000045776367,79.5,11.800000190734863,2476.550048828125,23658.0,2.1570000648498535,2194.75,9.037697792053223,92.80999755859375,34.10740280151367,57.66899490356445,9.16784954071045,2476.550048828125,23658.0,2.1570000648498535
2017-09-04,,11.699999809265137,,,78.69999694824219,11.75,,23708.0,,,9.037697792053223,,,57.08867263793945,9.129003524780273,,23708.0,
2017-09-05,2155.0,11.699999809265137,92.30999755859375,46.5,78.69999694824219,11.75,2457.85009765625,24026.0,2.069999933242798,2155.0,9.037697792053223,92.30999755859375,34.46316146850586,57.08867263793945,9.129003524780273,2457.85009765625,24026.0,2.069999933242798
2017-09-06,2155.0,11.699999809265137,92.29000091552734,47.16999816894531,78.69999694824219,11.75,2465.5400390625,24165.0,2.1080000400543213,2155.0,9.037697792053223,92.29000091552734,34.95972442626953,57.08867263793945,9.129003524780273,2465.5400390625,24165.0,2.1080000400543213
2017-09-07,2155.0,11.699999809265137,91.52999877929688,47.599998474121094,78.69999694824219,11.75,2465.10009765625,24250.0,2.061000108718872,2155.0,9.037697792053223,91.52999877929688,35.278404235839844,57.08867263793945,9.129003524780273,2465.10009765625,24250.0,2.061000108718872
2017-09-08,2141.75,11.699999809265137,91.33000183105469,46.290000915527344,78.69999694824219,11.75,2461.429931640625,24018.0,2.061000108718872,2141.75,9.037697792053223,91.33000183105469,34.30751419067383,57.08867263793945,9.129003524780273,2461.429931640625,24018.0,2.061000108718872
2017-09-11,2174.25,11.699999809265137,91.86000061035156,45.130001068115234,78.69999694824219,11.75,2488.110107421875,24067.0,2.125,2174.25,9.037697792053223,91.86000061035156,33.44779586791992,57.08867263793945,9.129003524780273,2488.110107421875,24067.0,2.125
2017-09-12,2177.25,12.699999809265137,91.91000366210938,44.939998626708984,76.80000305175781,12.25,2496.47998046875,23529.0,2.1710000038146973,2177.25,9.810150146484375,91.91000366210938,33.306976318359375,55.710426330566406,9.517470359802246,2496.47998046875,23529.0,2.1710000038146973
2017-09-13,2154.25,12.899999618530273,92.5199966430664,45.83000183105469,78.69999694824219,12.100000381469727,2498.3701171875,23837.0,2.194999933242798,2154.25,9.964640617370605,92.5199966430664,33.966590881347656,57.08867263793945,9.400931358337402,2498.3701171875,23837.0,2.194999933242798
2017-09-14,2148.25,12.5,92.12000274658203,45.7400016784668,77.6500015258789,11.850000381469727,2495.6201171875,23702.0,2.197000026702881,2148.25,9.655658721923828,92.12000274658203,33.8998908996582,56.3270149230957,9.206697463989258,2495.6201171875,23702.0,2.197000026702881
2017-09-15,2136.25,12.5,91.87000274658203,45.91999816894531,78.19999694824219,11.949999809265137,2500.22998046875,23716.0,2.2019999027252197,2136.25,9.655658721923828,91.87000274658203,34.03329086303711,56.72597122192383,9.284390449523926,2500.22998046875,23716.0,2.2019999027252197
2017-09-18,2131.0,12.399999618530273,92.05000305175781,46.38999938964844,79.5,12.149999618530273,2503.8701171875,23914.0,2.2290000915527344,2131.0,9.578413963317871,92.05000305175781,34.381629943847656,57.66899490356445,9.439776420593262,2503.8701171875,23914.0,2.2290000915527344
2017-09-19,2174.5,12.600000381469727,91.79000091552734,47.810001373291016,82.0,12.149999618530273,2506.64990234375,24215.0,2.243000030517578,2174.5,9.732906341552734,91.79000091552734,35.434051513671875,59.48250198364258,9.439776420593262,2506.64990234375,24215.0,2.243000030517578
2017-09-20,2225.0,12.550000190734863,92.51000213623047,47.529998779296875,81.75,12.399999618530273,2508.239990234375,24335.0,2.2769999504089355,2225.0,9.694283485412598,92.51000213623047,35.226539611816406,59.3011474609375,9.634011268615723,2508.239990234375,24335.0,2.2769999504089355
2017-09-21,2222.0,12.699999809265137,92.26000213623047,47.91999816894531,82.6500015258789,12.699999809265137,2500.60009765625,24579.0,2.2780001163482666,2222.0,9.810150146484375,92.26000213623047,35.51557922363281,59.95399856567383,9.86709213256836,2500.60009765625,24579.0,2.2780001163482666
2017-09-22,2208.75,12.600000381469727,92.16999816894531,49.4900016784668,85.1500015258789,12.949999809265137,2502.219970703125,24995.0,2.26200008392334,2208.75,9.732906341552734,92.16999816894531,36.679176330566406,61.767486572265625,10.061326026916504,2502.219970703125,24995.0,2.26200008392334
2017-09-25,2208.5,12.550000190734863,92.6500015258789,49.38999938964844,86.1500015258789,12.949999809265137,2496.659912109375,25047.0,2.2200000286102295,2208.5,9.694283485412598,92.6500015258789,36.60504913330078,62.49287033081055,10.061326026916504,2496.659912109375,25047.0,2.2200000286102295
2017-09-26,2186.25,12.350000381469727,92.97000122070312,50.20000076293945,87.94999694824219,12.699999809265137,2496.840087890625,25166.0,2.2290000915527344,2186.25,9.539791107177734,92.97000122070312,37.205379486083984,63.798583984375,9.86709213256836,2496.840087890625,25166.0,2.2290000915527344
2017-09-27,2189.75,12.699999809265137,93.36000061035156,49.349998474121094,86.5,12.699999809265137,2507.0400390625,25271.0,2.309000015258789,2189.75,9.810150146484375,93.36000061035156,36.57542037963867,62.74676513671875,9.86709213256836,2507.0400390625,25271.0,2.309000015258789
2017-09-28,2198.0,12.75,93.08999633789062,50.63999938964844,88.6500015258789,12.699999809265137,2510.06005859375,25597.0,2.309000015258789,2198.0,9.848772048950195,93.08999633789062,37.531490325927734,64.3063735961914,9.86709213256836,2510.06005859375,25597.0,2.309000015258789
2017-09-29,2192.75,13.050000190734863,93.08000183105469,51.540000915527344,89.19999694824219,12.850000381469727,2519.360107421875,26078.0,2.3259999752044678,2192.75,10.080509185791016,93.08000183105469,38.198516845703125,64.70533752441406,9.983633041381836,2519.360107421875,26078.0,2.3259999752044678
2017-10-02,2175.0,13.0,93.55999755859375,51.779998779296875,89.9000015258789,12.699999809265137,2529.1201171875,26351.0,2.3369998931884766,2175.0,10.041885375976562,93.55999755859375,38.37639617919922,65.21311950683594,9.86709213256836,2529.1201171875,26351.0,2.3369998931884766
2017-10-03,2194.75,13.0,93.56999969482422,52.25,90.8499984741211,12.949999809265137,2534.580078125,26673.0,2.3340001106262207,2194.75,10.041885375976562,93.56999969482422,38.724727630615234,65.90223693847656,10.061326026916504,2534.580078125,26673.0,2.3340001106262207
2017-10-04,2231.5,12.800000190734863,93.45999908447266,52.959999084472656,91.80000305175781,12.800000190734863,2537.739990234375,26477.0,2.3299999237060547,2231.5,9.887393951416016,93.45999908447266,39.250946044921875,66.59136199951172,9.944786071777344,2537.739990234375,26477.0,2.3299999237060547
2017-10-05,2240.25,12.899999618530273,93.95999908447266,53.83000183105469,93.44999694824219,13.100000381469727,2552.070068359375,27016.0,2.3499999046325684,2240.25,9.964640617370605,93.95999908447266,39.89574432373047,67.78826141357422,10.17786693572998,2552.070068359375,27016.0,2.3499999046325684
2017-10-06,2220.75,12.699999809265137,93.80000305175781,53.470001220703125,93.5,13.0,2549.330078125,26798.0,2.369999885559082,2220.75,9.810150146484375,93.80000305175781,39.62892532348633,67.82454681396484,10.100172996520996,2549.330078125,26798.0,2.369999885559082
2017-10-09,2236.25,,93.73999786376953,52.86000061035156,,,2544.72998046875,,2.3610000610351562,2236.25,,93.73999786376953,39.17683410644531,,,2544.72998046875,,2.3610000610351562
2017-10-10,2236.25,13.050000190734863,93.29000091552734,53.04999923706055,92.55000305175781,13.399999618530273,2550.639892578125,27097.0,2.3450000286102295,2236.25,10.080509185791016,93.29000091552734,39.31763458251953,67.13542175292969,10.4109468460083,2550.639892578125,27097.0,2.3450000286102295
2017-10-11,2236.25,13.149999618530273,92.95999908447266,53.0,92.1500015258789,13.5,2555.239990234375,26890.0,2.3450000286102295,2236.25,10.157754898071289,92.95999908447266,39.28058624267578,66.84525299072266,10.488641738891602,2555.239990234375,26890.0,2.3450000286102295
2017-10-12,2236.25,13.050000190734863,93.12000274658203,53.68000030517578,93.5,13.550000190734863,2550.929931640625,27060.0,2.322999954223633,2236.25,10.080509185791016,93.12000274658203,39.784576416015625,67.82454681396484,10.527487754821777,2550.929931640625,27060.0,2.322999954223633
2017-10-13,2236.25,12.899999618530273,93.08999633789062,54.65999984741211,94.8499984741211,13.449999809265137,2553.169921875,27141.0,2.2799999713897705,2236.25,9.964640617370605,93.08999633789062,40.5108757019043,68.80382537841797,10.449793815612793,2553.169921875,27141.0,2.2799999713897705
2017-10-16,2236.25,,93.27999877929688,54.380001068115234,,,2557.639892578125,,2.306999921798706,2236.25,,93.27999877929688,40.30336380004883,,,2557.639892578125,,2.306999921798706
2017-10-17,2210.25,12.649999618530273,93.48999786376953,54.81999969482422,95.0999984741211,13.0,2559.360107421875,26622.0,2.2980000972747803,2210.25,9.771528244018555,93.48999786376953,40.62946701049805,68.98518371582031,10.100172996520996,2559.360107421875,26622.0,2.2980000972747803
2017-10-18,2188.5,12.5,93.36000061035156,53.66999816894531,92.75,12.550000190734863,2561.260009765625,26213.0,2.3389999866485596,2188.5,9.655658721923828,93.36000061035156,39.777156829833984,67.28048706054688,9.7505521774292,2561.260009765625,26213.0,2.3389999866485596
2017-10-19,2225.0,13.199999809265137,93.2699966430664,53.790000915527344,93.80000305175781,13.199999809265137,2562.10009765625,26805.0,2.321000099182129,2225.0,10.19637680053711,93.2699966430664,39.8660888671875,68.04216003417969,10.255560874938965,2562.10009765625,26805.0,2.321000099182129
2017-10-20,2225.0,13.25,93.69999694824219,53.970001220703125,94.4000015258789,13.350000381469727,2575.2099609375,26979.0,2.38100004196167,2225.0,10.235000610351562,93.69999694824219,39.99949645996094,68.47740173339844,10.372101783752441,2575.2099609375,26979.0,2.38100004196167
2017-10-23,2225.0,13.199999809265137,93.94000244140625,57.150001525878906,99.30000305175781,13.699999809265137,2564.97998046875,27783.0,2.375999927520752,2225.0,10.19637680053711,93.94000244140625,42.3563346862793,72.0318374633789,10.644028663635254,2564.97998046875,27783.0,2.375999927520752
2017-10-24,2225.0,13.199999809265137,93.95999908447266,57.13999938964844,100.0999984741211,13.800000190734863,2569.1298828125,28010.0,2.4059998989105225,2225.0,10.19637680053711,93.95999908447266,42.34891891479492,72.61215209960938,10.721722602844238,2569.1298828125,28010.0,2.4059998989105225
2017-10-25,2225.0,13.0,93.70999908447266,56.650001525878906,99.19999694824219,13.399999618530273,2557.14990234375,27878.0,2.444000005722046,2225.0,10.041885375976562,93.70999908447266,41.98576736450195,71.95928955078125,10.4109468460083,2557.14990234375,27878.0,2.444000005722046
2017-10-26,2225.0,13.199999809265137,94.61000061035156,55.650001525878906,98.75,13.149999618530273,2560.39990234375,27829.0,2.4519999027252197,2225.0,10.19637680053711,94.61000061035156,41.2446174621582,71.63286590576172,10.216714859008789,2560.39990234375,27829.0,2.4519999027252197
2017-10-27,2225.0,12.899999618530273,94.91999816894531,55.0,96.4000015258789,13.0,2581.070068359375,27479.0,2.427999973297119,2225.0,10.253206253051758,94.91999816894531,40.76287841796875,69.92819213867188,10.100172996520996,2581.070068359375,27479.0,2.427999973297119
2017-10-30,2231.5,13.25,94.48999786376953,54.77000045776367,96.75,13.800000190734863,2572.830078125,27406.0,2.369999885559082,2231.5,10.531394004821777,94.48999786376953,40.592411041259766,70.18206024169922,10.721722602844238,2572.830078125,27406.0,2.369999885559082
2017-10-31,2231.5,13.949999809265137,94.55000305175781,54.900001525878906,97.3499984741211,14.449999809265137,2575.260009765625,27935.0,2.375999927520752,2231.5,11.0877685546875,94.55000305175781,40.688758850097656,70.61732482910156,11.226731300354004,2575.260009765625,27935.0,2.375999927520752
2017-11-01,2231.5,14.300000190734863,94.81999969482422,54.099998474121094,95.55000305175781,14.399999618530273,2579.360107421875,27980.0,2.375999927520752,2231.5,11.365958213806152,94.81999969482422,40.09584045410156,69.31160736083984,11.187883377075195,2579.360107421875,27980.0,2.375999927520752
2017-11-02,2231.5,14.25,94.69000244140625,53.060001373291016,93.4000015258789,14.25,2579.85009765625,27945.0,2.3469998836517334,2231.5,11.326215744018555,94.69000244140625,39.3250617980957,67.75199890136719,11.071343421936035,2579.85009765625,27945.0,2.3469998836517334
2017-11-03,2231.5,14.5,94.94000244140625,52.630001068115234,93.19999694824219,14.399999618530273,2587.840087890625,27978.0,2.3429999351501465,2231.5,11.524921417236328,94.94000244140625,39.006370544433594,67.60691833496094,11.187883377075195,2587.840087890625,27978.0,2.3429999351501465
2017-11-06,2231.5,,94.72000122070312,54.439998626708984,,,2591.1298828125,,2.319999933242798,2231.5,,94.72000122070312,40.34783172607422,,,2591.1298828125,,2.319999933242798
2017-11-07,2231.5,15.050000190734863,94.91000366210938,52.939998626708984,94.44999694824219,15.149999618530273,2590.639892578125,28120.0,2.306999921798706,2231.5,11.962074279785156,94.91000366210938,39.23611831665039,68.513671875,11.770586967468262,2590.639892578125,28120.0,2.306999921798706
2017-11-08,2231.5,15.550000190734863,94.87000274658203,53.709999084472656,93.6500015258789,14.899999618530273,2594.3798828125,28082.0,2.325000047683716,2231.5,12.359485626220703,94.87000274658203,39.806793212890625,67.93333435058594,11.5763521194458,2594.3798828125,28082.0,2.325000047683716
2017-11-09,2231.5,15.100000381469727,94.44000244140625,54.31999969482422,95.44999694824219,14.649999618530273,2584.6201171875,27952.0,2.3310000896453857,2231.5,12.001815795898438,94.44000244140625,40.25889587402344,69.23905181884766,11.382118225097656,2584.6201171875,27952.0,2.3310000896453857
2017-11-10,2231.5,14.199999809265137,94.38999938964844,52.47999954223633,92.4000015258789,13.949999809265137,2582.300048828125,27081.0,2.4000000953674316,2231.5,11.28647518157959,94.38999938964844,38.89518737792969,67.02661895751953,10.838262557983398,2582.300048828125,27081.0,2.4000000953674316
2017-11-13,2231.5,13.899999618530273,94.48999786376953,51.599998474121094,90.69999694824219,13.800000190734863,2584.840087890625,26715.0,2.4000000953674316,2231.5,11.048029899597168,94.48999786376953,38.24298858642578,65.7934341430664,10.721722602844238,2584.840087890625,26715.0,2.4000000953674316
2017-11-14,2231.5,13.199999809265137,93.83000183105469,50.27000045776367,87.0,13.25,2578.8701171875,25611.0,2.38100004196167,2231.5,10.491654396057129,93.83000183105469,37.257266998291016,63.109466552734375,10.294407844543457,2578.8701171875,25611.0,2.38100004196167
2017-11-15,2231.5,13.550000190734863,93.80999755859375,50.849998474121094,88.94999694824219,13.399999618530273,2564.6201171875,26313.0,2.3350000381469727,2231.5,10.7698392868042,93.80999755859375,37.6871337890625,64.52399444580078,10.4109468460083,2564.6201171875,26313.0,2.3350000381469727
2017-11-16,2231.5,14.100000381469727,93.93000030517578,54.650001525878906,95.9000015258789,14.0,2585.639892578125,27267.0,2.3610000610351562,2231.5,11.206993103027344,93.93000030517578,40.503475189208984,69.56550598144531,10.877110481262207,2585.639892578125,27267.0,2.3610000610351562
2017-11-17,2231.5,13.649999618530273,93.66000366210938,54.25,95.44999694824219,13.800000190734863,2578.85009765625,27129.0,2.3540000915527344,2231.5,10.849324226379395,93.66000366210938,40.20702362060547,69.23905181884766,10.721722602844238,2578.85009765625,27129.0,2.3540000915527344
2017-11-20,2231.5,,94.08000183105469,56.220001220703125,,,2582.139892578125,,2.371999979019165,2231.5,,94.08000183105469,41.667076110839844,,,2582.139892578125,,2.371999979019165
2017-11-21,2231.5,13.5,93.94999694824219,56.970001220703125,99.94999694824219,13.699999809265137,2599.030029296875,27266.0,2.36299991607666,2231.5,10.730100631713867,93.94999694824219,42.222923278808594,72.50333404541016,10.644028663635254,2599.030029296875,27266.0,2.36299991607666
2017-11-22,2231.5,13.75,93.22000122070312,57.04999923706055,98.75,13.949999809265137,2597.080078125,27328.0,2.322000026702881,2231.5,10.928805351257324,93.22000122070312,42.28221893310547,71.63286590576172,10.838262557983398,2597.080078125,27328.0,2.322000026702881
2017-11-23,,13.550000190734863,,,98.5999984741211,13.850000381469727,,27293.0,,,10.7698392868042,,,71.52406311035156,10.76056957244873,,27293.0,
2017-11-24,2231.5,13.5,92.76000213623047,56.900001525878906,98.55000305175781,13.75,2602.419921875,27465.0,2.3399999141693115,2231.5,10.730100631713867,92.76000213623047,42.171051025390625,71.48778533935547,10.682875633239746,2602.419921875,27465.0,2.3399999141693115
2017-11-27,2231.5,,92.9000015258789,54.880001068115234,,,2601.419921875,,2.328000068664551,2231.5,,92.9000015258789,40.67393493652344,,,2601.419921875,,2.328000068664551
2017-11-28,2231.5,13.050000190734863,93.26000213623047,56.0099983215332,97.30000305175781,13.199999809265137,2627.0400390625,26912.0,2.3380000591278076,2231.5,10.372428894042969,93.26000213623047,41.511417388916016,70.5810546875,10.255560874938965,2627.0400390625,26912.0,2.3380000591278076
2017-11-29,2239.5,13.149999618530273,93.26000213623047,56.08000183105469,97.44999694824219,13.25,2626.070068359375,26903.0,2.375999927520752,2239.5,10.451911926269531,93.26000213623047,41.56331253051758,70.68985748291016,10.294407844543457,2626.070068359375,26903.0,2.375999927520752
2017-11-30,2239.5,13.300000190734863,93.01000213623047,57.130001068115234,99.4000015258789,13.350000381469727,2647.580078125,26905.0,2.4170000553131104,2239.5,10.571136474609375,93.01000213623047,42.34150695800781,72.10437774658203,10.372101783752441,2647.580078125,26905.0,2.4170000553131104
2017-12-01,2239.5,13.25,92.9000015258789,58.2400016784668,100.05000305175781,13.199999809265137,2642.219970703125,26942.0,2.361999988555908,2239.5,10.531394004821777,92.9000015258789,43.164180755615234,72.57588195800781,10.255560874938965,2642.219970703125,26942.0,2.361999988555908
2017-12-04,2239.5,12.949999809265137,93.19000244140625,58.2400016784668,101.30000305175781,12.949999809265137,2639.43994140625,26834.0,2.378999948501587,2239.5,10.292946815490723,93.19000244140625,43.164180755615234,73.48262023925781,10.061326026916504,2639.43994140625,26834.0,2.378999948501587
2017-12-05,2239.5,12.699999809265137,93.37999725341797,59.099998474121094,101.75,12.850000381469727,2629.570068359375,26483.0,2.3559999465942383,2239.5,10.094240188598633,93.37999725341797,43.80156326293945,73.80907440185547,9.983633041381836,2629.570068359375,26483.0,2.3559999465942383
2017-12-06,2239.5,12.699999809265137,93.61000061035156,59.630001068115234,102.69999694824219,12.5,2629.27001953125,26471.0,2.3299999237060547,2239.5,10.094240188598633,93.61000061035156,44.194374084472656,74.49820709228516,9.711705207824707,2629.27001953125,26471.0,2.3299999237060547
2017-12-07,2239.5,13.199999809265137,93.80000305175781,62.36000061035156,106.44999694824219,12.949999809265137,2636.97998046875,26842.0,2.375999927520752,2239.5,10.491654396057129,93.80000305175781,46.21768569946289,77.21841430664062,10.061326026916504,2636.97998046875,26842.0,2.375999927520752
2017-12-08,2239.5,,93.9000015258789,64.9800033569336,,,2651.5,,2.382999897003174,2239.5,,93.9000015258789,48.159488677978516,,,2651.5,,2.382999897003174
2017-12-11,2239.5,13.050000190734863,93.87000274658203,64.87999725341797,111.44999694824219,13.199999809265137,2659.989990234375,27307.0,2.384999990463257,2239.5,10.372428894042969,93.87000274658203,48.08537292480469,80.84539794921875,10.255560874938965,2659.989990234375,27307.0,2.384999990463257
2017-12-12,2239.5,13.0,94.0999984741211,65.26000213623047,111.94999694824219,13.199999809265137,2664.110107421875,27342.0,2.4030001163482666,2239.5,10.332687377929688,94.0999984741211,48.36699676513672,81.2081069946289,10.255560874938965,2664.110107421875,27342.0,2.4030001163482666
2017-12-13,2239.5,12.649999618530273,93.43000030517578,65.04000091552734,111.19999694824219,13.25,2662.85009765625,27035.0,2.3489999771118164,2239.5,10.0545015335083,93.43000030517578,48.203948974609375,80.66404724121094,10.294407844543457,2662.85009765625,27035.0,2.3489999771118164
2017-12-14,2239.5,12.699999809265137,93.48999786376953,65.37000274658203,113.55000305175781,13.25,2652.010009765625,27139.0,2.3459999561309814,2239.5,10.094240188598633,93.48999786376953,48.448524475097656,82.36873626708984,10.294407844543457,2652.010009765625,27139.0,2.3459999561309814
2017-12-15,2239.5,12.800000190734863,93.93000030517578,65.33000183105469,113.1500015258789,13.149999618530273,2675.81005859375,27022.0,2.3550000190734863,2239.5,10.173725128173828,93.93000030517578,48.41888427734375,82.0785903930664,10.216714859008789,2675.81005859375,27022.0,2.3550000190734863
2017-12-18,2239.5,12.75,93.69999694824219,65.08999633789062,114.1500015258789,13.199999809265137,2690.159912109375,27137.0,2.3919999599456787,2239.5,10.13398265838623,93.69999694824219,48.241004943847656,82.80396270751953,10.255560874938965,2690.159912109375,27137.0,2.3919999599456787
2017-12-19,2239.5,13.149999618530273,93.47000122070312,66.08000183105469,117.6500015258789,13.350000381469727,2681.469970703125,27707.0,2.4630000591278076,2239.5,10.451911926269531,93.47000122070312,48.97473907470703,85.34286499023438,10.372101783752441,2681.469970703125,27707.0,2.4630000591278076
2017-12-20,2239.5,13.199999809265137,93.3499984741211,65.9800033569336,117.6500015258789,13.350000381469727,2679.25,28069.0,2.496999979019165,2239.5,10.491654396057129,93.3499984741211,48.90062713623047,85.34286499023438,10.372101783752441,2679.25,28069.0,2.496999979019165
2017-12-21,2239.5,13.399999618530273,93.27999877929688,64.87000274658203,116.1500015258789,13.399999618530273,2684.570068359375,28481.0,2.4809999465942383,2239.5,10.650616645812988,93.27999877929688,48.07795715332031,84.25476837158203,10.4109468460083,2684.570068359375,28481.0,2.4809999465942383
2017-12-22,2239.5,13.800000190734863,93.3499984741211,65.47000122070312,117.1500015258789,13.949999809265137,2683.340087890625,28932.0,2.484999895095825,2239.5,10.968546867370605,93.3499984741211,48.52265167236328,84.98015594482422,10.838262557983398,2683.340087890625,28932.0,2.484999895095825
2017-12-26,2239.5,13.850000381469727,93.26000213623047,65.45999908447266,119.0999984741211,14.050000190734863,2680.5,29186.0,2.4670000076293945,2239.5,11.008288383483887,93.26000213623047,48.515235900878906,86.39469909667969,10.915956497192383,2680.5,29186.0,2.4670000076293945
2017-12-27,2239.5,13.949999809265137,93.02999877929688,66.0,120.94999694824219,13.850000381469727,2682.6201171875,29194.0,2.4140000343322754,2239.5,11.0877685546875,93.02999877929688,48.915443420410156,87.73664093017578,10.76056957244873,2682.6201171875,29194.0,2.4140000343322754
2017-12-28,2244.5,14.800000190734863,92.5999984741211,65.61000061035156,124.4000015258789,14.300000190734863,2687.5400390625,29975.0,2.431999921798706,2244.5,11.763368606567383,92.5999984741211,48.62640380859375,90.2392807006836,11.110191345214844,2687.5400390625,29975.0,2.431999921798706
2017-12-29,2244.5,,92.12000274658203,65.8499984741211,,,2673.610107421875,,2.4049999713897705,2244.5,,92.12000274658203,48.80427932739258,,,2673.610107421875,,2.4049999713897705
2018-01-01,,14.800000190734863,,,124.4000015258789,14.300000190734863,,,,,11.763368606567383,,,90.2392807006836,11.110191345214844,,,
2018-01-02,2244.5,15.800000190734863,91.8499984741211,67.20999908447266,124.44999694824219,15.0,2695.81005859375,31084.0,2.4649999141693115,2244.5,12.558191299438477,91.8499984741211,49.81222915649414,90.27554321289062,11.654047012329102,2695.81005859375,31084.0,2.4649999141693115
2018-01-03,2244.5,16.350000381469727,92.16000366210938,66.91999816894531,123.55000305175781,15.0,2713.06005859375,31476.0,2.447000026702881,2244.5,12.995343208312988,92.16000366210938,49.5973014831543,89.62269592285156,11.654047012329102,2713.06005859375,31476.0,2.447000026702881
2018-01-04,2244.5,16.399999618530273,91.8499984741211,69.51000213623047,129.89999389648438,14.850000381469727,2723.989990234375,31952.0,2.453000068664551,2244.5,13.035083770751953,91.8499984741211,51.516849517822266,94.22895050048828,11.537505149841309,2723.989990234375,31952.0,2.453000068664551
2018-01-05,2244.5,16.200000762939453,91.94999694824219,68.75,129.75,15.100000381469727,2743.14990234375,32190.0,2.4760000705718994,2244.5,12.876121520996094,91.94999694824219,50.9536018371582,94.12016296386719,11.731740951538086,2743.14990234375,32190.0,2.4760000705718994
2018-01-08,2244.5,15.850000381469727,92.33000183105469,66.68000030517578,127.9000015258789,15.100000381469727,2747.7099609375,32351.0,2.4800000190734863,2244.5,12.597933769226074,92.33000183105469,49.41942596435547,92.77816772460938,11.731740951538086,2747.7099609375,32351.0,2.4800000190734863
2018-01-09,2244.5,15.699999809265137,92.52999877929688,67.12000274658203,126.80000305175781,15.050000190734863,2751.2900390625,32139.0,2.5460000038146973,2244.5,12.478708267211914,92.52999877929688,49.74552917480469,91.980224609375,11.692893028259277,2751.2900390625,32139.0,2.5460000038146973
2018-01-10,2244.5,15.399999618530273,92.33000183105469,68.19999694824219,127.5999984741211,14.699999809265137,2748.22998046875,31632.0,2.549999952316284,2244.5,12.240262031555176,92.33000183105469,50.54595947265625,92.56056213378906,11.420965194702148,2748.22998046875,31632.0,2.549999952316284
2018-01-11,2244.5,15.399999618530273,91.8499984741211,68.97000122070312,129.1999969482422,14.399999618530273,2767.56005859375,32078.0,2.5309998989105225,2244.5,12.240262031555176,91.8499984741211,51.11664581298828,93.72119903564453,11.187883377075195,2767.56005859375,32078.0,2.5309998989105225
2018-01-12,2244.5,15.949999809265137,90.97000122070312,70.5,133.0,14.550000190734863,2786.239990234375,32720.0,2.552000045776367,2244.5,12.677414894104004,90.97000122070312,52.2505989074707,96.4776840209961,11.304425239562988,2786.239990234375,32720.0,2.552000045776367
2018-01-15,,16.350000381469727,,,137.64999389648438,14.850000381469727,,33623.0,,,12.995343208312988,,,99.85076141357422,11.537505149841309,,33623.0,
2018-01-16,2244.5,16.549999237060547,90.38999938964844,71.76000213623047,136.89999389648438,15.25,2776.419921875,33522.0,2.5439999103546143,2244.5,13.154308319091797,90.38999938964844,53.18443298339844,99.30673217773438,11.848280906677246,2776.419921875,33522.0,2.5439999103546143
2018-01-17,2244.5,16.549999237060547,90.54000091552734,72.16999816894531,136.8000030517578,16.149999618530273,2802.56005859375,33598.0,2.578000068664551,2244.5,13.154308319091797,90.54000091552734,53.4882926940918,99.23421478271484,12.547521591186523,2802.56005859375,33598.0,2.578000068664551
2018-01-18,2244.5,16.899999618530273,90.5,72.87999725341797,138.6999969482422,16.350000381469727,2798.030029296875,34049.0,2.6110000610351562,2244.5,13.4324951171875,90.5,54.01450729370117,100.61246490478516,12.702910423278809,2798.030029296875,34049.0,2.6110000610351562
2018-01-19,2244.5,16.649999618530273,90.56999969482422,72.05999755859375,136.89999389648438,16.299999237060547,2810.300048828125,33592.0,2.63700008392334,2244.5,13.233789443969727,90.56999969482422,53.40676498413086,99.30673217773438,12.6640625,2810.300048828125,33592.0,2.63700008392334
2018-01-22,2244.5,16.649999618530273,90.4000015258789,69.79000091552734,134.0,16.149999618530273,2832.969970703125,33526.0,2.6649999618530273,2244.5,13.233789443969727,90.4000015258789,51.72438430786133,97.20309448242188,12.547521591186523,2832.969970703125,33526.0,2.6649999618530273
2018-01-23,2244.5,16.799999237060547,90.12000274658203,69.47000122070312,134.5,16.25,2839.1298828125,33893.0,2.624000072479248,2244.5,13.35301399230957,90.12000274658203,51.487213134765625,97.5657730102539,12.625216484069824,2839.1298828125,33893.0,2.624000072479248
2018-01-24,2244.5,17.200000762939453,89.20999908447266,67.91000366210938,134.5500030517578,16.549999237060547,2837.5400390625,34949.0,2.6540000438690186,2244.5,13.670944213867188,89.20999908447266,50.33103561401367,97.60205078125,12.858297348022461,2837.5400390625,34949.0,2.6540000438690186
2018-01-25,2244.5,17.200000762939453,89.38999938964844,67.19000244140625,133.5500030517578,16.700000762939453,2839.25,35142.0,2.621000051498413,2244.5,13.670944213867188,89.38999938964844,49.79740905761719,96.87667083740234,12.974838256835938,2839.25,35142.0,2.621000051498413
2018-01-26,2244.5,17.350000381469727,89.06999969482422,65.98999786376953,130.5500030517578,17.0,2872.8701171875,35126.0,2.6619999408721924,2244.5,13.79016399383545,89.06999969482422,48.90803146362305,94.70046997070312,13.207919120788574,2872.8701171875,35126.0,2.6619999408721924
2018-01-29,,17.100000381469727,89.30999755859375,64.63999938964844,128.1999969482422,17.049999237060547,2853.530029296875,34787.0,2.6989998817443848,,13.591460227966309,89.30999755859375,47.907493591308594,92.99577331542969,13.24676513671875,2853.530029296875,34787.0,2.6989998817443848
2018-01-30,2250.0,17.200000762939453,89.19000244140625,66.4000015258789,129.5500030517578,16.600000381469727,2822.429931640625,34241.0,2.7260000705718994,2250.0,13.670944213867188,89.19000244140625,49.21190643310547,93.97505950927734,12.897144317626953,2822.429931640625,34241.0,2.7260000705718994
2018-01-31,2250.0,17.0,89.12999725341797,69.80000305175781,134.35000610351562,16.600000381469727,2823.81005859375,34939.0,2.7200000286102295,2250.0,13.904038429260254,89.12999725341797,51.73178482055664,97.45697021484375,12.897144317626953,2823.81005859375,34939.0,2.7200000286102295
2018-02-01,2250.0,16.700000762939453,88.66999816894531,68.44000244140625,133.75,16.149999618530273,2821.97998046875,34641.0,2.7730000019073486,2250.0,13.658673286437988,88.66999816894531,50.72384262084961,97.02174377441406,12.547521591186523,2821.97998046875,34641.0,2.7730000019073486
2018-02-02,2250.0,15.899999618530273,89.19999694824219,63.650001525878906,124.30000305175781,15.800000190734863,2762.1298828125,32615.0,2.8540000915527344,2250.0,13.004365921020508,89.19999694824219,47.17375946044922,90.166748046875,12.275594711303711,2762.1298828125,32615.0,2.8540000915527344
2018-02-05,2250.0,14.949999809265137,89.55000305175781,61.31999969482422,120.4000015258789,15.449999809265137,2648.93994140625,31146.0,2.7939999103546143,2250.0,12.227375030517578,89.55000305175781,45.44689178466797,87.33770751953125,12.003667831420898,2648.93994140625,31146.0,2.7939999103546143
2018-02-06,2250.0,15.199999809265137,89.58999633789062,64.38999938964844,126.5,15.699999809265137,2695.139892578125,31624.0,2.7679998874664307,2250.0,12.431845664978027,89.58999633789062,47.72220993041992,91.76263427734375,12.197901725769043,2695.139892578125,31624.0,2.7679998874664307
2018-02-07,2250.0,15.949999809265137,90.26000213623047,63.029998779296875,124.55000305175781,15.899999618530273,2681.659912109375,31627.0,2.8440001010894775,2250.0,13.045262336730957,90.26000213623047,46.714237213134766,90.34811401367188,12.353288650512695,2681.659912109375,31627.0,2.8440001010894775
2018-02-08,2250.0,15.899999618530273,90.2300033569336,60.290000915527344,122.69999694824219,15.949999809265137,2581.0,31022.0,2.8510000705718994,2250.0,13.004365921020508,90.2300033569336,44.68352508544922,89.00611877441406,12.392136573791504,2581.0,31022.0,2.8510000705718994
2018-02-09,2250.0,15.300000190734863,90.44000244140625,58.95000076293945,118.05000305175781,15.850000381469727,2619.550048828125,30143.0,2.8289999961853027,2250.0,12.513635635375977,90.44000244140625,43.69037628173828,85.63302612304688,12.31444263458252,2619.550048828125,30143.0,2.8289999961853027
2018-02-12,2250.0,,90.20999908447266,62.459999084472656,,,2656.0,,2.8570001125335693,2250.0,,90.20999908447266,46.291805267333984,,,2656.0,,2.8570001125335693
2018-02-13,2250.0,,89.69999694824219,62.060001373291016,,,2662.93994140625,,2.8399999141693115,2250.0,,89.69999694824219,45.9953498840332,,,2662.93994140625,,2.8399999141693115
2018-02-14,2250.0,15.149999618530273,89.12000274658203,64.41000366210938,127.30000305175781,15.699999809265137,2698.6298828125,31551.0,2.9130001068115234,2250.0,12.390953063964844,89.12000274658203,47.73704147338867,92.34293365478516,12.197901725769043,2698.6298828125,31551.0,2.9130001068115234
2018-02-15,2250.0,14.850000381469727,88.58999633789062,67.56999969482422,133.3000030517578,15.850000381469727,2731.199951171875,32024.0,2.8910000324249268,2250.0,12.145587921142578,88.58999633789062,50.079044342041016,96.69530487060547,12.31444263458252,2731.199951171875,32024.0,2.8910000324249268
2018-02-16,2250.0,15.149999618530273,89.0999984741211,67.0199966430664,134.60000610351562,16.299999237060547,2732.219970703125,32677.0,2.877000093460083,2250.0,12.390953063964844,89.0999984741211,49.67141342163086,97.63834381103516,12.6640625,2732.219970703125,32677.0,2.877000093460083
2018-02-19,,14.949999809265137,,,133.5500030517578,15.899999618530273,,33281.0,,,12.227375030517578,,,96.87667083740234,12.353288650512695,,33281.0,
2018-02-20,2250.0,14.75,89.72000122070312,66.0,132.60000610351562,15.399999618530273,2716.260009765625,32826.0,2.8929998874664307,2250.0,12.063797950744629,89.72000122070312,48.915443420410156,96.18753051757812,11.964820861816406,2716.260009765625,32826.0,2.8929998874664307
2018-02-21,2250.0,14.899999618530273,90.08000183105469,66.80000305175781,133.75,15.350000381469727,2701.330078125,33042.0,2.943000078201294,2250.0,12.186481475830078,90.08000183105469,49.50837707519531,97.02174377441406,11.925973892211914,2701.330078125,33042.0,2.943000078201294
2018-02-22,2250.0,14.699999809265137,89.75,67.19000244140625,134.0,15.449999809265137,2703.9599609375,33125.0,2.9170000553131104,2250.0,12.022904396057129,89.75,49.79740905761719,97.20309448242188,12.003667831420898,2703.9599609375,33125.0,2.9170000553131104
2018-02-23,2250.0,14.800000190734863,89.87999725341797,64.7699966430664,130.75,15.5,2747.300048828125,32742.0,2.871000051498413,2250.0,12.104693412780762,89.87999725341797,48.00383758544922,94.84554290771484,12.042513847351074,2747.300048828125,32742.0,2.871000051498413
2018-02-26,2250.0,14.699999809265137,89.81999969482422,64.12000274658203,129.0500030517578,15.050000190734863,2779.60009765625,32918.0,2.8589999675750732,2250.0,12.022904396057129,89.81999969482422,47.5220947265625,93.61238098144531,11.692893028259277,2779.60009765625,32918.0,2.8589999675750732
2018-02-27,2255.0,14.25,90.36000061035156,62.65999984741211,126.80000305175781,14.800000190734863,2744.280029296875,32516.0,2.9079999923706055,2255.0,11.65485668182373,90.36000061035156,46.44002914428711,91.980224609375,11.498659133911133,2744.280029296875,32516.0,2.9079999923706055
2018-02-28,2255.0,14.399999618530273,90.61000061035156,62.939998626708984,129.10000610351562,14.800000190734863,2713.830078125,33011.0,2.868000030517578,2255.0,11.777538299560547,90.61000061035156,46.64754867553711,93.6486587524414,11.498659133911133,2713.830078125,33011.0,2.868000030517578
2018-03-01,2255.0,14.149999618530273,90.31999969482422,61.189998626708984,123.69999694824219,14.100000381469727,2677.669921875,32013.0,2.803999900817871,2255.0,11.573067665100098,90.31999969482422,45.350547790527344,89.73148345947266,10.954803466796875,2677.669921875,32013.0,2.803999900817871
2018-03-02,2255.0,13.550000190734863,89.94000244140625,61.20000076293945,122.94999694824219,13.850000381469727,2691.25,31901.0,2.8570001125335693,2255.0,11.08233642578125,89.94000244140625,45.35796356201172,89.18745422363281,10.76056957244873,2691.25,31901.0,2.8570001125335693
2018-03-05,2255.0,13.800000190734863,90.08000183105469,61.7599983215332,124.05000305175781,13.949999809265137,2720.93994140625,32134.0,2.88100004196167,2255.0,11.286808013916016,90.08000183105469,45.773006439208984,89.98538970947266,10.838262557983398,2720.93994140625,32134.0,2.88100004196167
2018-03-06,2255.0,14.699999809265137,89.62000274658203,62.22999954223633,127.80000305175781,14.75,2728.1201171875,32865.0,2.877000093460083,2255.0,12.022904396057129,89.62000274658203,46.12135314941406,92.70563507080078,11.459811210632324,2728.1201171875,32865.0,2.877000093460083
2018-03-07,2255.0,14.699999809265137,89.63999938964844,61.70000076293945,125.55000305175781,14.550000190734863,2726.800048828125,32744.0,2.882999897003174,2255.0,12.022904396057129,89.63999938964844,45.72853469848633,91.07350158691406,11.304425239562988,2726.800048828125,32744.0,2.882999897003174
2018-03-08,2255.0,14.699999809265137,90.12000274658203,61.40999984741211,125.1500015258789,14.550000190734863,2738.969970703125,32823.0,2.865999937057495,2255.0,12.022904396057129,90.12000274658203,45.51361083984375,90.78333282470703,11.304425239562988,2738.969970703125,32823.0,2.865999937057495
2018-03-09,2255.0,14.699999809265137,90.08999633789062,63.619998931884766,129.6999969482422,14.649999618530273,2786.570068359375,33183.0,2.8940000534057617,2255.0,12.022904396057129,90.08999633789062,47.151519775390625,94.08387756347656,11.382118225097656,2786.570068359375,33183.0,2.8940000534057617
2018-03-12,2255.0,14.800000190734863,89.9000015258789,66.80999755859375,135.5500030517578,14.5,2783.02001953125,33244.0,2.869999885559082,2255.0,12.104693412780762,89.9000015258789,49.51577377319336,98.32745361328125,11.265578269958496,2783.02001953125,33244.0,2.869999885559082
2018-03-13,2255.0,14.899999618530273,89.66000366210938,65.22000122070312,132.25,14.350000381469727,2765.31005859375,32980.0,2.8480000495910645,2255.0,12.186481475830078,89.66000366210938,48.33735656738281,95.93365478515625,11.14903736114502,2765.31005859375,32980.0,2.8480000495910645
2018-03-14,2255.0,14.699999809265137,89.69999694824219,65.4000015258789,131.89999389648438,14.149999618530273,2749.47998046875,32825.0,2.816999912261963,2255.0,12.022904396057129,89.69999694824219,48.47076416015625,95.67975616455078,10.993650436401367,2749.47998046875,32825.0,2.816999912261963
2018-03-15,2255.0,14.0,90.13999938964844,65.3499984741211,132.3000030517578,14.0,2747.330078125,32708.0,2.8259999752044678,2255.0,11.450386047363281,90.13999938964844,48.43370056152344,95.96990966796875,10.877110481262207,2747.330078125,32708.0,2.8259999752044678
2018-03-16,2255.0,13.850000381469727,90.2300033569336,65.30999755859375,132.25,13.899999618530273,2752.010009765625,32555.0,2.8480000495910645,2255.0,11.327703475952148,90.2300033569336,48.404052734375,95.93365478515625,10.799415588378906,2752.010009765625,32555.0,2.8480000495910645
2018-03-19,2255.0,13.75,89.9000015258789,63.04999923706055,127.5,13.600000381469727,2712.919921875,31724.0,2.8450000286102295,2255.0,11.245914459228516,89.9000015258789,46.72908020019531,92.48799896240234,10.566336631774902,2712.919921875,31724.0,2.8450000286102295
2018-03-20,2255.0,13.800000190734863,90.37000274658203,63.97999954223633,130.60000610351562,13.600000381469727,2716.93994140625,31798.0,2.878999948501587,2255.0,11.286808013916016,90.37000274658203,47.4183464050293,94.73675537109375,10.566336631774902,2716.93994140625,31798.0,2.878999948501587
2018-03-21,2255.0,14.300000190734863,89.77999877929688,65.51000213623047,133.39999389648438,14.199999809265137,2711.929931640625,32370.0,2.9070000648498535,2255.0,11.69575023651123,89.77999877929688,48.55228805541992,96.76783752441406,11.032496452331543,2711.929931640625,32370.0,2.9070000648498535
2018-03-22,2255.0,14.550000190734863,89.86000061035156,65.01000213623047,131.4499969482422,14.300000190734863,2643.68994140625,31908.0,2.8320000171661377,2255.0,11.90022087097168,89.86000061035156,48.18171310424805,95.35331726074219,11.110191345214844,2643.68994140625,31908.0,2.8320000171661377
2018-03-23,2255.0,14.100000381469727,89.44000244140625,63.400001525878906,128.14999389648438,14.399999618530273,2588.260009765625,31461.0,2.8299999237060547,2255.0,11.532173156738281,89.44000244140625,46.98847579956055,92.95951080322266,11.187883377075195,2588.260009765625,31461.0,2.8299999237060547
2018-03-26,2255.0,13.600000381469727,89.02999877929688,64.66000366210938,130.25,14.050000190734863,2658.550048828125,31637.0,2.8429999351501465,2255.0,11.123231887817383,89.02999877929688,47.92231750488281,94.48283386230469,10.915956497192383,2658.550048828125,31637.0,2.8429999351501465
2018-03-27,2255.0,13.199999809265137,89.37000274658203,65.41000366210938,131.64999389648438,14.0,2612.6201171875,31236.0,2.7860000133514404,2255.0,10.796076774597168,89.37000274658203,48.47817611694336,95.49840545654297,10.877110481262207,2612.6201171875,31236.0,2.7860000133514404
2018-03-28,2260.0,13.600000381469727,90.05999755859375,65.0999984741211,131.3000030517578,13.850000381469727,2605.0,31115.0,2.7750000953674316,2260.0,11.123231887817383,90.05999755859375,48.24842834472656,95.24451446533203,10.76056957244873,2605.0,31115.0,2.7750000953674316
2018-03-29,2260.0,,90.1500015258789,65.76000213623047,,,2640.8701171875,,2.740999937057495,2260.0,,90.1500015258789,48.73757553100586,,,2640.8701171875,,2.740999937057495
2018-04-02,2300.0,,90.05000305175781,65.94000244140625,,,2581.8798828125,,2.7320001125335693,2300.0,,90.05000305175781,48.87097930908203,,,2581.8798828125,,2.7320001125335693
2018-04-03,2300.0,13.699999809265137,90.19999694824219,66.43000030517578,134.0,13.699999809265137,2614.449951171875,31341.0,2.7839999198913574,2300.0,11.205018997192383,90.19999694824219,49.23414611816406,97.20309448242188,10.644028663635254,2614.449951171875,31341.0,2.7839999198913574
2018-04-04,2300.0,13.649999618530273,90.13999938964844,66.47000122070312,133.9499969482422,13.550000190734863,2644.68994140625,31319.0,2.7880001068115234,2300.0,11.164125442504883,90.13999938964844,49.2637825012207,97.16681671142578,10.527487754821777,2644.68994140625,31319.0,2.7880001068115234
2018-04-05,2300.0,14.25,90.45999908447266,66.29000091552734,134.5500030517578,14.25,2662.840087890625,31867.0,2.8320000171661377,2300.0,11.65485668182373,90.45999908447266,49.13037872314453,97.60205078125,11.071343421936035,2662.840087890625,31867.0,2.8320000171661377
2018-04-06,2300.0,13.800000190734863,90.11000061035156,66.45999908447266,134.4499969482422,14.100000381469727,2604.469970703125,31739.0,2.7750000953674316,2300.0,11.286808013916016,90.11000061035156,49.256378173828125,97.5295181274414,10.954803466796875,2604.469970703125,31739.0,2.7750000953674316
2018-04-09,2300.0,14.350000381469727,89.83999633789062,65.97000122070312,133.8000030517578,13.949999809265137,2613.159912109375,31844.0,2.7860000133514404,2300.0,11.736644744873047,89.83999633789062,48.893211364746094,97.05799865722656,10.838262557983398,2613.159912109375,31844.0,2.7860000133514404
2018-04-10,2300.0,14.800000190734863,89.58999633789062,66.95999908447266,135.6999969482422,14.5,2656.8701171875,32222.0,2.796999931335449,2300.0,12.104693412780762,89.58999633789062,49.6269416809082,98.43626403808594,11.265578269958496,2656.8701171875,32222.0,2.796999931335449
2018-04-11,2300.0,14.649999618530273,89.56999969482422,65.98999786376953,132.6999969482422,14.550000190734863,2642.18994140625,32031.0,2.7899999618530273,2300.0,11.982011795043945,89.56999969482422,48.90803146362305,96.26007080078125,11.304425239562988,2642.18994140625,32031.0,2.7899999618530273
2018-04-12,2300.0,14.550000190734863,89.75,66.58999633789062,134.89999389648438,14.699999809265137,2663.989990234375,32039.0,2.8340001106262207,2300.0,11.90022087097168,89.75,49.352718353271484,97.85591888427734,11.420965194702148,2663.989990234375,32039.0,2.8340001106262207
2018-04-13,2300.0,14.5,89.80000305175781,65.47000122070312,132.5500030517578,14.600000381469727,2656.300048828125,31593.0,2.8289999961853027,2300.0,11.859328269958496,89.80000305175781,48.52265167236328,96.15126037597656,11.34327220916748,2656.300048828125,31593.0,2.8289999961853027
2018-04-16,2300.0,14.800000190734863,89.43000030517578,63.810001373291016,129.10000610351562,14.350000381469727,2677.840087890625,31008.0,2.8320000171661377,2300.0,12.104693412780762,89.43000030517578,47.2923469543457,93.6486587524414,11.14903736114502,2677.840087890625,31008.0,2.8320000171661377
2018-04-17,2300.0,15.050000190734863,89.5199966430664,66.52999877929688,134.4499969482422,14.350000381469727,2706.389892578125,31403.0,2.813999891281128,2300.0,12.309165000915527,89.5199966430664,49.308250427246094,97.5295181274414,11.41317081451416,2706.389892578125,31403.0,2.813999891281128
2018-04-18,2300.0,15.350000381469727,89.62000274658203,66.9000015258789,134.14999389648438,14.399999618530273,2708.639892578125,31532.0,2.867000102996826,2300.0,12.554530143737793,89.62000274658203,49.58247375488281,97.31190490722656,11.452938079833984,2708.639892578125,31532.0,2.867000102996826
2018-04-19,2300.0,15.699999809265137,89.94000244140625,65.68000030517578,132.85000610351562,14.399999618530273,2693.1298828125,31281.0,2.9140000343322754,2300.0,12.840789794921875,89.94000244140625,48.67827224731445,96.36890411376953,11.452938079833984,2693.1298828125,31281.0,2.9140000343322754
2018-04-20,2300.0,15.5,90.31999969482422,64.7300033569336,130.64999389648438,14.699999809265137,2670.139892578125,31162.0,2.9509999752044678,2300.0,12.67721176147461,90.31999969482422,47.97420120239258,94.77301025390625,11.691540718078613,2670.139892578125,31162.0,2.9509999752044678
2018-04-23,2300.0,15.5,90.94000244140625,64.7300033569336,130.89999389648438,15.350000381469727,2670.2900390625,30941.0,2.9730000495910645,2300.0,12.67721176147461,90.94000244140625,47.97420120239258,94.95435333251953,12.208514213562012,2670.2900390625,30941.0,2.9730000495910645
2018-04-24,2300.0,14.800000190734863,90.7699966430664,65.22000122070312,131.9499969482422,15.050000190734863,2634.56005859375,30569.0,2.9830000400543213,2300.0,12.104693412780762,90.7699966430664,48.33735656738281,95.71602630615234,11.969910621643066,2634.56005859375,30569.0,2.9830000400543213
2018-04-25,2300.0,14.75,91.16999816894531,61.810001373291016,125.30000305175781,14.550000190734863,2639.39990234375,29947.0,3.0239999294281006,2300.0,12.063797950744629,91.16999816894531,45.81005859375,90.89214324951172,11.572239875793457,2639.39990234375,29947.0,3.0239999294281006
2018-04-26,2300.0,14.699999809265137,91.55999755859375,59.31999969482422,123.5,14.449999809265137,2666.93994140625,29488.0,2.990000009536743,2300.0,12.022904396057129,91.55999755859375,43.96461486816406,89.58644104003906,11.492706298828125,2666.93994140625,29488.0,2.990000009536743
2018-04-27,2300.0,15.050000190734863,91.54000091552734,62.119998931884766,128.39999389648438,14.75,2669.909912109375,30006.0,2.9570000171661377,2300.0,12.309165000915527,91.54000091552734,46.0398063659668,93.140869140625,11.731307983398438,2669.909912109375,30006.0,2.9570000171661377
2018-04-30,2300.0,,91.83999633789062,63.91999816894531,,,2648.050048828125,,2.936000108718872,2300.0,,91.83999633789062,47.37386703491211,,,2648.050048828125,,2.936000108718872
2018-05-01,2300.0,,92.44999694824219,61.61000061035156,,,2654.800048828125,,2.9760000705718994,2300.0,,92.44999694824219,45.661827087402344,,,2654.800048828125,,2.9760000705718994
2018-05-02,2300.0,15.350000381469727,92.51000213623047,57.36000061035156,122.5,14.800000190734863,2635.669921875,29614.0,2.9639999866485596,2300.0,12.554530143737793,92.51000213623047,42.51197052001953,88.86103057861328,11.771075248718262,2635.669921875,29614.0,2.9639999866485596
2018-05-03,2300.0,15.350000381469727,92.41000366210938,52.34000015258789,119.3499984741211,14.850000381469727,2629.72998046875,29503.0,2.946000099182129,2300.0,12.554530143737793,92.41000366210938,38.79143142700195,86.57604217529297,11.810842514038086,2629.72998046875,29503.0,2.946000099182129
2018-05-04,2300.0,15.050000190734863,92.56999969482422,52.29999923706055,115.05000305175781,14.800000190734863,2663.419921875,28553.0,2.944000005722046,2300.0,12.309165000915527,92.56999969482422,38.76179122924805,83.45684051513672,11.771075248718262,2663.419921875,28553.0,2.944000005722046
2018-05-07,2300.0,14.149999618530273,92.75,50.099998474121094,109.69999694824219,13.949999809265137,2672.6298828125,27513.0,2.950000047683716,2300.0,11.573067665100098,92.75,37.13127517700195,80.15995025634766,11.095033645629883,2672.6298828125,27513.0,2.950000047683716
2018-05-08,2300.0,13.800000190734863,93.12000274658203,46.7599983215332,104.44999694824219,12.949999809265137,2671.919921875,26277.0,2.9690001010894775,2300.0,11.286808013916016,93.12000274658203,34.655853271484375,76.32366943359375,10.299691200256348,2671.919921875,26277.0,2.9690001010894775
2018-05-09,2300.0,15.350000381469727,93.04000091552734,50.5,114.19999694824219,14.149999618530273,2697.7900390625,27908.0,3.003999948501587,2300.0,12.554530143737793,93.04000091552734,37.427738189697266,83.44816589355469,11.25410270690918,2697.7900390625,27908.0,3.003999948501587
2018-05-10,2300.0,16.25,92.6500015258789,52.310001373291016,120.8499984741211,14.600000381469727,2723.070068359375,29601.0,2.9709999561309814,2300.0,13.29062557220459,92.6500015258789,38.76919937133789,88.30746459960938,11.612007141113281,2723.070068359375,29601.0,2.9709999561309814
2018-05-11,2300.0,16.350000381469727,92.54000091552734,47.9900016784668,116.9000015258789,14.75,2727.719970703125,29852.0,2.9709999561309814,2300.0,13.372413635253906,92.54000091552734,35.8153076171875,85.42112731933594,11.731307983398438,2727.719970703125,29852.0,2.9709999561309814
2018-05-14,2300.0,17.75,92.58999633789062,44.619998931884766,112.3499984741211,15.600000381469727,2730.1298828125,30442.0,2.994999885559082,2300.0,14.517452239990234,92.58999633789062,33.30025100708008,82.09635162353516,12.407349586486816,2730.1298828125,30442.0,2.994999885559082
2018-05-15,2300.0,18.049999237060547,93.22000122070312,45.310001373291016,110.5999984741211,16.0,2711.449951171875,30677.0,3.0799999237060547,2300.0,14.762815475463867,93.22000122070312,33.81520462036133,80.81759643554688,12.725486755371094,2711.449951171875,30677.0,3.0799999237060547
2018-05-16,2300.0,17.299999237060547,93.38999938964844,45.95000076293945,112.80000305175781,15.800000190734863,2722.4599609375,31661.0,3.0950000286102295,2300.0,14.149405479431152,93.38999938964844,34.29283905029297,82.4251708984375,12.566418647766113,2722.4599609375,31661.0,3.0950000286102295
2018-05-17,2300.0,17.600000381469727,93.47000122070312,47.099998474121094,115.44999694824219,15.600000381469727,2720.1298828125,31806.0,3.1089999675750732,2300.0,14.394769668579102,93.47000122070312,35.151100158691406,84.361572265625,12.407349586486816,2720.1298828125,31806.0,3.1089999675750732
2018-05-18,2300.0,17.799999237060547,93.63999938964844,46.599998474121094,114.3499984741211,16.049999237060547,2712.969970703125,31870.0,3.066999912261963,2300.0,14.558345794677734,93.63999938964844,34.77793502807617,83.55779266357422,12.765253067016602,2712.969970703125,31870.0,3.066999912261963
2018-05-21,2300.0,17.450000762939453,93.68000030517578,46.689998626708984,114.44999694824219,16.100000381469727,2733.010009765625,31633.0,3.065000057220459,2300.0,14.272088050842285,93.68000030517578,34.84511184692383,83.63085174560547,12.805022239685059,2733.010009765625,31633.0,3.065000057220459
2018-05-22,2300.0,17.350000381469727,93.61000061035156,45.849998474121094,111.5999984741211,15.850000381469727,2724.43994140625,30991.0,3.065000057220459,2300.0,14.190296173095703,93.61000061035156,34.21820831298828,81.54830932617188,12.606185913085938,2724.43994140625,30991.0,3.065000057220459
2018-05-23,2300.0,17.200000762939453,94.01000213623047,44.2599983215332,108.4000015258789,15.25,2733.2900390625,30234.0,3.003000020980835,2300.0,14.067618370056152,94.01000213623047,33.03157424926758,79.20999908447266,12.12898063659668,2733.2900390625,30234.0,3.003000020980835
2018-05-24,2300.0,16.850000381469727,93.77999877929688,43.4900016784668,107.69999694824219,14.649999618530273,2727.760009765625,29665.0,2.9809999465942383,2300.0,13.781354904174805,93.77999877929688,32.45692443847656,78.6985092163086,11.651773452758789,2727.760009765625,29665.0,2.9809999465942383
2018-05-25,2300.0,,94.19000244140625,43.65999984741211,,,2721.330078125,,2.930999994277954,2300.0,,94.19000244140625,32.58380126953125,,,2721.330078125,,2.930999994277954
2018-05-28,,16.799999237060547,,,103.75,14.25,,28654.0,,,13.740464210510254,,,75.81216430664062,11.333636283874512,,28654.0,
2018-05-29,2300.0,16.149999618530273,94.83000183105469,41.20000076293945,102.9000015258789,14.350000381469727,2689.860107421875,28326.0,2.7679998874664307,2300.0,13.208837509155273,94.83000183105469,30.747879028320312,75.19104766845703,11.41317081451416,2689.860107421875,28326.0,2.7679998874664307
2018-05-30,2305.0,16.649999618530273,94.1500015258789,41.97999954223633,104.5999984741211,14.350000381469727,2724.010009765625,28389.0,2.8420000076293945,2305.0,13.617777824401855,94.1500015258789,31.33000373840332,76.43326568603516,11.41317081451416,2724.010009765625,28389.0,2.8420000076293945
2018-05-31,2305.0,16.450000762939453,93.98999786376953,42.290000915527344,105.80000305175781,14.399999618530273,2705.27001953125,28559.0,2.822000026702881,2305.0,13.454203605651855,93.98999786376953,31.561355590820312,77.31012725830078,11.452938079833984,2705.27001953125,28559.0,2.822000026702881
2018-06-01,2305.0,15.850000381469727,94.19000244140625,42.22999954223633,106.19999694824219,14.649999618530273,2734.6201171875,28437.0,2.8949999809265137,2305.0,12.963471412658691,94.19000244140625,31.516586303710938,77.60240936279297,11.651773452758789,2734.6201171875,28437.0,2.8949999809265137
2018-06-04,2305.0,15.5,94.0199966430664,45.40999984741211,113.75,15.0,2746.8701171875,29036.0,2.937000036239624,2305.0,12.67721176147461,94.0199966430664,33.88983154296875,83.11935424804688,11.930144309997559,2746.8701171875,29036.0,2.937000036239624
2018-06-05,2305.0,16.299999237060547,93.88999938964844,47.630001068115234,119.9000015258789,15.5,2748.800048828125,30359.0,2.9189999103546143,2305.0,13.33151912689209,93.88999938964844,35.54664993286133,87.61327362060547,12.327814102172852,2748.800048828125,30359.0,2.9189999103546143
2018-06-06,2305.0,17.0,93.66000366210938,47.41999816894531,118.5999984741211,15.899999618530273,2772.35009765625,30428.0,2.9749999046325684,2305.0,13.904038429260254,93.66000366210938,35.38991165161133,86.663330078125,12.645952224731445,2772.35009765625,30428.0,2.9749999046325684
2018-06-07,2305.0,16.899999618530273,93.4000015258789,47.290000915527344,118.8499984741211,15.699999809265137,2770.3701171875,30178.0,2.933000087738037,2305.0,13.822250366210938,93.4000015258789,35.29289627075195,86.84602355957031,12.486884117126465,2770.3701171875,30178.0,2.933000087738037
2018-06-08,2305.0,17.850000381469727,93.55000305175781,49.97999954223633,127.4000015258789,16.100000381469727,2779.030029296875,31444.0,2.937000036239624,2305.0,14.59924030303955,93.55000305175781,37.30046081542969,93.09367370605469,12.805022239685059,2779.030029296875,31444.0,2.937000036239624
2018-06-11,2305.0,18.149999618530273,93.58000183105469,49.25,128.10000610351562,16.100000381469727,2782.0,31704.0,2.9570000171661377,2305.0,14.84460735321045,93.58000183105469,36.75565719604492,93.60519409179688,12.805022239685059,2782.0,31704.0,2.9570000171661377
2018-06-12,2305.0,17.700000762939453,93.80000305175781,47.0,121.05000305175781,15.899999618530273,2786.85009765625,30749.0,2.9570000171661377,2305.0,14.476558685302734,93.80000305175781,35.076473236083984,88.45359802246094,12.645952224731445,2786.85009765625,30749.0,2.9570000171661377
2018-06-13,2305.0,18.350000381469727,93.70999908447266,44.70000076293945,117.9000015258789,15.5,2775.6298828125,30228.0,2.9769999980926514,2305.0,15.008183479309082,93.70999908447266,33.35996627807617,86.1518325805664,12.327814102172852,2775.6298828125,30228.0,2.9769999980926514
2018-06-14,2305.0,19.0,94.7699966430664,40.4900016784668,114.5,16.0,2782.489990234375,30115.0,2.946000099182129,2305.0,15.539810180664062,94.7699966430664,30.218002319335938,83.66740417480469,12.725486755371094,2782.489990234375,30115.0,2.946000099182129
2018-06-15,2305.0,19.0,94.79000091552734,40.040000915527344,114.19999694824219,16.149999618530273,2779.659912109375,30148.0,2.9240000247955322,2305.0,15.539810180664062,94.79000091552734,29.88216781616211,83.44816589355469,12.84478759765625,2779.659912109375,30148.0,2.9240000247955322
2018-06-18,2305.0,17.899999618530273,94.75,37.20000076293945,103.44999694824219,15.449999809265137,2773.75,27657.0,2.9260001182556152,2305.0,14.640137672424316,94.75,27.762649536132812,75.59293365478516,12.28804874420166,2773.75,27657.0,2.9260001182556152
2018-06-19,2305.0,19.049999237060547,95.08999633789062,38.290000915527344,108.4000015258789,15.800000190734863,2762.590087890625,29119.0,2.8929998874664307,2305.0,15.58070182800293,95.08999633789062,28.576126098632812,79.20999908447266,12.566418647766113,2762.590087890625,29119.0,2.8929998874664307
2018-06-20,2305.0,,95.05999755859375,38.790000915527344,,,2767.320068359375,,2.927999973297119,2305.0,,95.05999755859375,28.94927406311035,,,2767.320068359375,,2.927999973297119
2018-06-21,2305.0,20.75,94.87000274658203,41.16999816894531,115.5999984741211,16.399999618530273,2749.760009765625,30869.0,2.8970000743865967,2305.0,17.60603141784668,94.87000274658203,30.725500106811523,84.47119140625,13.043623924255371,2749.760009765625,30869.0,2.8970000743865967
2018-06-22,2305.0,21.200000762939453,94.5199966430664,40.470001220703125,110.55000305175781,16.0,2754.8798828125,30211.0,2.9000000953674316,2305.0,17.98785400390625,94.5199966430664,30.203075408935547,80.78104400634766,12.725486755371094,2754.8798828125,30211.0,2.9000000953674316
2018-06-25,2305.0,19.799999237060547,94.27999877929688,37.4900016784668,102.1500015258789,15.199999809265137,2717.070068359375,28825.0,2.875,2305.0,16.79997444152832,94.27999877929688,27.979080200195312,74.64300537109375,12.089212417602539,2717.070068359375,28825.0,2.875
2018-06-26,2305.0,19.799999237060547,94.68000030517578,37.189998626708984,101.69999694824219,14.649999618530273,2723.06005859375,28474.0,2.880000114440918,2305.0,16.79997444152832,94.68000030517578,27.755184173583984,74.31419372558594,11.651773452758789,2723.06005859375,28474.0,2.880000114440918
2018-06-27,2305.0,18.5,95.29000091552734,33.130001068115234,90.5999984741211,12.949999809265137,2699.6298828125,25921.0,2.8269999027252197,2305.0,15.696946144104004,95.29000091552734,24.72517967224121,66.20319366455078,10.299691200256348,2699.6298828125,25921.0,2.8269999027252197
2018-06-28,2309.25,19.299999237060547,95.38999938964844,35.20000076293945,99.9000015258789,13.399999618530273,2716.31005859375,26789.0,2.8469998836517334,2309.25,16.375730514526367,95.38999938964844,26.270023345947266,72.9988784790039,10.657594680786133,2716.31005859375,26789.0,2.8469998836517334
2018-06-29,2309.25,20.649999618530273,94.62999725341797,32.97999954223633,95.05000305175781,13.25,2718.3701171875,26037.0,2.8489999771118164,2309.25,17.52118492126465,94.62999725341797,24.613229751586914,69.45490264892578,10.538293838500977,2718.3701171875,26037.0,2.8489999771118164
2018-07-02,2309.25,20.25,94.87000274658203,32.84000015258789,93.9000015258789,12.850000381469727,2726.7099609375,25298.0,2.865999937057495,2309.25,17.18178939819336,94.87000274658203,24.508747100830078,68.61457824707031,10.220157623291016,2726.7099609375,25298.0,2.865999937057495
2018-07-03,2309.25,20.200000762939453,94.58999633789062,35.33000183105469,99.80000305175781,13.449999809265137,2713.219970703125,27092.0,2.8380000591278076,2309.25,17.13936996459961,94.58999633789062,26.367055892944336,72.92581939697266,10.697361946105957,2713.219970703125,27092.0,2.8380000591278076
2018-07-04,,20.5,,,101.44999694824219,13.800000190734863,,27703.0,,,17.393911361694336,,,74.13150024414062,10.975732803344727,,27703.0,
2018-07-05,2309.25,21.100000381469727,94.47000122070312,35.779998779296875,101.44999694824219,14.399999618530273,2736.610107421875,27813.0,2.8399999141693115,2309.25,17.903003692626953,94.47000122070312,26.70288848876953,74.13150024414062,11.452938079833984,2736.610107421875,27813.0,2.8399999141693115
2018-07-06,2309.25,21.649999618530273,94.04000091552734,36.13999938964844,101.30000305175781,14.75,2759.820068359375,27611.0,2.8310000896453857,2309.25,18.369667053222656,94.04000091552734,26.971567153930664,74.0218734741211,11.731307983398438,2759.820068359375,27611.0,2.8310000896453857
2018-07-09,2309.25,,94.08000183105469,36.41999816894531,,,2784.169921875,,2.859999895095825,2309.25,,94.08000183105469,27.18052864074707,,,2784.169921875,,2.859999895095825
2018-07-10,2309.25,22.25,94.11000061035156,36.540000915527344,99.0999984741211,15.199999809265137,2793.840087890625,27635.0,2.872999906539917,2309.25,18.878761291503906,94.11000061035156,27.27008628845215,72.41429901123047,12.089212417602539,2793.840087890625,27635.0,2.872999906539917
2018-07-11,2309.25,21.75,94.72000122070312,36.63999938964844,100.6500015258789,14.800000190734863,2774.02001953125,27232.0,2.8420000076293945,2309.25,18.454517364501953,94.72000122070312,27.34471893310547,73.54692077636719,11.771075248718262,2774.02001953125,27232.0,2.8420000076293945
2018-07-12,2309.25,21.5,94.80999755859375,35.34000015258789,95.94999694824219,14.5,2798.2900390625,26705.0,2.8529999256134033,2309.25,18.242395401000977,94.80999755859375,26.374513626098633,70.11254119873047,11.532472610473633,2798.2900390625,26705.0,2.8529999256134033
2018-07-13,2309.25,21.0,94.75,34.720001220703125,94.80000305175781,14.25,2801.31005859375,26514.0,2.8310000896453857,2309.25,17.81815528869629,94.75,25.91180992126465,69.27223205566406,11.333636283874512,2801.31005859375,26514.0,2.8310000896453857
2018-07-16,2309.25,19.799999237060547,94.51000213623047,34.27000045776367,93.75,14.199999809265137,2798.429931640625,26264.0,2.8580000400543213,2309.25,16.79997444152832,94.51000213623047,25.575969696044922,68.50497436523438,11.293869018554688,2798.429931640625,26264.0,2.8580000400543213
2018-07-17,2309.25,20.0,94.97000122070312,35.2400016784668,97.5999984741211,14.550000190734863,2809.550048828125,26765.0,2.864000082015991,2309.25,16.969669342041016,94.97000122070312,26.299888610839844,71.31822204589844,11.572239875793457,2809.550048828125,26765.0,2.864000082015991
2018-07-18,2309.25,19.600000381469727,95.08000183105469,35.11000061035156,97.0,14.550000190734863,2815.6201171875,27045.0,2.875,2309.25,16.630277633666992,95.08000183105469,26.2028751373291,70.87979888916016,11.572239875793457,2815.6201171875,27045.0,2.875
2018-07-19,2309.25,18.950000762939453,95.16999816894531,34.349998474121094,95.5999984741211,13.800000190734863,2804.489990234375,26814.0,2.8469998836517334,2309.25,16.07876205444336,95.16999816894531,25.63567352294922,69.85678100585938,10.975732803344727,2804.489990234375,26814.0,2.8469998836517334
2018-07-20,2309.25,20.100000381469727,94.45999908447266,35.619998931884766,98.75,14.050000190734863,2801.830078125,27625.0,2.8949999809265137,2309.25,17.054519653320312,94.45999908447266,26.58348274230957,72.15855407714844,11.174568176269531,2801.830078125,27625.0,2.8949999809265137
2018-07-23,2309.25,21.0,94.66999816894531,35.119998931884766,97.19999694824219,14.300000190734863,2806.97998046875,27704.0,2.9649999141693115,2309.25,17.81815528869629,94.66999816894531,26.210325241088867,71.02594757080078,11.373404502868652,2806.97998046875,27704.0,2.9649999141693115
2018-07-24,2309.25,21.450000762939453,94.61000061035156,35.93000030517578,99.19999694824219,15.050000190734863,2820.39990234375,28273.0,2.9489998817443848,2309.25,18.199974060058594,94.61000061035156,26.814842224121094,72.48738098144531,11.969910621643066,2820.39990234375,28273.0,2.9489998817443848
2018-07-25,2309.25,21.649999618530273,94.36000061035156,37.04999923706055,101.94999694824219,15.100000381469727,2846.070068359375,29364.0,2.936000108718872,2309.25,18.369667053222656,94.36000061035156,27.650697708129883,74.4968490600586,12.009679794311523,2846.070068359375,29364.0,2.936000108718872
2018-07-26,2309.25,20.5,94.75,36.72999954223633,101.19999694824219,15.050000190734863,2837.43994140625,29205.0,2.9749999046325684,2309.25,17.393911361694336,94.75,27.41188621520996,73.94880676269531,11.969910621643066,2837.43994140625,29205.0,2.9749999046325684
2018-07-27,2309.25,20.350000381469727,94.68000030517578,36.45000076293945,100.0,14.800000190734863,2818.820068359375,29259.0,2.9600000381469727,2309.25,17.266637802124023,94.68000030517578,27.20291519165039,73.07194519042969,11.771075248718262,2818.820068359375,29259.0,2.9600000381469727
2018-07-30,2313.5,19.799999237060547,94.36000061035156,35.88999938964844,97.9000015258789,14.800000190734863,2802.60009765625,29232.0,2.9749999046325684,2313.5,16.79997444152832,94.36000061035156,26.78498649597168,71.5374526977539,11.771075248718262,2802.60009765625,29232.0,2.9749999046325684
2018-07-31,2313.5,19.700000762939453,94.48999786376953,35.630001068115234,97.4000015258789,14.800000190734863,2816.2900390625,29287.0,2.9639999866485596,2313.5,16.715126037597656,94.48999786376953,26.590953826904297,71.17208099365234,11.771075248718262,2816.2900390625,29287.0,2.9639999866485596
2018-08-01,2313.5,20.149999618530273,94.62000274658203,36.0,99.55000305175781,15.649999618530273,2813.360107421875,29388.0,3.003000020980835,2313.5,17.096942901611328,94.62000274658203,26.867082595825195,72.74311828613281,12.44711685180664,2813.360107421875,29388.0,3.003000020980835
2018-08-02,2313.5,20.25,95.16999816894531,36.5099983215332,100.1500015258789,15.75,2827.219970703125,28883.0,2.9860000610351562,2313.5,17.18178939819336,95.16999816894531,27.247697830200195,73.18157196044922,12.526651382446289,2827.219970703125,28883.0,2.9860000610351562
2018-08-03,2313.5,20.799999237060547,95.13999938964844,37.36000061035156,102.0,15.649999618530273,2840.35009765625,29216.0,2.953000068664551,2313.5,17.648460388183594,95.13999938964844,27.88205909729004,74.53337097167969,12.44711685180664,2840.35009765625,29216.0,2.953000068664551
2018-08-06,2313.5,20.299999237060547,95.36000061035156,37.20000076293945,101.5999984741211,14.75,2850.39990234375,28894.0,2.937999963760376,2313.5,17.224218368530273,95.36000061035156,27.762649536132812,74.2411117553711,11.731307983398438,2850.39990234375,28894.0,2.937999963760376
2018-08-07,2313.5,19.100000381469727,95.22000122070312,35.040000915527344,95.5999984741211,13.850000381469727,2858.449951171875,27783.0,2.9730000495910645,2313.5,16.206039428710938,95.22000122070312,26.1506290435791,69.85678100585938,11.01550006866455,2858.449951171875,27783.0,2.9730000495910645
2018-08-08,2313.5,17.850000381469727,95.0999984741211,33.70000076293945,92.8499984741211,13.0,2857.699951171875,26675.0,2.9709999561309814,2313.5,15.145430564880371,95.0999984741211,25.15057373046875,67.84730529785156,10.339457511901855,2857.699951171875,26675.0,2.9709999561309814
2018-08-09,2313.5,18.350000381469727,95.5,33.95000076293945,95.5999984741211,12.949999809265137,2853.580078125,26906.0,2.934999942779541,2313.5,15.569674491882324,95.5,25.337148666381836,69.85678100585938,10.299691200256348,2853.580078125,26906.0,2.934999942779541
2018-08-10,2313.5,19.350000381469727,96.36000061035156,31.959999084472656,93.5999984741211,12.75,2833.280029296875,26856.0,2.8570001125335693,2313.5,16.41815757751465,96.36000061035156,23.85199546813965,68.39537048339844,10.14062213897705,2833.280029296875,26856.0,2.8570001125335693
2018-08-13,2313.5,19.149999618530273,96.38999938964844,30.170000076293945,91.05000305175781,11.800000190734863,2821.929931640625,26062.0,2.877000093460083,2313.5,16.248458862304688,96.38999938964844,22.5161075592041,66.53202056884766,9.38504695892334,2821.929931640625,26062.0,2.877000093460083
2018-08-14,2313.5,19.950000762939453,96.7300033569336,30.530000686645508,91.0999984741211,12.75,2839.9599609375,26537.0,2.8949999809265137,2313.5,16.927244186401367,96.7300033569336,22.784774780273438,66.56856536865234,10.14062213897705,2839.9599609375,26537.0,2.8949999809265137
2018-08-15,2313.5,20.649999618530273,96.69999694824219,31.479999542236328,95.1500015258789,12.5,2818.3701171875,27008.0,2.8519999980926514,2313.5,17.52118492126465,96.69999694824219,23.4937744140625,69.52796936035156,9.941787719726562,2818.3701171875,27008.0,2.8519999980926514
2018-08-16,2313.5,20.450000762939453,96.6500015258789,31.040000915527344,93.0,12.449999809265137,2840.68994140625,26939.0,2.871000051498413,2313.5,17.351490020751953,96.6500015258789,23.165395736694336,67.9569320678711,9.902018547058105,2840.68994140625,26939.0,2.871000051498413
2018-08-17,2313.5,20.0,96.0999984741211,29.290000915527344,87.69999694824219,12.199999809265137,2850.1298828125,26239.0,2.872999906539917,2313.5,16.969669342041016,96.0999984741211,21.85936164855957,64.08409118652344,9.703184127807617,2850.1298828125,26239.0,2.872999906539917
2018-08-20,2313.5,,95.9000015258789,28.34000015258789,,,2857.050048828125,,2.822999954223633,2313.5,,95.9000015258789,21.150365829467773,,,2857.050048828125,,2.822999954223633
2018-08-21,2313.5,20.700000762939453,95.26000213623047,28.399999618530273,85.3499984741211,12.0,2862.9599609375,26046.0,2.8440001010894775,2313.5,17.563613891601562,95.26000213623047,21.19514274597168,62.36689376831055,9.54411506652832,2862.9599609375,26046.0,2.8440001010894775
2018-08-22,2313.5,20.950000762939453,95.1500015258789,29.350000381469727,88.94999694824219,12.649999618530273,2861.820068359375,26844.0,2.822999954223633,2313.5,17.775732040405273,95.1500015258789,21.904136657714844,64.99749755859375,10.061087608337402,2861.820068359375,26844.0,2.822999954223633
2018-08-23,2313.5,20.950000762939453,95.62000274658203,28.420000076293945,86.4000015258789,12.850000381469727,2856.97998046875,26523.0,2.821000099182129,2313.5,17.775732040405273,95.62000274658203,21.210067749023438,63.1341552734375,10.220157623291016,2856.97998046875,26523.0,2.821000099182129
2018-08-24,2313.5,19.149999618530273,95.1500015258789,26.399999618530273,80.69999694824219,12.25,2874.68994140625,25168.0,2.8259999752044678,2313.5,16.248458862304688,95.1500015258789,19.70252799987793,58.969051361083984,9.742950439453125,2874.68994140625,25168.0,2.8259999752044678
2018-08-27,2313.5,18.850000381469727,94.77999877929688,25.799999237060547,79.55000305175781,12.050000190734863,2896.739990234375,25435.0,2.8480000495910645,2313.5,15.993914604187012,94.77999877929688,19.25473976135254,58.12873077392578,9.583883285522461,2896.739990234375,25435.0,2.8480000495910645
2018-08-28,2313.5,18.0,94.72000122070312,24.020000457763672,76.0999984741211,11.600000381469727,2897.52001953125,25033.0,2.884000062942505,2313.5,15.272703170776367,94.72000122070312,17.926313400268555,55.60776138305664,9.225977897644043,2897.52001953125,25033.0,2.884000062942505
2018-08-29,2313.5,19.899999618530273,94.5999984741211,21.989999771118164,74.44999694824219,11.899999618530273,2914.0400390625,25398.0,2.884000062942505,2313.5,16.884822845458984,94.5999984741211,16.41130828857422,54.40206527709961,9.464581489562988,2914.0400390625,25398.0,2.884000062942505
2018-08-30,2318.75,21.799999237060547,94.72000122070312,18.81999969482422,75.0999984741211,12.649999618530273,2901.1298828125,26755.0,2.859999895095825,2318.75,18.4969425201416,94.72000122070312,14.045511245727539,54.877044677734375,10.061087608337402,2901.1298828125,26755.0,2.859999895095825
2018-08-31,2318.75,23.0,95.13999938964844,22.5,86.0999984741211,13.800000190734863,2901.52001953125,29294.0,2.8529999256134033,2318.75,19.515121459960938,95.13999938964844,16.79192543029785,62.91495132446289,10.975732803344727,2901.52001953125,29294.0,2.8529999256134033
2018-09-03,,21.75,,,86.75,13.399999618530273,,28807.0,,,18.454517364501953,,,63.38993835449219,10.657594680786133,,28807.0,
2018-09-04,2318.75,21.100000381469727,95.41999816894531,20.040000915527344,78.30000305175781,13.100000381469727,2896.719970703125,27625.0,2.9019999504089355,2318.75,17.903003692626953,95.41999816894531,14.956011772155762,57.21535110473633,10.418992042541504,2896.719970703125,27625.0,2.9019999504089355
2018-09-05,2318.75,20.350000381469727,95.12999725341797,21.56999969482422,82.94999694824219,13.100000381469727,2888.60009765625,28769.0,2.9019999504089355,2318.75,17.266637802124023,95.12999725341797,16.097858428955078,60.61319351196289,10.418992042541504,2888.60009765625,28769.0,2.9019999504089355
2018-09-06,2318.75,19.549999237060547,95.0199966430664,24.5,92.6500015258789,13.899999618530273,2878.050048828125,29948.0,2.878999948501587,2318.75,16.587854385375977,95.0199966430664,18.2845401763916,67.70116424560547,11.055266380310059,2878.050048828125,29948.0,2.878999948501587
2018-09-07,2318.75,20.200000762939453,95.37000274658203,23.690000534057617,87.8499984741211,13.699999809265137,2871.679931640625,29811.0,2.941999912261963,2318.75,17.13936996459961,95.37000274658203,17.68002700805664,64.1937026977539,10.896197319030762,2871.679931640625,29811.0,2.941999912261963
2018-09-10,2318.75,20.399999618530273,95.1500015258789,22.979999542236328,86.0,13.75,2877.1298828125,29455.0,2.937000036239624,2318.75,17.309062957763672,95.1500015258789,17.1501522064209,62.84189224243164,10.935965538024902,2877.1298828125,29455.0,2.937000036239624
2018-09-11,2318.75,20.100000381469727,95.05999755859375,22.219999313354492,84.9000015258789,13.75,2887.889892578125,29164.0,2.9769999980926514,2318.75,17.054519653320312,95.05999755859375,16.582956314086914,62.038082122802734,10.935965538024902,2887.889892578125,29164.0,2.9769999980926514
2018-09-12,2318.75,19.850000381469727,94.80000305175781,22.40999984741211,86.55000305175781,14.449999809265137,2888.919921875,29745.0,2.9630000591278076,2318.75,16.842397689819336,94.80000305175781,16.724754333496094,63.243778228759766,11.492706298828125,2888.919921875,29745.0,2.9630000591278076
2018-09-13,2318.75,20.549999237060547,94.54000091552734,21.299999237060547,84.0999984741211,14.649999618530273,2904.179931640625,30024.0,2.9630000591278076,2318.75,17.43633460998535,94.54000091552734,15.89635944366455,61.45351791381836,11.651773452758789,2904.179931640625,30024.0,2.9630000591278076
2018-09-14,2318.75,20.5,94.9800033569336,21.399999618530273,86.0999984741211,14.350000381469727,2904.97998046875,30177.0,2.99399995803833,2318.75,17.393911361694336,94.9800033569336,15.970988273620605,62.91495132446289,11.41317081451416,2904.97998046875,30177.0,2.99399995803833
2018-09-17,2318.75,20.5,94.51000213623047,23.6299991607666,93.9000015258789,14.75,2888.800048828125,31157.0,3.000999927520752,2318.75,17.393911361694336,94.51000213623047,17.635251998901367,68.61457824707031,11.731307983398438,2888.800048828125,31157.0,3.000999927520752
2018-09-18,2318.75,20.600000381469727,94.62000274658203,23.989999771118164,96.0999984741211,15.350000381469727,2904.31005859375,32106.0,3.0480000972747803,2318.75,17.478759765625,94.62000274658203,17.9039249420166,70.22216033935547,12.208514213562012,2904.31005859375,32106.0,3.0480000972747803
2018-09-19,2318.75,19.950000762939453,94.55000305175781,24.979999542236328,98.94999694824219,16.100000381469727,2907.949951171875,33118.0,3.0829999446868896,2318.75,16.927244186401367,94.55000305175781,18.642770767211914,72.30469512939453,12.805022239685059,2907.949951171875,33118.0,3.0829999446868896
2018-09-20,2318.75,19.950000762939453,93.91000366210938,28.110000610351562,108.25,16.700000762939453,2930.75,34514.0,3.078000068664551,2318.75,16.927244186401367,93.91000366210938,20.97871208190918,79.10040283203125,13.282227516174316,2930.75,34514.0,3.078000068664551
2018-09-21,2318.75,19.899999618530273,94.22000122070312,29.760000228881836,110.94999694824219,16.600000381469727,2929.669921875,34327.0,3.068000078201294,2318.75,16.884822845458984,94.22000122070312,22.210119247436523,81.07335662841797,13.202692985534668,2929.669921875,34327.0,3.068000078201294
2018-09-24,2318.75,20.100000381469727,94.26000213623047,28.34000015258789,106.0999984741211,16.350000381469727,2919.3701171875,33164.0,3.078000068664551,2318.75,17.054519653320312,94.26000213623047,21.150365829467773,77.52935028076172,13.003856658935547,2919.3701171875,33164.0,3.078000068664551
2018-09-25,2318.75,20.549999237060547,94.12999725341797,29.770000457763672,114.3499984741211,16.350000381469727,2915.56005859375,34053.0,3.1019999980926514,2318.75,17.43633460998535,94.12999725341797,22.217586517333984,83.55779266357422,13.003856658935547,2915.56005859375,34053.0,3.1019999980926514
2018-09-26,2318.75,20.950000762939453,94.19000244140625,29.270000457763672,113.0999984741211,16.299999237060547,2905.969970703125,33943.0,3.061000108718872,2318.75,17.775732040405273,94.19000244140625,21.844423294067383,82.64436340332031,12.964088439941406,2905.969970703125,33943.0,3.061000108718872
2018-09-27,2323.0,21.600000381469727,95.0,26.989999771118164,107.4000015258789,16.5,2914.0,33651.0,3.055999994277954,2323.0,18.327245712280273,95.0,20.142845153808594,78.47927856445312,13.123159408569336,2914.0,33651.0,3.055999994277954
2018-09-28,2323.0,22.600000381469727,95.19000244140625,25.43000030517578,105.6500015258789,16.850000381469727,2913.97998046875,33462.0,3.055999994277954,2323.0,19.175729751586914,95.19000244140625,18.978609085083008,77.20053100585938,13.401529312133789,2913.97998046875,33462.0,3.055999994277954
2018-10-01,2323.0,21.75,95.30000305175781,25.8799991607666,101.75,16.850000381469727,2924.590087890625,32585.0,3.0799999237060547,2323.0,18.454517364501953,95.30000305175781,19.3144474029541,74.3507080078125,13.401529312133789,2924.590087890625,32585.0,3.0799999237060547
2018-10-02,2323.0,20.899999618530273,95.51000213623047,27.829999923706055,105.9000015258789,16.0,2923.429931640625,32730.0,3.055999994277954,2323.0,17.733304977416992,95.51000213623047,20.76974868774414,77.3832015991211,12.725486755371094,2923.429931640625,32730.0,3.055999994277954
2018-10-03,2323.0,21.600000381469727,95.76000213623047,26.899999618530273,101.4000015258789,15.949999809265137,2925.510009765625,32202.0,3.1610000133514404,2323.0,18.327245712280273,95.76000213623047,20.075679779052734,74.09496307373047,12.68571949005127,2925.510009765625,32202.0,3.1610000133514404
2018-10-04,2323.0,21.549999237060547,95.75,24.3799991607666,94.80000305175781,15.199999809265137,2901.610107421875,30929.0,3.197000026702881,2323.0,18.28481674194336,95.75,18.19498062133789,69.27223205566406,12.089212417602539,2901.610107421875,30929.0,3.197000026702881
2018-10-05,2323.0,21.0,95.62000274658203,24.18000030517578,91.4000015258789,14.899999618530273,2885.570068359375,30169.0,3.2249999046325684,2323.0,17.81815528869629,95.62000274658203,18.045724868774414,66.78778076171875,11.85060977935791,2885.570068359375,30169.0,3.2249999046325684
2018-10-08,2323.0,20.899999618530273,95.7699966430664,24.8700008392334,92.94999694824219,14.899999618530273,2884.429931640625,30547.0,3.2330000400543213,2323.0,17.733304977416992,95.7699966430664,18.560680389404297,67.92037963867188,11.85060977935791,2884.429931640625,30547.0,3.2330000400543213
2018-10-09,2323.0,19.950000762939453,95.68000030517578,23.559999465942383,87.3499984741211,14.5,2880.340087890625,29613.0,3.2079999446868896,2323.0,16.927244186401367,95.68000030517578,17.5830135345459,63.828346252441406,11.532472610473633,2880.340087890625,29613.0,3.2079999446868896
2018-10-10,2323.0,19.950000762939453,95.51000213623047,22.020000457763672,82.6500015258789,14.25,2785.679931640625,28550.0,3.2249999046325684,2323.0,16.927244186401367,95.51000213623047,16.433700561523438,60.39395523071289,11.333636283874512,2785.679931640625,28550.0,3.2249999046325684
2018-10-11,2323.0,18.850000381469727,95.0199966430664,21.639999389648438,79.3499984741211,14.199999809265137,2728.3701171875,27613.0,3.132999897003174,2323.0,15.993914604187012,95.0199966430664,16.150104522705078,57.982608795166016,11.293869018554688,2728.3701171875,27613.0,3.132999897003174
2018-10-12,2323.0,19.149999618530273,95.22000122070312,24.610000610351562,91.4000015258789,14.600000381469727,2767.1298828125,29598.0,3.1410000324249268,2323.0,16.248458862304688,95.22000122070312,18.366634368896484,66.78778076171875,11.612007141113281,2767.1298828125,29598.0,3.1410000324249268
2018-10-15,2323.0,,95.06999969482422,24.81999969482422,,,2750.7900390625,,3.1630001068115234,2323.0,,95.06999969482422,18.523365020751953,,,2750.7900390625,,3.1630001068115234
2018-10-16,2323.0,19.100000381469727,95.05000305175781,24.229999542236328,87.94999694824219,14.600000381469727,2809.919921875,29431.0,3.1559998989105225,2323.0,16.206039428710938,95.05000305175781,18.08303451538086,64.26676177978516,11.612007141113281,2809.919921875,29431.0,3.1559998989105225
2018-10-17,2323.0,18.899999618530273,95.58000183105469,23.1299991607666,83.80000305175781,14.300000190734863,2809.2099609375,28721.0,3.178999900817871,2323.0,16.036338806152344,95.58000183105469,17.262100219726562,61.234291076660156,11.373404502868652,2809.2099609375,28721.0,3.178999900817871
2018-10-18,2323.0,18.450000762939453,95.9000015258789,22.450000762939453,82.80000305175781,14.300000190734863,2768.780029296875,28371.0,3.174999952316284,2323.0,15.654518127441406,95.9000015258789,16.754606246948242,60.503562927246094,11.373404502868652,2768.780029296875,28371.0,3.174999952316284
2018-10-19,2323.0,19.0,95.70999908447266,22.889999389648438,84.1500015258789,14.699999809265137,2767.780029296875,28673.0,3.197999954223633,2323.0,16.121187210083008,95.70999908447266,17.08298110961914,61.49004364013672,11.691540718078613,2767.780029296875,28673.0,3.197999954223633
2018-10-22,2323.0,19.0,96.01000213623047,22.790000915527344,83.4000015258789,14.550000190734863,2755.8798828125,28568.0,3.196000099182129,2323.0,16.121187210083008,96.01000213623047,17.00835418701172,60.942012786865234,11.572239875793457,2755.8798828125,28568.0,3.196000099182129
2018-10-23,2323.0,18.700000762939453,95.95999908447266,22.450000762939453,83.05000305175781,14.449999809265137,2740.68994140625,28360.0,3.1659998893737793,2323.0,15.866644859313965,95.95999908447266,16.754606246948242,60.686256408691406,11.492706298828125,2740.68994140625,28360.0,3.1659998893737793
2018-10-24,2323.0,18.649999618530273,96.43000030517578,22.100000381469727,82.75,14.449999809265137,2656.10009765625,28157.0,3.124000072479248,2323.0,15.82421875,96.43000030517578,16.493406295776367,60.467041015625,11.492706298828125,2656.10009765625,28157.0,3.124000072479248
2018-10-25,2323.0,18.399999618530273,96.68000030517578,23.350000381469727,86.8499984741211,14.550000190734863,2705.570068359375,29335.0,3.135999917984009,2323.0,15.61209487915039,96.68000030517578,17.426292419433594,63.462989807128906,11.572239875793457,2705.570068359375,29335.0,3.135999917984009
2018-10-26,2323.0,18.200000762939453,96.36000061035156,22.969999313354492,84.94999694824219,14.399999618530273,2658.68994140625,29370.0,3.0769999027252197,2323.0,15.442400932312012,96.36000061035156,17.14268684387207,62.074623107910156,11.452938079833984,2658.68994140625,29370.0,3.0769999027252197
2018-10-29,2323.0,17.200000762939453,96.58000183105469,22.309999465942383,82.69999694824219,14.149999618530273,2641.25,28898.0,3.0869998931884766,2323.0,14.593917846679688,96.58000183105469,16.65012550354004,60.43050003051758,11.25410270690918,2641.25,28898.0,3.0869998931884766
2018-10-30,2328.25,18.0,97.01000213623047,22.799999237060547,84.19999694824219,14.300000190734863,2682.6298828125,29426.0,3.109999895095825,2328.25,15.272703170776367,97.01000213623047,17.01581382751465,61.52659225463867,11.373404502868652,2682.6298828125,29426.0,3.109999895095825
2018-10-31,2328.25,18.450000762939453,97.12999725341797,23.059999465942383,83.25,15.600000381469727,2711.739990234375,29491.0,3.1589999198913574,2328.25,15.654518127441406,97.12999725341797,17.209857940673828,60.8323974609375,12.407349586486816,2711.739990234375,29491.0,3.1589999198913574
2018-11-01,2328.25,18.399999618530273,96.27999877929688,26.670000076293945,95.44999694824219,16.149999618530273,2740.3701171875,31309.0,3.1440000534057617,2328.25,15.61209487915039,96.27999877929688,19.90403175354004,69.74717712402344,12.84478759765625,2740.3701171875,31309.0,3.1440000534057617
2018-11-02,2328.25,18.450000762939453,96.54000091552734,26.81999969482422,95.8499984741211,16.450000762939453,2723.06005859375,31419.0,3.2139999866485596,2328.25,15.654518127441406,96.54000091552734,20.015975952148438,70.03946685791016,13.083391189575195,2723.06005859375,31419.0,3.2139999866485596
2018-11-05,2328.25,18.549999237060547,96.3499984741211,26.56999969482422,96.0999984741211,15.949999809265137,2738.31005859375,31429.0,3.2009999752044678,2328.25,15.739367485046387,96.3499984741211,19.829397201538086,70.22216033935547,12.68571949005127,2738.31005859375,31429.0,3.2009999752044678
2018-11-06,2328.25,,96.31999969482422,26.3700008392334,,,2755.449951171875,,3.2139999866485596,2328.25,,96.31999969482422,19.680130004882812,,,2755.449951171875,,3.2139999866485596
2018-11-07,2328.25,19.100000381469727,96.0,26.389999389648438,95.9000015258789,15.899999618530273,2813.889892578125,31405.0,3.2130000591278076,2328.25,16.206039428710938,96.0,19.69506072998047,70.0760269165039,12.645952224731445,2813.889892578125,31405.0,3.2130000591278076
2018-11-08,2328.25,18.649999618530273,96.63999938964844,26.010000228881836,94.05000305175781,15.550000190734863,2806.830078125,30736.0,3.2339999675750732,2328.25,15.82421875,96.63999938964844,19.411466598510742,68.72418212890625,12.367583274841309,2806.830078125,30736.0,3.2339999675750732
2018-11-09,2328.25,18.200000762939453,96.91000366210938,25.260000228881836,90.25,15.25,2781.010009765625,29913.0,3.188999891281128,2328.25,15.442400932312012,96.91000366210938,18.85173797607422,65.94745635986328,12.12898063659668,2781.010009765625,29913.0,3.188999891281128
2018-11-12,2328.25,18.100000381469727,97.54000091552734,24.18000030517578,87.9000015258789,14.75,2726.219970703125,29423.0,3.186000108718872,2328.25,15.35755443572998,97.54000091552734,18.045724868774414,64.23025512695312,11.731307983398438,2726.219970703125,29423.0,3.186000108718872
2018-11-13,2328.25,17.950000762939453,97.30000305175781,23.18000030517578,85.05000305175781,14.699999809265137,2722.179931640625,28543.0,3.1449999809265137,2328.25,15.230280876159668,97.30000305175781,17.299413681030273,62.1476936340332,11.691540718078613,2722.179931640625,28543.0,3.1449999809265137
2018-11-14,2328.25,17.950000762939453,96.80000305175781,25.170000076293945,88.94999694824219,14.699999809265137,2701.580078125,29373.0,3.119999885559082,2328.25,15.230280876159668,96.80000305175781,18.784568786621094,64.99749755859375,11.691540718078613,2701.580078125,29373.0,3.119999885559082
2018-11-15,2328.25,18.0,96.93000030517578,26.350000381469727,93.80000305175781,15.399999618530273,2730.199951171875,30474.0,3.118000030517578,2328.25,15.272703170776367,96.93000030517578,19.66520881652832,68.5414810180664,12.24828052520752,2730.199951171875,30474.0,3.118000030517578
2018-11-16,2328.25,18.600000381469727,96.47000122070312,26.860000610351562,96.0999984741211,15.649999618530273,2736.27001953125,31109.0,3.0739998817443848,2328.25,15.781795501708984,96.47000122070312,20.04583168029785,70.22216033935547,12.44711685180664,2736.27001953125,31109.0,3.0739998817443848
2018-11-19,2328.25,,96.19000244140625,26.440000534057617,,,2690.72998046875,,3.056999921798706,2328.25,,96.19000244140625,19.732378005981445,,,2690.72998046875,,3.056999921798706
2018-11-20,2328.25,18.399999618530273,96.80999755859375,25.010000228881836,91.30000305175781,15.5,2641.889892578125,29715.0,3.0480000972747803,2328.25,15.61209487915039,96.80999755859375,18.6651611328125,66.71468353271484,12.327814102172852,2641.889892578125,29715.0,3.0480000972747803
2018-11-21,2328.25,18.049999237060547,96.70999908447266,26.040000915527344,93.44999694824219,15.050000190734863,2649.929931640625,30263.0,3.061000108718872,2328.25,15.31512451171875,96.70999908447266,19.43385124206543,68.28575134277344,11.969910621643066,2649.929931640625,30263.0,3.061000108718872
2018-11-22,,18.5,,,93.19999694824219,15.100000381469727,,30275.0,,,15.696946144104004,,,68.10305786132812,12.009679794311523,,30275.0,
2018-11-23,2328.25,19.100000381469727,96.91999816894531,26.540000915527344,97.30000305175781,15.350000381469727,2632.56005859375,30724.0,3.053999900817871,2328.25,16.206039428710938,96.91999816894531,19.807008743286133,71.0989990234375,12.208514213562012,2632.56005859375,30724.0,3.053999900817871
2018-11-26,2328.25,18.75,97.06999969482422,25.790000915527344,97.8499984741211,15.25,2673.449951171875,31132.0,3.072000026702881,2328.25,16.815895080566406,97.06999969482422,19.24728012084961,71.50089263916016,12.12898063659668,2673.449951171875,31132.0,3.072000026702881
2018-11-27,2328.25,18.5,97.37000274658203,24.329999923706055,97.19999694824219,14.649999618530273,2682.169921875,30921.0,3.055000066757202,2328.25,16.5916805267334,97.37000274658203,18.157670974731445,71.02594757080078,11.651773452758789,2682.169921875,30921.0,3.055000066757202
2018-11-28,2328.25,18.649999618530273,96.79000091552734,26.209999084472656,99.80000305175781,14.600000381469727,2743.7900390625,31139.0,3.0439999103546143,2328.25,16.726207733154297,96.79000091552734,19.560728073120117,72.92581939697266,11.612007141113281,2743.7900390625,31139.0,3.0439999103546143
2018-11-29,2332.5,19.0,96.77999877929688,27.459999084472656,101.9000015258789,14.850000381469727,2737.800048828125,31483.0,3.0350000858306885,2332.5,17.040103912353516,96.77999877929688,20.493610382080078,74.4603271484375,11.810842514038086,2737.800048828125,31483.0,3.0350000858306885
2018-11-30,2332.5,19.0,97.2699966430664,27.559999465942383,101.9000015258789,14.850000381469727,2760.169921875,,3.013000011444092,2332.5,17.040103912353516,97.2699966430664,20.56824493408203,74.4603271484375,11.810842514038086,2760.169921875,,3.013000011444092
2018-12-03,2332.5,19.0,97.04000091552734,28.559999465942383,103.25,15.149999618530273,2790.3701171875,31889.0,2.992000102996826,2332.5,17.040103912353516,97.04000091552734,21.31455421447754,75.44678497314453,12.049445152282715,2790.3701171875,31889.0,2.992000102996826
2018-12-04,2332.5,18.700000762939453,96.97000122070312,27.350000381469727,102.80000305175781,14.850000381469727,2700.06005859375,31958.0,2.9240000247955322,2332.5,16.77105140686035,96.97000122070312,20.411518096923828,75.11797332763672,11.810842514038086,2700.06005859375,31958.0,2.9240000247955322
2018-12-05,,18.5,,,101.3499984741211,14.300000190734863,,31780.0,,,16.5916805267334,,,74.05843353271484,11.373404502868652,,31780.0,
2018-12-06,2332.5,18.399999618530273,96.80999755859375,27.969999313354492,104.5999984741211,14.050000190734863,2695.949951171875,32020.0,2.875999927520752,2332.5,16.50199317932129,96.80999755859375,20.87422752380371,76.43326568603516,11.174568176269531,2695.949951171875,32020.0,2.875999927520752
2018-12-07,2332.5,18.149999618530273,96.51000213623047,27.739999771118164,103.5999984741211,13.899999618530273,2633.080078125,31550.0,2.8499999046325684,2332.5,16.277782440185547,96.51000213623047,20.702577590942383,75.7025375366211,11.055266380310059,2633.080078125,31550.0,2.8499999046325684
2018-12-10,2332.5,18.049999237060547,97.22000122070312,26.700000762939453,101.1500015258789,13.399999618530273,2637.719970703125,30754.0,2.8559999465942383,2332.5,16.188095092773438,97.22000122070312,19.926416397094727,73.91228485107422,10.657594680786133,2637.719970703125,30754.0,2.8559999465942383
2018-12-11,2332.5,17.850000381469727,97.38999938964844,28.299999237060547,105.9000015258789,13.449999809265137,2636.780029296875,30941.0,2.878999948501587,2332.5,16.00872802734375,97.38999938964844,21.120508193969727,77.3832015991211,10.697361946105957,2636.780029296875,30941.0,2.878999948501587
2018-12-12,2332.5,17.549999237060547,97.04000091552734,27.8799991607666,105.75,13.699999809265137,2651.070068359375,31081.0,2.9059998989105225,2332.5,15.73967456817627,97.04000091552734,20.80706214904785,77.27359771728516,10.896197319030762,2651.070068359375,31081.0,2.9059998989105225
2018-12-13,2332.5,17.700000762939453,97.05999755859375,27.790000915527344,104.8499984741211,13.899999618530273,2650.5400390625,31020.0,2.9110000133514404,2332.5,15.874201774597168,97.05999755859375,20.739892959594727,76.61593627929688,11.055266380310059,2650.5400390625,31020.0,2.9110000133514404
2018-12-14,2332.5,17.5,97.44000244140625,27.530000686645508,105.80000305175781,13.949999809265137,2599.949951171875,31110.0,2.8910000324249268,2332.5,15.69483470916748,97.44000244140625,20.545856475830078,77.31012725830078,11.095033645629883,2599.949951171875,31110.0,2.8910000324249268
2018-12-17,2332.5,17.799999237060547,97.0999984741211,25.420000076293945,98.0,13.550000190734863,2545.93994140625,29888.0,2.8570001125335693,2332.5,15.963888168334961,97.0999984741211,18.971141815185547,71.61051177978516,10.776895523071289,2545.93994140625,29888.0,2.8570001125335693
2018-12-18,2332.5,18.0,97.13999938964844,26.15999984741211,100.0999984741211,13.199999809265137,2546.159912109375,29777.0,2.825000047683716,2332.5,16.14325523376465,97.13999938964844,19.52341079711914,73.14502716064453,10.498526573181152,2546.159912109375,29777.0,2.825000047683716
2018-12-19,2332.5,18.25,97.04000091552734,26.049999237060547,102.5999984741211,13.25,2506.9599609375,29968.0,2.7780001163482666,2332.5,16.367469787597656,97.04000091552734,19.44131851196289,74.9718246459961,10.538293838500977,2506.9599609375,29968.0,2.7780001163482666
2018-12-20,2332.5,17.899999618530273,96.27999877929688,26.079999923706055,100.6500015258789,13.300000190734863,2467.419921875,29243.0,2.7890000343322754,2332.5,16.053573608398438,96.27999877929688,19.46370506286621,73.54692077636719,10.578062057495117,2467.419921875,29243.0,2.7890000343322754
2018-12-21,2332.5,17.600000381469727,96.95999908447266,24.969999313354492,96.44999694824219,12.949999809265137,2416.6201171875,28457.0,2.7920000553131104,2332.5,15.784518241882324,96.95999908447266,18.635303497314453,70.4779052734375,10.299691200256348,2416.6201171875,28457.0,2.7920000553131104
2018-12-24,2332.5,,96.55000305175781,24.56999969482422,,,2351.10009765625,,2.749000072479248,2332.5,,96.55000305175781,18.336776733398438,,,2351.10009765625,,2.749000072479248
2018-12-26,2332.5,17.600000381469727,97.05000305175781,25.739999771118164,95.5,12.850000381469727,2467.699951171875,28473.0,2.796999931335449,2332.5,15.784518241882324,97.05000305175781,19.2099609375,69.7837142944336,10.220157623291016,2467.699951171875,28473.0,2.796999931335449
2018-12-27,2332.5,18.100000381469727,96.4800033569336,26.34000015258789,100.5,13.25,2488.830078125,29519.0,2.743000030517578,2332.5,16.232942581176758,96.4800033569336,19.65774917602539,73.43730926513672,10.538293838500977,2488.830078125,29519.0,2.743000030517578
2018-12-28,2332.5,17.299999237060547,96.38999938964844,26.920000076293945,103.30000305175781,13.199999809265137,2485.739990234375,30293.0,2.7360000610351562,2332.5,15.515461921691895,96.38999938964844,20.090604782104492,75.48333740234375,10.498526573181152,2485.739990234375,30293.0,2.7360000610351562
2018-12-31,2332.5,17.299999237060547,96.16999816894531,27.56999969482422,103.30000305175781,13.199999809265137,2506.85009765625,,2.686000108718872,2332.5,15.515461921691895,96.16999816894531,20.575708389282227,75.48333740234375,10.498526573181152,2506.85009765625,,2.686000108718872
2019-01-02,2332.5,17.25,96.81999969482422,28.479999542236328,106.94999694824219,13.699999809265137,2510.030029296875,31097.0,2.6610000133514404,2332.5,15.47061824798584,96.81999969482422,21.254844665527344,78.15045928955078,10.896197319030762,2510.030029296875,31097.0,2.6610000133514404
2019-01-03,2332.5,17.5,96.30999755859375,28.68000030517578,107.9000015258789,13.850000381469727,2447.889892578125,31065.0,2.553999900817871,2332.5,15.69483470916748,96.30999755859375,21.404102325439453,78.8446273803711,11.01550006866455,2447.889892578125,31065.0,2.553999900817871
2019-01-04,2332.5,17.600000381469727,96.19000244140625,30.700000762939453,113.94999694824219,14.699999809265137,2531.93994140625,32303.0,2.6589999198913574,2332.5,15.784518241882324,96.19000244140625,22.911651611328125,83.26549530029297,11.691540718078613,2531.93994140625,32303.0,2.6589999198913574
2019-01-07,2332.5,18.299999237060547,95.70999908447266,31.239999771118164,117.5,14.949999809265137,2549.68994140625,33011.0,2.681999921798706,2332.5,16.412311553955078,95.70999908447266,23.314659118652344,85.85953521728516,11.890376091003418,2549.68994140625,33011.0,2.681999921798706
2019-01-08,2332.5,18.700000762939453,95.9000015258789,31.459999084472656,116.5,15.199999809265137,2574.409912109375,32915.0,2.7160000801086426,2332.5,16.77105140686035,95.9000015258789,23.478843688964844,85.12882232666016,12.089212417602539,2574.409912109375,32915.0,2.7160000801086426
2019-01-09,2332.5,19.049999237060547,95.22000122070312,32.369998931884766,120.5,15.399999618530273,2584.9599609375,33769.0,2.7279999256134033,2332.5,17.084945678710938,95.22000122070312,24.157983779907227,88.05169677734375,12.24828052520752,2584.9599609375,33769.0,2.7279999256134033
2019-01-10,2332.5,18.899999618530273,95.54000091552734,33.439998626708984,123.69999694824219,15.899999618530273,2596.639892578125,34168.0,2.7309999465942383,2332.5,16.950420379638672,95.54000091552734,24.956531524658203,90.3900146484375,12.645952224731445,2596.639892578125,34168.0,2.7309999465942383
2019-01-11,2332.5,18.450000762939453,95.66999816894531,32.4900016784668,120.19999694824219,15.75,2596.260009765625,33885.0,2.7009999752044678,2332.5,16.546836853027344,95.66999816894531,24.247543334960938,87.8324966430664,12.526651382446289,2596.260009765625,33885.0,2.7009999752044678
2019-01-14,2332.5,17.899999618530273,95.58999633789062,32.09000015258789,118.3499984741211,15.75,2582.610107421875,33771.0,2.7100000381469727,2332.5,16.053573608398438,95.58999633789062,23.949018478393555,86.48066711425781,12.526651382446289,2582.610107421875,33771.0,2.7100000381469727
2019-01-15,2332.5,17.799999237060547,95.97000122070312,31.799999237060547,117.5,15.050000190734863,2610.300048828125,33563.0,2.7109999656677246,2332.5,15.963888168334961,95.97000122070312,23.732585906982422,85.85953521728516,11.969910621643066,2610.300048828125,33563.0,2.7109999656677246
2019-01-16,2332.5,18.049999237060547,96.05999755859375,31.540000915527344,119.5,15.25,2616.10009765625,34048.0,2.7309999465942383,2332.5,16.188095092773438,96.05999755859375,23.538549423217773,87.32097625732422,12.12898063659668,2616.10009765625,34048.0,2.7309999465942383
2019-01-17,2332.5,18.049999237060547,96.06999969482422,31.760000228881836,119.1500015258789,15.050000190734863,2635.9599609375,34263.0,2.749000072479248,2332.5,16.188095092773438,96.06999969482422,23.70273780822754,87.06524658203125,11.969910621643066,2635.9599609375,34263.0,2.749000072479248
2019-01-18,2332.5,18.25,96.33999633789062,33.209999084472656,126.0,15.050000190734863,2670.7099609375,35101.0,2.7839999198913574,2332.5,16.367469787597656,96.33999633789062,24.784879684448242,92.07064819335938,11.969910621643066,2670.7099609375,35101.0,2.7839999198913574
2019-01-21,,18.600000381469727,,,125.44999694824219,15.199999809265137,,35303.0,,,16.681365966796875,,,91.66876220703125,12.089212417602539,,35303.0,
2019-01-22,2332.5,18.350000381469727,96.30000305175781,32.47999954223633,120.8499984741211,14.850000381469727,2632.89990234375,34043.0,2.7300000190734863,2332.5,16.457155227661133,96.30000305175781,24.240079879760742,88.30746459960938,11.810842514038086,2632.89990234375,34043.0,2.7300000190734863
2019-01-23,2332.5,18.5,96.12000274658203,33.779998779296875,127.69999694824219,15.199999809265137,2638.699951171875,34819.0,2.755000114440918,2332.5,16.5916805267334,96.12000274658203,25.210277557373047,93.3128890991211,12.089212417602539,2638.699951171875,34819.0,2.755000114440918
2019-01-24,2332.5,18.450000762939453,96.5999984741211,33.5099983215332,124.9000015258789,15.25,2642.330078125,34939.0,2.7119998931884766,2332.5,16.546836853027344,96.5999984741211,25.008773803710938,91.2668685913086,12.12898063659668,2642.330078125,34939.0,2.7119998931884766
2019-01-25,2332.5,18.399999618530273,95.79000091552734,34.34000015258789,126.9000015258789,15.149999618530273,2664.760009765625,34811.0,2.753000020980835,2332.5,16.50199317932129,95.79000091552734,25.62820816040039,92.72830963134766,12.049445152282715,2664.760009765625,34811.0,2.753000020980835
2019-01-28,2332.5,17.799999237060547,95.75,34.790000915527344,130.9499969482422,14.850000381469727,2643.85009765625,34841.0,2.74399995803833,2332.5,15.963888168334961,95.75,25.96405792236328,95.68773651123047,11.810842514038086,2643.85009765625,34841.0,2.74399995803833
2019-01-29,2332.5,18.600000381469727,95.81999969482422,34.75,130.6999969482422,15.149999618530273,2640.0,35511.0,2.7119998931884766,2332.5,16.681365966796875,95.81999969482422,25.9342041015625,95.50505065917969,12.049445152282715,2640.0,35511.0,2.7119998931884766
2019-01-30,2332.5,19.25,95.33999633789062,35.560001373291016,132.5,15.050000190734863,2681.050048828125,36039.0,2.694999933242798,2332.5,17.26431655883789,95.33999633789062,26.538700103759766,96.82034301757812,11.969910621643066,2681.050048828125,36039.0,2.694999933242798
2019-01-31,2332.5,19.049999237060547,95.58000183105469,36.5099983215332,135.35000610351562,15.149999618530273,2704.10009765625,36327.0,2.634999990463257,2332.5,17.084945678710938,95.58000183105469,27.247697830200195,98.90290069580078,12.049445152282715,2704.10009765625,36327.0,2.634999990463257
2019-02-01,2332.5,19.100000381469727,95.58000183105469,36.18000030517578,134.0500030517578,15.5,2706.530029296875,36600.0,2.690999984741211,2332.5,17.129791259765625,95.58000183105469,27.00141143798828,97.95294952392578,12.327814102172852,2706.530029296875,36600.0,2.690999984741211
2019-02-04,2332.5,18.549999237060547,95.8499984741211,37.060001373291016,137.5500030517578,15.149999618530273,2724.8701171875,37145.0,2.7239999771118164,2332.5,16.636520385742188,95.8499984741211,27.658166885375977,100.51049041748047,12.049445152282715,2724.8701171875,37145.0,2.7239999771118164
2019-02-05,2332.5,18.450000762939453,96.0999984741211,37.29999923706055,139.0,15.149999618530273,2737.699951171875,37472.0,2.7019999027252197,2332.5,16.546836853027344,96.0999984741211,27.8372802734375,101.56999969482422,12.049445152282715,2737.699951171875,37472.0,2.7019999027252197
2019-02-06,2332.5,18.200000762939453,96.41999816894531,35.4900016784668,134.85000610351562,15.199999809265137,2731.610107421875,36732.0,2.7019999027252197,2332.5,16.32262420654297,96.41999816894531,26.486465454101562,98.53755187988281,12.089212417602539,2731.610107421875,36732.0,2.7019999027252197
2019-02-07,2332.5,18.25,96.51000213623047,35.20000076293945,131.0500030517578,15.350000381469727,2706.050048828125,35929.0,2.6519999504089355,2332.5,16.367469787597656,96.51000213623047,26.270023345947266,95.76081848144531,12.208514213562012,2706.050048828125,35929.0,2.6519999504089355
2019-02-08,2332.5,18.549999237060547,96.63999938964844,35.9900016784668,136.0500030517578,15.449999809265137,2707.8798828125,36664.0,2.631999969482422,2332.5,16.636520385742188,96.63999938964844,26.859621047973633,99.41439819335938,12.28804874420166,2707.8798828125,36664.0,2.631999969482422
2019-02-11,2332.5,18.299999237060547,97.05999755859375,36.31999969482422,138.4499969482422,15.350000381469727,2709.800048828125,37024.0,2.6610000133514404,2332.5,16.412311553955078,97.05999755859375,27.105897903442383,101.16813659667969,12.208514213562012,2709.800048828125,37024.0,2.6610000133514404
2019-02-12,2332.5,18.649999618530273,96.70999908447266,36.7599983215332,140.3000030517578,15.199999809265137,2744.72998046875,37686.0,2.684000015258789,2332.5,16.726207733154297,96.70999908447266,27.43427276611328,102.51995086669922,12.089212417602539,2744.72998046875,37686.0,2.684000015258789
2019-02-13,2332.5,18.350000381469727,97.12999725341797,35.20000076293945,135.14999389648438,15.100000381469727,2753.030029296875,37039.0,2.7079999446868896,2332.5,16.457155227661133,97.12999725341797,26.270023345947266,98.7567367553711,12.009679794311523,2753.030029296875,37039.0,2.7079999446868896
2019-02-14,2332.5,18.299999237060547,96.9800033569336,35.41999816894531,136.14999389648438,15.050000190734863,2745.72998046875,37386.0,2.6570000648498535,2332.5,16.412311553955078,96.9800033569336,26.434215545654297,99.48746490478516,11.969910621643066,2745.72998046875,37386.0,2.6570000648498535
2019-02-15,2332.5,19.0,96.91999816894531,34.779998779296875,134.8000030517578,15.800000190734863,2775.60009765625,37470.0,2.6659998893737793,2332.5,17.040103912353516,96.91999816894531,25.956584930419922,98.50101470947266,12.566418647766113,2775.60009765625,37470.0,2.6659998893737793
2019-02-18,,20.0,,,134.0,16.600000381469727,,37355.0,,,17.936948776245117,,,97.91641998291016,13.202692985534668,,37355.0,
2019-02-19,2225.0,19.549999237060547,96.5199966430664,32.61000061035156,128.5500030517578,16.049999237060547,2779.760009765625,36292.0,2.6470000743865967,2225.0,17.533370971679688,96.5199966430664,24.337099075317383,93.93400573730469,12.765253067016602,2779.760009765625,36292.0,2.6470000743865967
2019-02-20,2225.0,19.399999618530273,96.44999694824219,33.0,131.0,15.350000381469727,2784.699951171875,36504.0,2.6540000438690186,2225.0,17.398839950561523,96.44999694824219,24.62816047668457,95.72427368164062,12.208514213562012,2784.699951171875,36504.0,2.6540000438690186
2019-02-21,2225.0,18.75,96.61000061035156,32.41999816894531,127.80000305175781,15.100000381469727,2774.8798828125,35852.0,2.687999963760376,2225.0,16.815895080566406,96.61000061035156,24.195297241210938,93.385986328125,12.009679794311523,2774.8798828125,35852.0,2.687999963760376
2019-02-22,2225.0,18.950000762939453,96.51000213623047,33.66999816894531,131.85000610351562,15.350000381469727,2792.669921875,36647.0,2.6549999713897705,2225.0,16.99526023864746,96.51000213623047,25.12818145751953,96.34540557861328,12.208514213562012,2792.669921875,36647.0,2.6549999713897705
2019-02-25,2225.0,19.149999618530273,96.41000366210938,33.459999084472656,131.5,15.199999809265137,2796.110107421875,36332.0,2.6730000972747803,2225.0,17.174631118774414,96.41000366210938,24.971460342407227,96.0896224975586,12.089212417602539,2796.110107421875,36332.0,2.6730000972747803
2019-02-26,2225.0,18.950000762939453,96.0,33.029998779296875,129.75,15.0,2793.89990234375,36027.0,2.635999917984009,2225.0,16.99526023864746,96.0,24.65054702758789,94.81085968017578,11.930144309997559,2793.89990234375,36027.0,2.635999917984009
2019-02-27,2225.0,18.850000381469727,96.1500015258789,31.639999389648438,124.44999694824219,14.699999809265137,2792.3798828125,35346.0,2.693000078201294,2225.0,16.905576705932617,96.1500015258789,23.61318016052246,90.93803405761719,11.691540718078613,2792.3798828125,35346.0,2.693000078201294
2019-02-28,2225.0,18.700000762939453,96.16000366210938,30.56999969482422,120.80000305175781,14.600000381469727,2784.489990234375,34486.0,2.7109999656677246,2225.0,16.77105140686035,96.16000366210938,22.814632415771484,88.27092742919922,11.612007141113281,2784.489990234375,34486.0,2.7109999656677246
2019-03-01,2225.0,18.850000381469727,96.52999877929688,29.059999465942383,117.4000015258789,14.550000190734863,2803.68994140625,33835.0,2.755000114440918,2225.0,16.905576705932617,96.52999877929688,21.68770408630371,85.78648376464844,11.572239875793457,2803.68994140625,33835.0,2.755000114440918
2019-03-04,2225.0,,96.68000030517578,28.389999389648438,,,2792.81005859375,,2.7219998836517334,2225.0,,96.68000030517578,21.18767738342285,,,2792.81005859375,,2.7219998836517334
2019-03-05,2225.0,,96.8499984741211,28.280000686645508,,,2789.64990234375,,2.7219998836517334,2225.0,,96.8499984741211,21.10558319091797,,,2789.64990234375,,2.7219998836517334
2019-03-06,2225.0,18.350000381469727,96.87000274658203,26.270000457763672,108.75,14.100000381469727,2771.449951171875,32340.0,2.691999912261963,2225.0,16.457155227661133,96.87000274658203,19.605506896972656,79.46574401855469,11.214335441589355,2771.449951171875,32340.0,2.691999912261963
2019-03-07,2225.0,18.5,97.66999816894531,25.600000381469727,109.0999984741211,13.899999618530273,2748.929931640625,33190.0,2.635999917984009,2225.0,16.5916805267334,97.66999816894531,19.10547637939453,79.72151184082031,11.055266380310059,2748.929931640625,33190.0,2.635999917984009
2019-03-08,2225.0,17.899999618530273,97.37000274658203,26.479999542236328,110.25,13.699999809265137,2743.070068359375,33020.0,2.625,2225.0,16.053573608398438,97.37000274658203,19.76222801208496,80.56182861328125,10.896197319030762,2743.070068359375,33020.0,2.625
2019-03-11,2225.0,18.049999237060547,97.22000122070312,27.469999313354492,113.5,13.850000381469727,2783.300048828125,33791.0,2.6429998874664307,2225.0,16.188095092773438,97.22000122070312,20.501073837280273,82.93669128417969,11.01550006866455,2783.300048828125,33791.0,2.6429998874664307
2019-03-12,2225.0,18.200000762939453,96.94000244140625,27.15999984741211,111.80000305175781,14.25,2791.52001953125,33681.0,2.6050000190734863,2225.0,16.32262420654297,96.94000244140625,20.269718170166016,81.69444274902344,11.333636283874512,2791.52001953125,33681.0,2.6050000190734863
2019-03-13,2225.0,17.799999237060547,96.55000305175781,27.6299991607666,113.6500015258789,14.600000381469727,2810.919921875,34023.0,2.6110000610351562,2225.0,15.963888168334961,96.55000305175781,20.6204891204834,83.0462875366211,11.612007141113281,2810.919921875,34023.0,2.6110000610351562
2019-03-14,2225.0,17.950000762939453,96.79000091552734,27.270000457763672,111.3499984741211,14.850000381469727,2808.47998046875,33531.0,2.630000114440918,2225.0,16.09841537475586,96.79000091552734,20.351818084716797,81.3656234741211,11.810842514038086,2808.47998046875,33531.0,2.630000114440918
2019-03-15,2225.0,18.149999618530273,96.5999984741211,28.31999969482422,113.30000305175781,15.0,2822.47998046875,33933.0,2.5929999351501465,2225.0,16.277782440185547,96.5999984741211,21.135440826416016,82.79053497314453,11.930144309997559,2822.47998046875,33933.0,2.5929999351501465
2019-03-18,2225.0,17.75,96.5199966430664,29.389999389648438,117.80000305175781,15.5,2832.93994140625,34939.0,2.6019999980926514,2225.0,15.919042587280273,96.5199966430664,21.933982849121094,86.07876586914062,12.327814102172852,2832.93994140625,34939.0,2.6019999980926514
2019-03-19,2225.0,17.600000381469727,96.37999725341797,28.889999389648438,116.3499984741211,15.0,2832.570068359375,34373.0,2.614000082015991,2225.0,15.784518241882324,96.37999725341797,21.56083106994629,85.01923370361328,11.930144309997559,2832.570068359375,34373.0,2.614000082015991
2019-03-20,2225.0,17.149999618530273,95.76000213623047,28.93000030517578,117.75,14.800000190734863,2824.22998046875,34744.0,2.5350000858306885,2225.0,15.38093376159668,95.76000213623047,21.590688705444336,86.042236328125,11.771075248718262,2824.22998046875,34744.0,2.5350000858306885
2019-03-21,2225.0,16.649999618530273,96.5,28.139999389648438,115.4000015258789,14.5,2854.8798828125,34186.0,2.5369999408721924,2225.0,14.932512283325195,96.5,21.001096725463867,84.3250503540039,11.532472610473633,2854.8798828125,34186.0,2.5369999408721924
2019-03-22,2225.0,16.799999237060547,96.6500015258789,25.84000015258789,108.5,14.100000381469727,2800.7099609375,32828.0,2.4549999237060547,2225.0,15.06704044342041,96.6500015258789,19.284589767456055,79.28307342529297,11.214335441589355,2800.7099609375,32828.0,2.4549999237060547
2019-03-25,2225.0,16.649999618530273,96.56999969482422,26.8700008392334,113.0999984741211,14.0,2798.360107421875,33166.0,2.4200000762939453,2225.0,14.932512283325195,96.56999969482422,20.05329132080078,82.64436340332031,11.134800910949707,2798.360107421875,33166.0,2.4200000762939453
2019-03-26,2225.0,16.399999618530273,96.73999786376953,25.479999542236328,107.94999694824219,14.449999809265137,2818.4599609375,32628.0,2.4140000343322754,2225.0,14.708300590515137,96.73999786376953,19.015918731689453,78.88118743896484,11.492706298828125,2818.4599609375,32628.0,2.4140000343322754
2019-03-27,2225.0,16.75,96.7699966430664,24.25,106.5999984741211,14.699999809265137,2805.3701171875,32175.0,2.374000072479248,2225.0,15.022195816040039,96.7699966430664,18.097963333129883,77.89471435546875,11.691540718078613,2805.3701171875,32175.0,2.374000072479248
2019-03-28,2225.0,16.5,97.19999694824219,24.860000610351562,108.8499984741211,15.050000190734863,2815.43994140625,32892.0,2.3889999389648438,2225.0,14.797985076904297,97.19999694824219,18.55321502685547,79.538818359375,11.969910621643066,2815.43994140625,32892.0,2.3889999389648438
2019-03-29,2225.0,17.25,97.27999877929688,25.520000457763672,110.69999694824219,15.600000381469727,2834.39990234375,33466.0,2.4140000343322754,2225.0,15.47061824798584,97.27999877929688,19.045778274536133,80.89064025878906,12.407349586486816,2834.39990234375,33466.0,2.4140000343322754
2019-04-01,2225.0,16.850000381469727,97.25,25.520000457763672,108.5999984741211,14.75,2867.18994140625,33007.0,2.496999979019165,2225.0,15.1118803024292,97.25,19.045778274536133,79.35617065429688,11.731307983398438,2867.18994140625,33007.0,2.496999979019165
2019-04-02,2225.0,,97.36000061035156,24.6299991607666,,,2867.239990234375,,2.4809999465942383,2225.0,,97.36000061035156,18.381559371948242,,,2867.239990234375,,2.4809999465942383
2019-04-03,2225.0,16.299999237060547,97.08999633789062,24.389999389648438,104.0999984741211,14.75,2873.39990234375,31765.0,2.5169999599456787,2225.0,14.618614196777344,97.08999633789062,18.20244598388672,76.06790924072266,11.731307983398438,2873.39990234375,31765.0,2.5169999599456787
2019-04-04,2225.0,16.200000762939453,97.30999755859375,24.610000610351562,107.05000305175781,14.75,2879.389892578125,32143.0,2.51200008392334,2225.0,14.528932571411133,97.30999755859375,18.366634368896484,78.2235336303711,11.731307983398438,2879.389892578125,32143.0,2.51200008392334
2019-04-05,2225.0,16.850000381469727,97.4000015258789,24.969999313354492,109.55000305175781,15.050000190734863,2892.739990234375,32667.0,2.500999927520752,2225.0,15.1118803024292,97.4000015258789,18.635303497314453,80.05033874511719,11.969910621643066,2892.739990234375,32667.0,2.500999927520752
2019-04-08,2225.0,17.049999237060547,97.05000305175781,25.469999313354492,110.5999984741211,15.0,2895.77001953125,33081.0,2.5190000534057617,2225.0,15.291251182556152,97.05000305175781,19.008459091186523,80.81759643554688,11.930144309997559,2895.77001953125,33081.0,2.5190000534057617
2019-04-09,2225.0,16.049999237060547,97.01000213623047,24.329999923706055,105.1500015258789,14.050000190734863,2878.199951171875,31743.0,2.499000072479248,2225.0,14.394402503967285,97.01000213623047,18.157670974731445,76.83517456054688,11.174568176269531,2878.199951171875,31743.0,2.499000072479248
2019-04-10,2225.0,16.450000762939453,96.94999694824219,25.18000030517578,108.69999694824219,14.699999809265137,2888.2099609375,32155.0,2.4769999980926514,2225.0,14.753143310546875,96.94999694824219,18.792034149169922,79.4292221069336,11.691540718078613,2888.2099609375,32155.0,2.4769999980926514
2019-04-11,2225.0,15.850000381469727,97.18000030517578,24.56999969482422,105.69999694824219,14.100000381469727,2888.320068359375,31501.0,2.503999948501587,2225.0,14.215033531188965,97.18000030517578,18.336776733398438,77.23706817626953,11.752252578735352,2888.320068359375,31501.0,2.503999948501587
2019-04-12,2225.0,15.050000190734863,96.97000122070312,25.610000610351562,107.9000015258789,13.399999618530273,2907.409912109375,31357.0,2.559999942779541,2225.0,13.49755573272705,96.97000122070312,19.112943649291992,78.8446273803711,11.168807029724121,2907.409912109375,31357.0,2.559999942779541
2019-04-15,2225.0,14.649999618530273,96.94000244140625,26.520000457763672,111.0999984741211,12.850000381469727,2905.580078125,31746.0,2.552999973297119,2225.0,13.138816833496094,96.94000244140625,19.792083740234375,81.18292999267578,10.710386276245117,2905.580078125,31746.0,2.552999973297119
2019-04-16,2225.0,15.100000381469727,97.04000091552734,25.780000686645508,110.80000305175781,13.0,2907.06005859375,32290.0,2.5920000076293945,2225.0,13.542398452758789,97.04000091552734,19.239816665649414,80.96372985839844,10.835410118103027,2907.06005859375,32290.0,2.5920000076293945
2019-04-17,2225.0,14.800000190734863,97.01000213623047,26.1299991607666,110.5,12.75,2900.449951171875,32037.0,2.5920000076293945,2225.0,13.273344039916992,97.01000213623047,19.501018524169922,80.74452209472656,10.627037048339844,2900.449951171875,32037.0,2.5920000076293945
2019-04-18,2225.0,,97.47000122070312,24.040000915527344,,,2905.030029296875,,2.559999942779541,2225.0,,97.47000122070312,17.941240310668945,,,2905.030029296875,,2.559999942779541
2019-04-22,2225.0,14.75,97.27999877929688,24.329999923706055,103.8499984741211,12.25,2907.969970703125,30787.0,2.5899999141693115,2225.0,13.22850227355957,97.27999877929688,18.157670974731445,75.88521575927734,10.210290908813477,2907.969970703125,30787.0,2.5899999141693115
2019-04-23,2225.0,14.800000190734863,97.56999969482422,24.530000686645508,104.0,12.199999809265137,2933.679931640625,30927.0,2.569999933242798,2225.0,13.273344039916992,97.56999969482422,18.306934356689453,75.99483489990234,10.168615341186523,2933.679931640625,30927.0,2.569999933242798
2019-04-24,2225.0,14.350000381469727,98.0999984741211,21.719999313354492,96.9000015258789,11.199999809265137,2927.25,29747.0,2.5220000743865967,2225.0,12.869762420654297,98.0999984741211,16.209802627563477,70.80673217773438,9.335123062133789,2927.25,29747.0,2.5220000743865967
2019-04-25,2225.0,14.399999618530273,98.19999694824219,21.1299991607666,95.25,11.199999809265137,2926.169921875,29557.0,2.5339999198913574,2225.0,12.914604187011719,98.19999694824219,15.769485473632812,69.60102081298828,9.335123062133789,2926.169921875,29557.0,2.5339999198913574
2019-04-26,2225.0,14.899999618530273,98.01000213623047,21.010000228881836,98.0,11.300000190734863,2939.8798828125,30001.0,2.505000114440918,2225.0,13.363029479980469,98.01000213623047,15.679924964904785,71.61051177978516,9.418472290039062,2939.8798828125,30001.0,2.505000114440918
2019-04-29,2225.0,15.100000381469727,97.86000061035156,21.290000915527344,95.19999694824219,11.350000381469727,2943.030029296875,28827.0,2.5360000133514404,2225.0,13.542398452758789,97.86000061035156,15.888893127441406,69.56449127197266,9.460147857666016,2943.030029296875,28827.0,2.5360000133514404
2019-04-30,2225.0,15.399999618530273,97.4800033569336,21.780000686645508,96.94999694824219,11.550000190734863,2945.830078125,29571.0,2.509000062942505,2225.0,13.81145191192627,97.4800033569336,16.254581451416016,70.84326934814453,9.626845359802246,2945.830078125,29571.0,2.509000062942505
2019-05-01,2225.0,,97.69000244140625,22.170000076293945,,,2923.72998046875,,2.510999917984009,2225.0,,97.69000244140625,16.545644760131836,,,2923.72998046875,,2.510999917984009
2019-05-02,2225.0,15.449999809265137,97.83000183105469,23.110000610351562,104.0,11.699999809265137,2917.52001953125,30817.0,2.552000045776367,2225.0,13.856294631958008,97.83000183105469,17.247175216674805,75.99483489990234,9.75186824798584,2917.52001953125,30817.0,2.552000045776367
2019-05-03,2225.0,15.5,97.5199966430664,24.489999771118164,109.19999694824219,12.449999809265137,2945.639892578125,32412.0,2.5309998989105225,2225.0,13.901137351989746,97.5199966430664,18.277084350585938,79.79456329345703,10.376988410949707,2945.639892578125,32412.0,2.5309998989105225
2019-05-06,2225.0,15.449999809265137,97.5199966430664,24.270000457763672,109.25,13.25,2932.469970703125,33001.0,2.5,2225.0,13.856294631958008,97.5199966430664,18.112892150878906,79.83112335205078,11.043783187866211,2932.469970703125,33001.0,2.5
2019-05-07,2225.0,15.199999809265137,97.62999725341797,23.440000534057617,105.3499984741211,13.149999618530273,2884.050048828125,32741.0,2.447999954223633,2225.0,13.63208293914795,97.62999725341797,17.493457794189453,77.97830963134766,10.960433959960938,2884.050048828125,32741.0,2.447999954223633
2019-05-08,2225.0,15.0,97.62000274658203,24.540000915527344,111.0999984741211,13.699999809265137,2879.419921875,33776.0,2.4820001125335693,2225.0,13.452713012695312,97.62000274658203,18.31439781188965,82.23438262939453,11.418854713439941,2879.419921875,33776.0,2.4820001125335693
2019-05-09,2225.0,14.850000381469727,97.37000274658203,25.549999237060547,113.9000015258789,13.649999618530273,2870.719970703125,34119.0,2.4570000171661377,2225.0,13.31818675994873,97.37000274658203,19.06816291809082,84.3069076538086,11.377181053161621,2870.719970703125,34119.0,2.4570000171661377
2019-05-10,2225.0,15.5,97.33000183105469,24.719999313354492,111.69999694824219,13.550000190734863,2881.39990234375,33394.0,2.4549999237060547,2225.0,13.901137351989746,97.33000183105469,18.448728561401367,82.67845916748047,11.293830871582031,2881.39990234375,33394.0,2.4549999237060547
2019-05-13,2225.0,15.699999809265137,97.31999969482422,23.809999465942383,107.4000015258789,13.550000190734863,2811.8701171875,32300.0,2.4049999713897705,2225.0,14.080507278442383,97.31999969482422,17.76959228515625,79.49568939208984,11.293830871582031,2811.8701171875,32300.0,2.4049999713897705
2019-05-14,2225.0,15.25,97.52999877929688,24.34000015258789,108.8499984741211,13.5,2834.409912109375,32511.0,2.4189999103546143,2225.0,13.676923751831055,97.52999877929688,18.165136337280273,80.56897735595703,11.252157211303711,2834.409912109375,32511.0,2.4189999103546143
2019-05-15,2225.0,15.350000381469727,97.56999969482422,24.760000228881836,111.9000015258789,13.399999618530273,2850.9599609375,33218.0,2.378999948501587,2225.0,13.766611099243164,97.56999969482422,18.71929931640625,82.82654571533203,11.168807029724121,2850.9599609375,33218.0,2.378999948501587
2019-05-16,2225.0,15.449999809265137,97.83999633789062,25.329999923706055,114.94999694824219,13.199999809265137,2876.320068359375,33892.0,2.4049999713897705,2225.0,13.856294631958008,97.83999633789062,19.150243759155273,85.08409118652344,11.00210952758789,2876.320068359375,33892.0,2.4049999713897705
2019-05-17,2225.0,15.600000381469727,98.0,24.43000030517578,110.69999694824219,13.199999809265137,2859.530029296875,33316.0,2.3929998874664307,2225.0,13.990822792053223,98.0,18.469812393188477,81.93830871582031,11.00210952758789,2859.530029296875,33316.0,2.3929998874664307
2019-05-20,2225.0,15.300000190734863,97.93000030517578,24.690000534057617,112.5999984741211,13.0,2840.22998046875,33493.0,2.4159998893737793,2225.0,13.721769332885742,97.93000030517578,18.666379928588867,83.34465789794922,10.835410118103027,2840.22998046875,33493.0,2.4159998893737793
2019-05-21,2225.0,15.5,98.05999755859375,26.079999923706055,117.25,13.0,2864.360107421875,34481.0,2.4260001182556152,2225.0,13.901137351989746,98.05999755859375,19.717260360717773,86.7865219116211,10.835410118103027,2864.360107421875,34481.0,2.4260001182556152
2019-05-22,2225.0,15.399999618530273,98.11000061035156,26.209999084472656,117.55000305175781,12.800000190734863,2856.27001953125,34579.0,2.3929998874664307,2225.0,13.81145191192627,98.11000061035156,19.8155460357666,87.00856018066406,10.66871166229248,2856.27001953125,34579.0,2.3929998874664307
2019-05-23,2225.0,15.350000381469727,97.8499984741211,25.969999313354492,117.6500015258789,12.699999809265137,2822.239990234375,34379.0,2.2960000038146973,2225.0,13.766611099243164,97.8499984741211,19.63409423828125,87.08258819580078,10.585362434387207,2822.239990234375,34379.0,2.2960000038146973
2019-05-24,2225.0,15.199999809265137,97.61000061035156,26.600000381469727,119.94999694824219,12.899999618530273,2826.06005859375,35085.0,2.3239998817443848,2225.0,13.63208293914795,97.61000061035156,20.110395431518555,88.78500366210938,10.752060890197754,2826.06005859375,35085.0,2.3239998817443848
2019-05-27,,15.25,,,119.8499984741211,12.899999618530273,,35449.0,,,13.676923751831055,,,88.71097564697266,10.752060890197754,,35449.0,
2019-05-28,2225.0,15.199999809265137,97.95999908447266,25.760000228881836,115.80000305175781,12.800000190734863,2802.389892578125,34644.0,2.2679998874664307,2225.0,13.63208293914795,97.95999908447266,19.475332260131836,85.71324157714844,10.66871166229248,2802.389892578125,34644.0,2.2679998874664307
2019-05-29,2225.0,15.149999618530273,98.13999938964844,25.59000015258789,114.1500015258789,12.800000190734863,2783.02001953125,33967.0,2.2360000610351562,2225.0,13.587241172790527,98.13999938964844,19.3468074798584,84.491943359375,10.66871166229248,2783.02001953125,33967.0,2.2360000610351562
2019-05-30,2225.0,14.899999618530273,98.13999938964844,25.90999984741211,115.94999694824219,12.600000381469727,2788.860107421875,34239.0,2.2269999980926514,2225.0,13.363029479980469,98.13999938964844,19.588733673095703,85.82427215576172,10.502013206481934,2788.860107421875,34239.0,2.2269999980926514
2019-05-31,2225.0,14.850000381469727,97.75,25.610000610351562,114.69999694824219,12.350000381469727,2752.06005859375,33950.0,2.1419999599456787,2225.0,13.31818675994873,97.75,19.361927032470703,84.89904022216797,10.29364013671875,2752.06005859375,33950.0,2.1419999599456787
2019-06-03,2225.0,14.949999809265137,97.13999938964844,25.0,112.0999984741211,12.300000190734863,2744.449951171875,33765.0,2.0810000896453857,2225.0,13.407870292663574,97.13999938964844,18.9007511138916,82.97456359863281,10.251964569091797,2744.449951171875,33765.0,2.0810000896453857
2019-06-04,2225.0,15.0,97.06999969482422,26.520000457763672,117.9000015258789,12.449999809265137,2803.27001953125,34701.0,2.11899995803833,2225.0,13.452713012695312,97.06999969482422,20.04991340637207,87.26765441894531,10.376988410949707,2803.27001953125,34701.0,2.11899995803833
2019-06-05,2225.0,15.0,97.37000274658203,26.969999313354492,121.05000305175781,12.199999809265137,2826.14990234375,35276.0,2.122999906539917,2225.0,13.452713012695312,97.37000274658203,20.390127182006836,89.59919738769531,10.168615341186523,2826.14990234375,35276.0,2.122999906539917
2019-06-06,2225.0,15.5,97.02999877929688,27.6200008392334,123.9000015258789,12.649999618530273,2843.489990234375,35734.0,2.124000072479248,2225.0,13.901137351989746,97.02999877929688,20.88154411315918,91.70870971679688,10.543686866760254,2843.489990234375,35734.0,2.124000072479248
2019-06-07,2225.0,15.649999618530273,96.61000061035156,27.40999984741211,123.1500015258789,12.600000381469727,2873.340087890625,35663.0,2.0840001106262207,2225.0,14.035662651062012,96.61000061035156,20.722782135009766,91.15360260009766,10.502013206481934,2873.340087890625,35663.0,2.0840001106262207
2019-06-10,2225.0,16.100000381469727,96.76000213623047,28.549999237060547,127.75,12.550000190734863,2886.72998046875,36453.0,2.1429998874664307,2225.0,14.439245223999023,96.76000213623047,21.58465003967285,94.55844116210938,10.460338592529297,2886.72998046875,36453.0,2.1429998874664307
2019-06-11,2225.0,16.600000381469727,96.69000244140625,30.780000686645508,135.0,13.100000381469727,2885.719970703125,38283.0,2.140000104904175,2225.0,14.88766860961914,96.69000244140625,23.270601272583008,99.92475891113281,10.9187593460083,2885.719970703125,38283.0,2.140000104904175
2019-06-12,2225.0,17.299999237060547,97.0,34.619998931884766,149.4499969482422,13.350000381469727,2879.840087890625,40698.0,2.127000093460083,2225.0,15.515461921691895,97.0,26.17375946044922,110.62039947509766,11.1271333694458,2879.840087890625,40698.0,2.127000093460083
2019-06-13,2225.0,16.950000762939453,97.01000213623047,34.04999923706055,148.3000030517578,13.350000381469727,2891.639892578125,40646.0,2.0910000801086426,2225.0,15.201567649841309,97.01000213623047,25.742822647094727,109.76921081542969,11.1271333694458,2891.639892578125,40646.0,2.0910000801086426
2019-06-14,2225.0,16.600000381469727,97.56999969482422,32.900001525878906,145.5500030517578,13.5,2886.97998046875,40488.0,2.0929999351501465,2225.0,14.88766860961914,97.56999969482422,24.87338638305664,107.73369598388672,11.252157211303711,2886.97998046875,40488.0,2.0929999351501465
2019-06-17,2225.0,,97.55999755859375,33.029998779296875,,,2889.669921875,,2.0859999656677246,2225.0,,97.55999755859375,24.971668243408203,,,2889.669921875,,2.0859999656677246
2019-06-18,2225.0,16.700000762939453,97.63999938964844,33.59000015258789,146.4499969482422,13.350000381469727,2917.75,40688.0,2.059999942779541,2225.0,14.977355003356934,97.63999938964844,25.39504623413086,108.3998794555664,11.1271333694458,2917.75,40688.0,2.059999942779541
2019-06-19,2225.0,16.5,97.12000274658203,32.70000076293945,142.10000610351562,12.850000381469727,2926.4599609375,39862.0,2.0290000438690186,2225.0,14.797985076904297,97.12000274658203,24.722183227539062,105.18006896972656,10.710386276245117,2926.4599609375,39862.0,2.0290000438690186
2019-06-20,2225.0,,96.62999725341797,33.90999984741211,,,2954.179931640625,,2.000999927520752,2225.0,,96.62999725341797,25.636980056762695,,,2954.179931640625,,2.000999927520752
2019-06-21,2225.0,16.100000381469727,96.22000122070312,34.130001068115234,146.5,12.600000381469727,2950.4599609375,40295.0,2.068000078201294,2225.0,14.439245223999023,96.22000122070312,25.80330467224121,108.4368896484375,10.502013206481934,2950.4599609375,40295.0,2.068000078201294
2019-06-24,2225.0,16.0,95.9800033569336,34.279998779296875,145.6999969482422,12.649999618530273,2945.35009765625,40112.0,2.0209999084472656,2225.0,14.34956169128418,95.9800033569336,25.916706085205078,107.84474182128906,10.543686866760254,2945.35009765625,40112.0,2.0209999084472656
2019-06-25,2225.0,16.799999237060547,96.16000366210938,34.7599983215332,147.64999389648438,13.0,2917.3798828125,40292.0,1.99399995803833,2225.0,15.06704044342041,96.16000366210938,26.27959442138672,109.2880859375,10.835410118103027,2917.3798828125,40292.0,1.99399995803833
2019-06-26,2225.0,17.25,96.20999908447266,33.709999084472656,144.0,12.600000381469727,2913.780029296875,39917.0,2.0490000247955322,2225.0,15.47061824798584,96.20999908447266,25.485767364501953,106.5864028930664,10.502013206481934,2913.780029296875,39917.0,2.0490000247955322
2019-06-27,1820.0,17.649999618530273,96.19000244140625,33.90999984741211,145.60000610351562,12.800000190734863,2924.919921875,41128.0,2.005000114440918,1820.0,15.829357147216797,96.19000244140625,25.636980056762695,107.77069854736328,10.66871166229248,2924.919921875,41128.0,2.005000114440918
2019-06-28,1820.0,18.0,96.12999725341797,35.5,151.60000610351562,13.800000190734863,2941.760009765625,41796.0,2.0,1820.0,16.14325523376465,96.12999725341797,26.83906364440918,112.21179962158203,11.502204895019531,2941.760009765625,41796.0,2.0
2019-07-01,1793.5,18.600000381469727,96.83999633789062,35.5099983215332,150.1999969482422,13.800000190734863,2964.330078125,41508.0,2.0339999198913574,1793.5,16.681365966796875,96.83999633789062,26.846622467041016,111.17557525634766,11.502204895019531,2964.330078125,41508.0,2.0339999198913574
2019-07-02,1778.5,18.75,96.7300033569336,36.72999954223633,154.85000610351562,13.75,2973.010009765625,41793.0,1.9759999513626099,1778.5,16.815895080566406,96.7300033569336,27.768983840942383,114.61743927001953,11.460530281066895,2973.010009765625,41793.0,1.9759999513626099
2019-07-03,1794.0,19.200000762939453,96.7699966430664,36.45000076293945,150.9499969482422,13.699999809265137,2995.820068359375,41304.0,1.9529999494552612,1794.0,17.21947479248047,96.7699966430664,27.557292938232422,111.73070526123047,11.418854713439941,2995.820068359375,41304.0,1.9529999494552612
2019-07-04,,19.149999618530273,,,151.85000610351562,13.75,,41380.0,,,17.174631118774414,,,112.39688110351562,11.460530281066895,,41380.0,
2019-07-05,1806.75,19.25,97.25,36.400001525878906,152.64999389648438,14.350000381469727,2990.409912109375,41756.0,2.0480000972747803,1806.75,17.26431655883789,97.25,27.51949119567871,112.98897552490234,11.960625648498535,2990.409912109375,41756.0,2.0480000972747803
2019-07-08,1811.75,,97.37999725341797,37.4900016784668,,,2975.949951171875,,2.0339999198913574,1811.75,,97.37999725341797,28.34356689453125,,,2975.949951171875,,2.0339999198913574
2019-07-09,1838.5,,97.48999786376953,38.150001525878906,,,2979.6298828125,,2.053999900817871,1838.5,,97.48999786376953,28.84254264831543,,,2979.6298828125,,2.053999900817871
2019-07-10,1861.5,19.100000381469727,97.0999984741211,38.0,159.0,14.850000381469727,2993.070068359375,42807.0,2.061000108718872,1861.5,17.129791259765625,97.0999984741211,28.729135513305664,117.68915557861328,12.377372741699219,2993.070068359375,42807.0,2.061000108718872
2019-07-11,1865.0,19.399999618530273,97.05000305175781,37.93000030517578,158.35000610351562,15.100000381469727,2999.909912109375,42856.0,2.119999885559082,1865.0,17.398839950561523,97.05000305175781,28.676218032836914,117.20804595947266,12.585745811462402,2999.909912109375,42856.0,2.119999885559082
2019-07-12,1860.0,19.0,96.80999755859375,37.86000061035156,158.10000610351562,14.75,3013.77001953125,42753.0,2.1059999465942383,1860.0,17.040103912353516,96.80999755859375,28.623292922973633,117.02297973632812,12.294023513793945,3013.77001953125,42753.0,2.1059999465942383
2019-07-15,1860.0,18.899999618530273,96.93000030517578,35.869998931884766,151.8000030517578,14.199999809265137,3014.300048828125,41257.0,2.0920000076293945,1860.0,16.950420379638672,96.93000030517578,27.11879539489746,112.35986328125,11.835601806640625,3014.300048828125,41257.0,2.0920000076293945
2019-07-16,1860.0,18.700000762939453,97.4000015258789,36.16999816894531,154.1999969482422,14.0,3004.0400390625,41788.0,2.121999979019165,1860.0,16.77105140686035,97.4000015258789,27.345603942871094,114.13629150390625,11.668903350830078,3004.0400390625,41788.0,2.121999979019165
2019-07-17,1860.0,18.299999237060547,97.22000122070312,35.90999984741211,152.89999389648438,13.800000190734863,2984.419921875,41451.0,2.061000108718872,1860.0,16.412311553955078,97.22000122070312,27.149032592773438,113.17405700683594,11.502204895019531,2984.419921875,41451.0,2.061000108718872
2019-07-18,1863.0,18.049999237060547,96.79000091552734,35.34000015258789,150.39999389648438,13.5,2995.110107421875,40753.0,2.0380001068115234,1863.0,16.188095092773438,96.79000091552734,26.718093872070312,111.32357025146484,11.252157211303711,2995.110107421875,40753.0,2.0380001068115234
2019-07-19,1880.0,18.149999618530273,97.1500015258789,34.900001525878906,148.4499969482422,13.5,2976.610107421875,40162.0,2.0480000972747803,1880.0,16.277782440185547,97.1500015258789,26.38544273376465,109.8802261352539,11.252157211303711,2976.610107421875,40162.0,2.0480000972747803
2019-07-22,1880.0,17.700000762939453,97.26000213623047,33.5,142.0,13.399999618530273,2985.030029296875,38730.0,2.0429999828338623,1880.0,15.874201774597168,97.26000213623047,25.327003479003906,105.1060562133789,11.168807029724121,2985.030029296875,38730.0,2.0429999828338623
2019-07-23,1880.0,17.600000381469727,97.70999908447266,33.790000915527344,144.60000610351562,13.0,3005.469970703125,39204.0,2.0739998817443848,1880.0,15.784518241882324,97.70999908447266,25.546255111694336,107.0305404663086,10.835410118103027,3005.469970703125,39204.0,2.0739998817443848
2019-07-24,1880.0,17.5,97.7300033569336,33.939998626708984,146.10000610351562,13.550000190734863,3019.56005859375,39785.0,2.049999952316284,1880.0,15.69483470916748,97.7300033569336,25.659656524658203,108.14081573486328,11.293830871582031,3019.56005859375,39785.0,2.049999952316284
2019-07-25,1880.0,17.0,97.81999969482422,33.970001220703125,147.64999389648438,13.149999618530273,3003.669921875,39884.0,2.0739998817443848,1880.0,15.246408462524414,97.81999969482422,25.682336807250977,109.2880859375,10.960433959960938,3003.669921875,39884.0,2.0739998817443848
2019-07-26,1880.0,17.450000762939453,98.01000213623047,37.41999816894531,163.14999389648438,13.75,3025.860107421875,41984.0,2.0810000896453857,1880.0,15.649988174438477,98.01000213623047,28.29064178466797,120.76094818115234,11.460530281066895,3025.860107421875,41984.0,2.0810000896453857
2019-07-29,1880.0,17.700000762939453,98.04000091552734,38.189998626708984,167.4499969482422,14.199999809265137,3020.969970703125,42786.0,2.055000066757202,1880.0,15.874201774597168,98.04000091552734,28.872785568237305,123.94371795654297,11.835601806640625,3020.969970703125,42786.0,2.055000066757202
2019-07-30,1875.25,17.399999618530273,98.05000305175781,37.599998474121094,164.89999389648438,14.100000381469727,3013.179931640625,42463.0,2.061000108718872,1875.25,15.605148315429688,98.05000305175781,28.42673110961914,122.05623626708984,11.752252578735352,3013.179931640625,42463.0,2.061000108718872
2019-07-31,1860.75,17.700000762939453,98.5199966430664,36.7400016784668,162.0500030517578,13.949999809265137,2980.3798828125,42058.0,2.0209999084472656,1860.75,15.874201774597168,98.5199966430664,27.776540756225586,119.94673156738281,11.627228736877441,2980.3798828125,42058.0,2.0209999084472656
2019-08-01,1842.0,17.399999618530273,98.38999938964844,35.40999984741211,158.6999969482422,13.899999618530273,2953.56005859375,41411.0,1.8940000534057617,1842.0,15.605148315429688,98.38999938964844,26.771024703979492,117.46713256835938,11.585554122924805,2953.56005859375,41411.0,1.8940000534057617
2019-08-02,1832.5,17.850000381469727,98.0999984741211,35.02000045776367,157.10000610351562,14.300000190734863,2932.050048828125,41359.0,1.8550000190734863,1832.5,16.00872802734375,98.0999984741211,26.47616958618164,116.28282165527344,11.918951034545898,2932.050048828125,41359.0,1.8550000190734863
2019-08-05,1823.5,17.549999237060547,97.5,34.08000183105469,155.85000610351562,14.5,2844.739990234375,40873.0,1.7350000143051147,1823.5,15.73967456817627,97.5,25.7655029296875,115.35762786865234,12.085649490356445,2844.739990234375,40873.0,1.7350000143051147
2019-08-06,1820.75,17.75,97.62999725341797,35.31999969482422,160.64999389648438,14.300000190734863,2881.77001953125,41317.0,1.7389999628067017,1820.75,15.919042587280273,97.62999725341797,26.702974319458008,118.91046905517578,11.918951034545898,2881.77001953125,41317.0,1.7389999628067017
2019-08-07,1811.75,17.450000762939453,97.54000091552734,34.540000915527344,157.60000610351562,14.449999809265137,2883.97998046875,40949.0,1.684000015258789,1811.75,15.649988174438477,97.54000091552734,26.11327362060547,116.6529312133789,12.043975830078125,2883.97998046875,40949.0,1.684000015258789
2019-08-08,1848.25,17.149999618530273,97.62000274658203,34.95000076293945,158.9499969482422,14.149999618530273,2938.090087890625,41094.0,1.715999960899353,1848.25,15.38093376159668,97.62000274658203,26.423246383666992,117.65216827392578,11.793927192687988,2938.090087890625,41094.0,1.715999960899353
2019-08-09,1842.0,17.549999237060547,97.48999786376953,38.16999816894531,174.5500030517578,14.399999618530273,2918.64990234375,44355.0,1.7339999675750732,1842.0,15.73967456817627,97.48999786376953,28.857669830322266,129.1990203857422,12.002301216125488,2918.64990234375,44355.0,1.7339999675750732
2019-08-12,1832.75,14.5,97.37999725341797,16.75,92.4000015258789,10.850000381469727,2882.699951171875,27531.0,1.6390000581741333,1832.75,13.004290580749512,97.37999725341797,12.663501739501953,68.3929672241211,9.043400764465332,2882.699951171875,27531.0,1.6390000581741333
2019-08-13,1847.25,17.25,97.80999755859375,17.229999542236328,100.5,11.75,2926.320068359375,30345.0,1.6799999475479126,1847.25,15.47061824798584,97.80999755859375,13.026392936706543,74.38843536376953,9.793543815612793,2926.320068359375,30345.0,1.6799999475479126
2019-08-14,1839.25,17.5,97.98999786376953,16.579999923706055,102.44999694824219,10.899999618530273,2840.60009765625,29921.0,1.5809999704360962,1839.25,15.69483470916748,97.98999786376953,12.534976959228516,75.83180236816406,9.085074424743652,2840.60009765625,29921.0,1.5809999704360962
2019-08-15,1845.5,19.350000381469727,98.13999938964844,17.469999313354492,101.9000015258789,12.149999618530273,2847.60009765625,31039.0,1.5290000438690186,1845.5,17.354001998901367,98.13999938964844,13.207843780517578,75.42469024658203,10.12693977355957,2847.60009765625,31039.0,1.5290000438690186
2019-08-16,1857.25,19.600000381469727,98.13999938964844,17.739999771118164,100.6500015258789,12.399999618530273,2888.679931640625,30407.0,1.5390000343322754,1857.25,17.57821273803711,98.13999938964844,13.41197395324707,74.49946594238281,10.33531379699707,2888.679931640625,30407.0,1.5390000343322754
2019-08-19,1855.0,,98.3499984741211,14.949999809265137,,,2923.64990234375,,1.5980000495910645,1855.0,,98.3499984741211,11.30264663696289,,,2923.64990234375,,1.5980000495910645
2019-08-20,1842.25,19.5,98.19000244140625,15.140000343322754,84.3499984741211,12.100000381469727,2900.510009765625,27231.0,1.5609999895095825,1842.25,17.488529205322266,98.19000244140625,11.446293830871582,62.43446731567383,10.085267066955566,2900.510009765625,27231.0,1.5609999895095825
2019-08-21,1836.0,20.850000381469727,98.30000305175781,15.59000015258789,86.3499984741211,12.949999809265137,2924.429931640625,27978.0,1.5770000219345093,1836.0,18.69927215576172,98.30000305175781,11.786503791809082,63.914833068847656,10.79373550415039,2924.429931640625,27978.0,1.5770000219345093
2019-08-22,1821.0,20.700000762939453,98.16999816894531,15.550000190734863,86.75,13.0,2922.949951171875,27983.0,1.6100000143051147,1821.0,18.564748764038086,98.16999816894531,11.756266593933105,64.21092987060547,10.835410118103027,2922.949951171875,27983.0,1.6100000143051147
2019-08-23,1823.75,20.600000381469727,97.63999938964844,14.6899995803833,80.80000305175781,12.550000190734863,2847.110107421875,26586.0,1.527999997138977,1823.75,18.475059509277344,97.63999938964844,11.10607624053955,59.806827545166016,10.460338592529297,2847.110107421875,26586.0,1.527999997138977
2019-08-26,1823.75,20.950000762939453,98.08000183105469,13.949999809265137,77.0,12.600000381469727,2878.3798828125,25848.0,1.5449999570846558,1823.75,18.788957595825195,98.08000183105469,10.546618461608887,56.994110107421875,10.502013206481934,2878.3798828125,25848.0,1.5449999570846558
2019-08-27,1817.5,20.049999237060547,98.0,12.869999885559082,72.8499984741211,11.649999618530273,2869.159912109375,24623.0,1.4900000095367432,1817.5,17.981792449951172,98.0,9.73010540008545,53.92237091064453,9.71019458770752,2869.159912109375,24623.0,1.4900000095367432
2019-08-28,1807.0,20.25,98.20999908447266,12.739999771118164,75.69999694824219,11.75,2887.93994140625,25458.0,1.465999960899353,1807.0,18.161161422729492,98.20999908447266,9.631820678710938,56.03187561035156,9.793543815612793,2887.93994140625,25458.0,1.465999960899353
2019-08-29,1759.0,19.600000381469727,98.51000213623047,11.899999618530273,69.19999694824219,11.5,2924.580078125,23985.0,1.5160000324249268,1759.0,17.57821273803711,98.51000213623047,8.996756553649902,51.2206916809082,9.585171699523926,2924.580078125,23985.0,1.5160000324249268
2019-08-30,1758.0,21.0,98.91999816894531,10.84000015258789,69.1500015258789,11.0,2926.4599609375,24609.0,1.50600004196167,1758.0,18.83380126953125,98.91999816894531,8.195366859436035,51.183685302734375,9.168424606323242,2926.4599609375,24609.0,1.50600004196167
2019-09-02,,22.0,,,71.6500015258789,11.600000381469727,,26195.0,,,19.73064613342285,,,53.034149169921875,9.668519973754883,,26195.0,
2019-09-03,1751.75,20.899999618530273,98.94999694824219,9.569999694824219,59.25,11.100000381469727,2906.27001953125,23079.0,1.465999960899353,1751.75,18.74411392211914,98.94999694824219,7.235207557678223,43.855865478515625,9.251773834228516,2906.27001953125,23079.0,1.465999960899353
2019-09-04,1770.5,21.100000381469727,98.44999694824219,11.050000190734863,67.3499984741211,12.149999618530273,2937.780029296875,24665.0,1.4589999914169312,1770.5,18.923484802246094,98.44999694824219,8.354132652282715,49.851356506347656,10.12693977355957,2937.780029296875,24665.0,1.4589999914169312
2019-09-05,1785.0,21.049999237060547,98.41000366210938,11.449999809265137,72.25,12.75,2976.0,26932.0,1.565000057220459,1785.0,18.87864112854004,98.41000366210938,8.656542778015137,53.4782600402832,10.627037048339844,2976.0,26932.0,1.565000057220459
2019-09-06,1788.75,20.549999237060547,98.38999938964844,11.729999542236328,76.1500015258789,12.899999618530273,2978.7099609375,27660.0,1.5499999523162842,1788.75,18.43021583557129,98.38999938964844,8.868229866027832,56.364967346191406,10.752060890197754,2978.7099609375,27660.0,1.5499999523162842
2019-09-09,1799.5,19.950000762939453,98.27999877929688,11.800000190734863,75.80000305175781,13.350000381469727,2978.429931640625,27176.0,1.621999979019165,1799.5,17.892108917236328,98.27999877929688,8.921154975891113,56.105899810791016,11.1271333694458,2978.429931640625,27176.0,1.621999979019165
2019-09-10,1818.5,20.299999237060547,98.33000183105469,11.899999618530273,79.6500015258789,13.899999618530273,2979.389892578125,28432.0,1.7020000219345093,1818.5,18.20600700378418,98.33000183105469,8.996756553649902,58.955596923828125,11.585554122924805,2979.389892578125,28432.0,1.7020000219345093
2019-09-11,1825.25,21.0,98.6500015258789,12.020000457763672,79.75,14.199999809265137,3000.929931640625,28618.0,1.7330000400543213,1825.25,18.83380126953125,98.6500015258789,9.087478637695312,59.029624938964844,11.835601806640625,3000.929931640625,28618.0,1.7330000400543213
2019-09-12,1798.25,21.75,98.30999755859375,11.779999732971191,80.80000305175781,14.649999618530273,3009.570068359375,29115.0,1.7910000085830688,1798.25,19.50643539428711,98.30999755859375,8.906031608581543,59.806827545166016,12.210673332214355,3009.570068359375,29115.0,1.7910000085830688
2019-09-13,1807.0,22.850000381469727,98.26000213623047,11.130000114440918,80.5999984741211,15.550000190734863,3007.389892578125,30136.0,1.902999997138977,1807.0,20.49296760559082,98.26000213623047,8.414613723754883,59.658782958984375,12.960817337036133,3007.389892578125,30136.0,1.902999997138977
2019-09-16,1791.0,23.450000762939453,98.6500015258789,11.829999923706055,82.55000305175781,15.5,2997.9599609375,30561.0,1.840999960899353,1791.0,21.031076431274414,98.6500015258789,8.943832397460938,61.10213851928711,12.919142723083496,2997.9599609375,30561.0,1.840999960899353
2019-09-17,1778.75,23.299999237060547,98.26000213623047,12.029999732971191,83.8499984741211,15.0,3005.699951171875,30151.0,1.812000036239624,1778.75,20.896549224853516,98.26000213623047,9.095038414001465,62.06439208984375,12.502396583557129,3005.699951171875,30151.0,1.812000036239624
2019-09-18,1783.0,23.299999237060547,98.5999984741211,11.84000015258789,82.3499984741211,15.25,3006.72998046875,30071.0,1.7860000133514404,1783.0,20.896549224853516,98.5999984741211,8.951394081115723,60.9540901184082,12.710769653320312,3006.72998046875,30071.0,1.7860000133514404
2019-09-19,1798.75,22.850000381469727,98.2699966430664,12.229999542236328,83.0999984741211,15.350000381469727,3006.7900390625,30414.0,1.7740000486373901,1798.75,20.49296760559082,98.2699966430664,9.246244430541992,61.509246826171875,12.794119834899902,3006.7900390625,30414.0,1.7740000486373901
2019-09-20,1800.5,22.700000762939453,98.51000213623047,11.899999618530273,81.55000305175781,15.399999618530273,2992.070068359375,30061.0,1.7549999952316284,1800.5,20.358440399169922,98.51000213623047,8.996756553649902,60.36195373535156,12.835793495178223,2992.070068359375,30061.0,1.7549999952316284
2019-09-23,1790.5,21.799999237060547,98.5999984741211,11.869999885559082,80.0,15.100000381469727,2991.780029296875,29152.0,1.7079999446868896,1790.5,19.551279067993164,98.5999984741211,8.974074363708496,59.21466064453125,12.585745811462402,2991.780029296875,29152.0,1.7079999446868896
2019-09-24,1767.75,21.600000381469727,98.33999633789062,11.779999732971191,76.94999694824219,14.649999618530273,2966.60009765625,27820.0,1.6349999904632568,1767.75,19.371910095214844,98.33999633789062,8.906031608581543,56.95710754394531,12.210673332214355,2966.60009765625,27820.0,1.6349999904632568
2019-09-25,1759.5,21.75,99.04000091552734,12.359999656677246,79.0,14.649999618530273,2984.8701171875,28212.0,1.7319999933242798,1759.5,19.50643539428711,99.04000091552734,9.34453010559082,58.4744987487793,12.210673332214355,2984.8701171875,28212.0,1.7319999933242798
2019-09-26,1750.5,21.850000381469727,99.20999908447266,12.399999618530273,79.44999694824219,15.149999618530273,2977.6201171875,28168.0,1.684999942779541,1750.5,19.596120834350586,99.20999908447266,9.374770164489746,58.807586669921875,12.627420425415039,2977.6201171875,28168.0,1.684999942779541
2019-09-27,1748.25,21.600000381469727,99.11000061035156,13.069999694824219,82.25,15.300000190734863,2961.7900390625,28878.0,1.6749999523162842,1748.25,19.371910095214844,99.11000061035156,9.881312370300293,60.880096435546875,12.75244426727295,2961.7900390625,28878.0,1.6749999523162842
2019-09-30,1732.25,21.399999618530273,99.37999725341797,13.0,81.55000305175781,15.699999809265137,2976.739990234375,29067.0,1.6749999523162842,1732.25,19.19253921508789,99.37999725341797,9.828390121459961,60.36195373535156,13.085841178894043,2976.739990234375,29067.0,1.6749999523162842
2019-10-01,1737.25,22.25,99.12999725341797,12.760000228881836,84.25,15.899999618530273,2940.25,30066.0,1.6440000534057617,1737.25,19.95486068725586,99.12999725341797,9.646943092346191,62.3604621887207,13.25253963470459,2940.25,30066.0,1.6440000534057617
2019-10-02,1707.25,22.700000762939453,99.04000091552734,13.130000114440918,87.3499984741211,15.949999809265137,2887.610107421875,30792.0,1.5959999561309814,1707.25,20.358440399169922,99.04000091552734,9.926671028137207,64.655029296875,13.294215202331543,2887.610107421875,30792.0,1.5959999561309814
2019-10-03,1711.5,22.700000762939453,98.86000061035156,13.109999656677246,85.55000305175781,16.75,2910.6298828125,30366.0,1.5360000133514404,1711.5,20.358440399169922,98.86000061035156,9.911552429199219,63.32270431518555,13.96100902557373,2910.6298828125,30366.0,1.5360000133514404
2019-10-04,1719.5,22.600000381469727,98.80999755859375,13.510000228881836,89.80000305175781,17.049999237060547,2952.010009765625,31817.0,1.5149999856948853,1719.5,20.268756866455078,98.80999755859375,10.21396541595459,66.46847534179688,14.21105670928955,2952.010009765625,31817.0,1.5149999856948853
2019-10-07,1739.75,22.799999237060547,98.98999786376953,13.359999656677246,87.75,17.200000762939453,2938.7900390625,30941.0,1.5529999732971191,1739.75,20.448123931884766,98.98999786376953,10.100560188293457,64.95111083984375,14.336082458496094,2938.7900390625,30941.0,1.5529999732971191
2019-10-08,1749.75,23.100000381469727,99.13999938964844,12.710000038146973,84.9000015258789,16.899999618530273,2893.06005859375,30257.0,1.5369999408721924,1749.75,20.717178344726562,99.13999938964844,9.609140396118164,62.84156036376953,14.08603286743164,2893.06005859375,30257.0,1.5369999408721924
2019-10-09,1743.0,23.450000762939453,99.12000274658203,12.75,86.19999694824219,16.75,2919.39990234375,30338.0,1.5889999866485596,1743.0,21.031076431274414,99.12000274658203,9.639381408691406,63.8038215637207,13.96100902557373,2919.39990234375,30338.0,1.5889999866485596
2019-10-10,1752.0,24.75,98.70999908447266,13.390000343322754,90.44999694824219,17.200000762939453,2938.1298828125,31743.0,1.6579999923706055,1752.0,22.196977615356445,98.70999908447266,10.123242378234863,66.9495849609375,14.336082458496094,2938.1298828125,31743.0,1.6579999923706055
2019-10-11,1717.25,25.0,98.30000305175781,13.0600004196167,90.30000305175781,17.0,2970.27001953125,31798.0,1.7519999742507935,1717.25,22.421188354492188,98.30000305175781,9.873750686645508,66.83856964111328,14.169382095336914,2970.27001953125,31798.0,1.7519999742507935
2019-10-14,1714.0,,98.44999694824219,12.850000381469727,,,2966.14990234375,,1.7330000400543213,1714.0,,98.44999694824219,9.714985847473145,,,2966.14990234375,,1.7330000400543213
2019-10-15,1724.5,24.649999618530273,98.29000091552734,13.239999771118164,90.5,16.5,2995.679931640625,31334.0,1.7710000276565552,1724.5,22.107290267944336,98.29000091552734,10.00983715057373,66.98660278320312,13.752635955810547,2995.679931640625,31334.0,1.7710000276565552
2019-10-16,1727.5,23.649999618530273,98.01000213623047,12.850000381469727,88.5,16.200000762939453,2989.68994140625,30759.0,1.7480000257492065,1727.5,21.2104434967041,98.01000213623047,9.714985847473145,65.50624084472656,13.502588272094727,2989.68994140625,30759.0,1.7480000257492065
2019-10-17,1731.75,24.600000381469727,97.61000061035156,12.510000228881836,91.80000305175781,16.549999237060547,2997.949951171875,31995.0,1.7569999694824219,1731.75,22.062450408935547,97.61000061035156,9.457935333251953,67.94883728027344,13.794310569763184,2997.949951171875,31995.0,1.7569999694824219
2019-10-18,1746.5,24.850000381469727,97.27999877929688,12.510000228881836,93.05000305175781,16.600000381469727,2986.199951171875,31969.0,1.746999979019165,1746.5,22.286663055419922,97.27999877929688,9.457935333251953,68.87407684326172,13.835986137390137,2986.199951171875,31969.0,1.746999979019165
2019-10-21,1744.0,24.149999618530273,97.33000183105469,12.84000015258789,95.94999694824219,16.950000762939453,3006.719970703125,32551.0,1.7920000553131104,1744.0,21.65886878967285,97.33000183105469,9.70742416381836,71.02059173583984,14.127708435058594,3006.719970703125,32551.0,1.7920000553131104
2019-10-22,1727.5,25.399999618530273,97.52999877929688,12.380000114440918,97.5999984741211,17.399999618530273,2995.989990234375,33263.0,1.7680000066757202,1727.5,22.77992820739746,97.52999877929688,9.359649658203125,72.24190521240234,14.502779960632324,2995.989990234375,33263.0,1.7680000066757202
2019-10-23,1742.0,24.549999237060547,97.47000122070312,12.6899995803833,97.19999694824219,17.399999618530273,3004.52001953125,32775.0,1.7589999437332153,1742.0,22.017606735229492,97.47000122070312,9.594018936157227,71.94581604003906,14.502779960632324,3004.52001953125,32775.0,1.7589999437332153
2019-10-24,1735.0,26.25,97.62999725341797,12.420000076293945,97.44999694824219,18.700000762939453,3010.2900390625,33476.0,1.7660000324249268,1735.0,23.542247772216797,97.62999725341797,9.389893531799316,72.13087463378906,15.586321830749512,3010.2900390625,33476.0,1.7660000324249268
2019-10-25,1740.5,27.850000381469727,97.83000183105469,12.729999542236328,101.25,19.399999618530273,3022.550048828125,34522.0,1.8009999990463257,1740.5,24.97720718383789,97.83000183105469,9.624259948730469,74.9435806274414,16.16976547241211,3022.550048828125,34522.0,1.8009999990463257
2019-10-28,1751.0,27.899999618530273,97.76000213623047,11.279999732971191,92.0,20.899999618530273,3039.419921875,33177.0,1.8530000448226929,1751.0,25.022045135498047,97.76000213623047,8.528018951416016,68.09687042236328,17.42000389099121,3039.419921875,33177.0,1.8530000448226929
2019-10-29,1745.0,29.450000762939453,97.69000244140625,11.390000343322754,86.0,22.049999237060547,3036.889892578125,32544.0,1.8350000381469727,1745.0,26.41216278076172,97.69000244140625,8.61117935180664,63.65576934814453,18.378520965576172,3036.889892578125,32544.0,1.8350000381469727
2019-10-30,1760.25,31.450000762939453,97.6500015258789,11.399999618530273,89.6500015258789,22.75,3046.77001953125,33889.0,1.7979999780654907,1760.25,28.205860137939453,97.6500015258789,8.618741989135742,66.3574447631836,18.96196937561035,3046.77001953125,33889.0,1.7979999780654907
2019-10-31,1763.0,33.79999923706055,97.3499984741211,11.5600004196167,92.0999984741211,23.5,3037.56005859375,34995.0,1.690999984741211,1763.0,30.313447952270508,97.3499984741211,8.739705085754395,68.17090606689453,19.587087631225586,3037.56005859375,34995.0,1.690999984741211
2019-11-01,1794.0,36.70000076293945,97.23999786376953,11.789999961853027,94.0,25.0,3066.909912109375,35743.0,1.7280000448226929,1794.0,33.43864440917969,97.23999786376953,8.913593292236328,69.57723999023438,20.83732795715332,3066.909912109375,35743.0,1.7280000448226929
2019-11-04,1809.5,37.5,97.51000213623047,12.539999961853027,101.44999694824219,25.75,3078.27001953125,37279.0,1.7860000133514404,1809.5,34.16755294799805,97.51000213623047,9.48061466217041,75.09161376953125,21.462448120117188,3078.27001953125,37279.0,1.7860000133514404
2019-11-05,1811.5,36.099998474121094,97.9800033569336,12.680000305175781,100.55000305175781,24.600000381469727,3074.6201171875,36870.0,1.8660000562667847,1811.5,32.8919563293457,97.9800033569336,9.586461067199707,74.42545318603516,20.503929138183594,3074.6201171875,36870.0,1.8660000562667847
2019-11-06,1809.0,34.95000076293945,97.94999694824219,12.199999809265137,96.6500015258789,23.75,3076.780029296875,35501.0,1.8140000104904175,1809.0,31.844160079956055,97.94999694824219,9.223565101623535,71.53874206542969,19.795461654663086,3076.780029296875,35501.0,1.8140000104904175
2019-11-07,1816.5,34.29999923706055,98.13999938964844,12.59000015258789,100.4000015258789,23.899999618530273,3085.179931640625,35869.0,1.9259999990463257,1816.5,31.251914978027344,98.13999938964844,9.518417358398438,74.31440734863281,19.92048454284668,3085.179931640625,35869.0,1.9259999990463257
2019-11-08,1818.25,30.950000762939453,98.3499984741211,12.40999984741211,97.4000015258789,23.0,3093.080078125,34131.0,1.9329999685287476,1818.25,28.199617385864258,98.3499984741211,9.382332801818848,72.09387969970703,19.17034339904785,3093.080078125,34131.0,1.9329999685287476
2019-11-11,1794.0,32.54999923706055,98.19999694824219,12.720000267028809,96.80000305175781,23.549999237060547,3087.010009765625,33661.0,1.9429999589920044,1794.0,29.65743064880371,98.19999694824219,9.616701126098633,71.6497573852539,19.628761291503906,3087.010009765625,33661.0,1.9429999589920044
2019-11-12,1780.75,32.849998474121094,98.30999755859375,12.069999694824219,93.0999984741211,23.049999237060547,3091.840087890625,33430.0,1.909000039100647,1780.75,29.930770874023438,98.30999755859375,9.125282287597656,68.91107940673828,19.21201515197754,3091.840087890625,33430.0,1.909000039100647
2019-11-13,1770.5,32.45000076293945,98.37000274658203,11.600000381469727,88.94999694824219,22.25,3094.0400390625,32341.0,1.8700000047683716,1770.5,29.566314697265625,98.37000274658203,8.76994800567627,65.8393325805664,18.545223236083984,3094.0400390625,32341.0,1.8700000047683716
2019-11-14,1750.5,31.0,98.16000366210938,11.069999694824219,84.5999984741211,21.200000762939453,3096.6298828125,31020.0,1.815000057220459,1750.5,28.24517250061035,98.16000366210938,8.369251251220703,62.61952209472656,17.670053482055664,3096.6298828125,31020.0,1.815000057220459
2019-11-15,1754.0,32.099998474121094,98.0,11.579999923706055,88.75,21.649999618530273,3120.4599609375,31852.0,1.8339999914169312,1754.0,29.247419357299805,98.0,8.754826545715332,65.69127655029297,18.045124053955078,3120.4599609375,31852.0,1.8339999914169312
2019-11-18,1752.0,,97.79000091552734,11.380000114440918,,,3122.030029296875,,1.8079999685287476,1752.0,,97.79000091552734,8.603619575500488,,,3122.030029296875,,1.8079999685287476
2019-11-19,1745.75,32.849998474121094,97.86000061035156,11.84000015258789,90.30000305175781,22.399999618530273,3120.179931640625,32253.0,1.7860000133514404,1745.75,29.930770874023438,97.86000061035156,8.951394081115723,66.83856964111328,18.670246124267578,3120.179931640625,32253.0,1.7860000133514404
2019-11-20,1758.5,34.25,97.93000030517578,12.539999961853027,93.69999694824219,24.0,3108.4599609375,33421.0,1.7380000352859497,1758.5,31.20635986328125,97.93000030517578,9.48061466217041,69.35517883300781,20.003833770751953,3108.4599609375,33421.0,1.7380000352859497
2019-11-21,1754.0,35.04999923706055,97.98999786376953,12.6899995803833,93.4000015258789,24.299999237060547,3103.5400390625,33247.0,1.7719999551773071,1754.0,31.935266494750977,97.98999786376953,9.594018936157227,69.13314819335938,20.25387954711914,3103.5400390625,33247.0,1.7719999551773071
2019-11-22,1757.5,35.25,98.2699966430664,12.739999771118164,94.75,24.75,3110.2900390625,33589.0,1.7740000486373901,1757.5,32.11749267578125,98.2699966430664,9.631820678710938,70.13238525390625,20.62895393371582,3110.2900390625,33589.0,1.7740000486373901
2019-11-25,1755.5,34.25,98.31999969482422,12.8100004196167,94.44999694824219,23.600000381469727,3133.639892578125,33495.0,1.7640000581741333,1755.5,31.20635986328125,98.31999969482422,9.684743881225586,69.91033935546875,19.670438766479492,3133.639892578125,33495.0,1.7640000581741333
2019-11-26,1773.5,34.29999923706055,98.25,12.899999618530273,91.0999984741211,23.200000762939453,3140.52001953125,32113.0,1.7400000095367432,1773.5,31.251914978027344,98.25,9.752784729003906,67.43069458007812,19.337039947509766,3140.52001953125,32113.0,1.7400000095367432
2019-11-27,1785.25,33.25,98.41000366210938,13.779999732971191,99.75,22.950000762939453,3153.6298828125,33930.0,1.7669999599456787,1785.25,30.29522705078125,98.41000366210938,10.418091773986816,73.83331298828125,19.128665924072266,3153.6298828125,33930.0,1.7669999599456787
2019-11-28,,34.5,,,99.75,23.5,,34220.0,,,31.434141159057617,,,73.83331298828125,19.587087631225586,,34220.0,
2019-11-29,1785.0,35.20000076293945,98.2699966430664,13.359999656677246,99.75,23.799999237060547,3140.97998046875,34500.0,1.7760000228881836,1785.0,32.07194137573242,98.2699966430664,10.100560188293457,73.83331298828125,19.837135314941406,3140.97998046875,34500.0,1.7760000228881836
2019-12-02,1806.75,30.950000762939453,97.86000061035156,12.850000381469727,96.1500015258789,23.200000762939453,3113.8701171875,33447.0,1.8359999656677246,1806.75,28.199617385864258,97.86000061035156,9.714985847473145,71.16864776611328,19.337039947509766,3113.8701171875,33447.0,1.8359999656677246
2019-12-03,1782.5,29.149999618530273,97.73999786376953,12.869999885559082,95.19999694824219,22.75,3093.199951171875,32757.0,1.7089999914169312,1782.5,26.559574127197266,97.73999786376953,9.73010540008545,70.46546936035156,18.96196937561035,3093.199951171875,32757.0,1.7089999914169312
2019-12-04,1771.5,29.399999618530273,97.6500015258789,13.420000076293945,102.44999694824219,22.75,3112.760009765625,34692.0,1.781000018119812,1771.5,26.7873592376709,97.6500015258789,10.145922660827637,75.83180236816406,18.96196937561035,3112.760009765625,34692.0,1.781000018119812
2019-12-05,1764.75,30.600000381469727,97.41000366210938,13.229999542236328,104.5,22.799999237060547,3117.429931640625,35443.0,1.7970000505447388,1764.75,27.880720138549805,97.41000366210938,10.002276420593262,77.34917449951172,19.00364112854004,3117.429931640625,35443.0,1.7970000505447388
2019-12-06,1770.5,31.5,97.69999694824219,13.800000190734863,109.6500015258789,22.850000381469727,3145.909912109375,36562.0,1.8420000076293945,1770.5,28.700742721557617,97.69999694824219,10.433213233947754,81.1611328125,19.045318603515625,3145.909912109375,36562.0,1.8420000076293945
2019-12-09,1775.5,30.399999618530273,97.63999938964844,14.050000190734863,106.9000015258789,22.399999618530273,3135.9599609375,36409.0,1.8289999961853027,1775.5,27.6984920501709,97.63999938964844,10.622221946716309,79.12561798095703,18.670246124267578,3135.9599609375,36409.0,1.8289999961853027
2019-12-10,1772.5,31.0,97.41000366210938,13.25,99.5999984741211,21.850000381469727,3132.52001953125,34657.0,1.8329999446868896,1772.5,28.24517250061035,97.41000366210938,10.0173978805542,73.72227478027344,18.21182632446289,3132.52001953125,34657.0,1.8329999446868896
2019-12-11,1775.5,32.099998474121094,97.16000366210938,13.199999809265137,101.19999694824219,21.850000381469727,3141.6298828125,35020.0,1.7899999618530273,1775.5,29.247419357299805,97.16000366210938,9.979595184326172,74.90656280517578,18.21182632446289,3141.6298828125,35020.0,1.7899999618530273
2019-12-12,1786.75,32.0,97.4000015258789,13.960000038146973,103.3499984741211,22.899999618530273,3168.570068359375,35505.0,1.8969999551773071,1786.75,29.156307220458984,97.4000015258789,10.554177284240723,76.4979476928711,19.086990356445312,3168.570068359375,35505.0,1.8969999551773071
2019-12-13,1777.0,32.599998474121094,97.16999816894531,14.75,108.5999984741211,23.200000762939453,3168.800048828125,36770.0,1.819000005722046,1777.0,29.702985763549805,97.16999816894531,11.151442527770996,80.38394165039062,19.337039947509766,3168.800048828125,36770.0,1.819000005722046
2019-12-16,1784.75,32.400001525878906,97.06999969482422,14.470000267028809,109.25,23.899999618530273,3191.449951171875,37620.0,1.8919999599456787,1784.75,29.520763397216797,97.06999969482422,10.939751625061035,80.86504364013672,19.92048454284668,3191.449951171875,37620.0,1.8919999599456787
2019-12-17,1774.25,32.79999923706055,97.20999908447266,14.539999961853027,107.5,23.299999237060547,3192.52001953125,36919.0,1.8890000581741333,1774.25,29.885215759277344,97.20999908447266,10.99267578125,79.56973266601562,19.42038917541504,3192.52001953125,36919.0,1.8890000581741333
2019-12-18,1788.75,32.900001525878906,97.41000366210938,14.789999961853027,108.9000015258789,23.799999237060547,3191.139892578125,37620.0,1.9240000247955322,1788.75,29.97633171081543,97.41000366210938,11.181683540344238,80.60599517822266,19.837135314941406,3191.139892578125,37620.0,1.9240000247955322
2019-12-19,1807.25,31.950000762939453,97.41999816894531,14.800000190734863,108.80000305175781,23.600000381469727,3205.3701171875,38083.0,1.9079999923706055,1807.25,29.11075210571289,97.41999816894531,11.189244270324707,80.5319595336914,19.670438766479492,3205.3701171875,38083.0,1.9079999923706055
2019-12-20,1808.25,31.649999618530273,97.70999908447266,15.0,109.8499984741211,24.700000762939453,3221.219970703125,38632.0,1.9170000553131104,1808.25,28.837411880493164,97.70999908447266,11.340449333190918,81.30915069580078,20.5872802734375,3221.219970703125,38632.0,1.9170000553131104
2019-12-23,1818.25,31.700000762939453,97.66000366210938,16.34000015258789,117.44999694824219,25.25,3224.010009765625,39915.0,1.934999942779541,1818.25,28.88296890258789,97.66000366210938,12.353530883789062,86.9345474243164,21.04570198059082,3224.010009765625,39915.0,1.934999942779541
2019-12-24,1823.0,,97.6500015258789,16.479999542236328,,,3223.3798828125,,1.909999966621399,1823.0,,97.6500015258789,12.459370613098145,,,3223.3798828125,,1.909999966621399
2019-12-26,1823.0,32.5,97.58999633789062,17.049999237060547,125.5,25.899999618530273,3239.909912109375,42279.0,1.9049999713897705,1823.0,29.611875534057617,97.58999633789062,12.89030933380127,92.89302062988281,21.58747100830078,3239.909912109375,42279.0,1.9049999713897705
2019-12-27,1835.5,32.400001525878906,96.91999816894531,16.420000076293945,120.94999694824219,25.700000762939453,3240.02001953125,41682.0,1.8739999532699585,1835.5,29.520763397216797,96.91999816894531,12.414011001586914,89.52519226074219,21.420772552490234,3240.02001953125,41682.0,1.8739999532699585
2019-12-30,1834.0,32.400001525878906,96.73999786376953,16.290000915527344,121.5999984741211,25.649999618530273,3221.2900390625,41671.0,1.8949999809265137,1834.0,29.520763397216797,96.73999786376953,12.315729141235352,90.00630950927734,21.379098892211914,3221.2900390625,41671.0,1.8949999809265137
2019-12-31,1824.5,,96.38999938964844,16.229999542236328,,,3230.780029296875,,1.9190000295639038,1824.5,,96.38999938964844,12.270364761352539,,,3230.780029296875,,1.9190000295639038
2020-01-02,1812.5,32.0,96.8499984741211,16.40999984741211,123.0,25.200000762939453,3257.85009765625,41107.0,1.8819999694824219,1812.5,29.156307220458984,96.8499984741211,12.406450271606445,91.04255676269531,21.004026412963867,3257.85009765625,41107.0,1.8819999694824219
2020-01-03,1830.0,30.200000762939453,96.83999633789062,15.800000190734863,120.80000305175781,24.049999237060547,3234.85009765625,40499.0,1.7879999876022339,1830.0,27.516265869140625,96.83999633789062,11.94527530670166,89.41417694091797,20.045507431030273,3234.85009765625,40499.0,1.7879999876022339
2020-01-06,1842.0,30.899999618530273,96.66999816894531,15.970000267028809,124.9000015258789,24.5,3246.280029296875,41470.0,1.8109999895095825,1842.0,28.1540584564209,96.66999816894531,12.073797225952148,92.44890594482422,20.420581817626953,3246.280029296875,41470.0,1.8109999895095825
2020-01-07,1822.0,30.700000762939453,96.9800033569336,15.869999885559082,124.0,24.600000381469727,3237.179931640625,41116.0,1.8270000219345093,1822.0,27.971834182739258,96.9800033569336,11.998194694519043,91.78274536132812,20.503929138183594,3237.179931640625,41116.0,1.8270000219345093
2020-01-08,1802.75,29.899999618530273,97.30000305175781,16.040000915527344,125.9000015258789,24.25,3253.050048828125,41016.0,1.8739999532699585,1802.75,27.242923736572266,97.30000305175781,12.126723289489746,93.18909454345703,20.212207794189453,3253.050048828125,41016.0,1.8739999532699585
2020-01-09,1803.5,29.450000762939453,97.44999694824219,16.649999618530273,130.35000610351562,24.100000381469727,3274.699951171875,42036.0,1.8580000400543213,1803.5,26.832918167114258,97.44999694824219,12.587898254394531,96.4829330444336,20.08718490600586,3274.699951171875,42036.0,1.8580000400543213
2020-01-10,1811.5,29.149999618530273,97.36000061035156,16.3700008392334,133.9499969482422,24.049999237060547,3265.35009765625,42740.0,1.8250000476837158,1811.5,26.559574127197266,97.36000061035156,12.376212120056152,99.1475830078125,20.045507431030273,3265.35009765625,42740.0,1.8250000476837158
2020-01-13,1798.0,29.0,97.3499984741211,15.619999885559082,127.25,23.100000381469727,3288.1298828125,42018.0,1.8480000495910645,1798.0,26.422903060913086,97.3499984741211,11.809186935424805,94.1883544921875,19.253690719604492,3288.1298828125,42018.0,1.8480000495910645
2020-01-14,1809.0,31.399999618530273,97.37000274658203,15.470000267028809,125.6500015258789,24.399999618530273,3283.14990234375,41634.0,1.8179999589920044,1809.0,28.609628677368164,97.37000274658203,11.695782661437988,93.00405883789062,20.337230682373047,3283.14990234375,41634.0,1.8179999589920044
2020-01-15,1800.25,32.70000076293945,97.2300033569336,14.829999923706055,122.1500015258789,24.950000762939453,3289.2900390625,41246.0,1.7879999876022339,1800.25,29.794103622436523,97.2300033569336,11.211923599243164,90.41342163085938,20.795654296875,3289.2900390625,41246.0,1.7879999876022339
2020-01-16,1811.0,34.79999923706055,97.31999969482422,15.260000228881836,125.9000015258789,26.350000381469727,3316.81005859375,42362.0,1.809000015258789,1811.0,31.707483291625977,97.31999969482422,11.537019729614258,93.18909454345703,21.962543487548828,3316.81005859375,42362.0,1.809000015258789
2020-01-17,1809.25,33.5,97.61000061035156,15.600000381469727,126.4000015258789,26.5,3329.6201171875,42340.0,1.8359999656677246,1809.25,30.523008346557617,97.61000061035156,11.794069290161133,93.55919647216797,22.087566375732422,3329.6201171875,42340.0,1.8359999656677246
2020-01-20,,33.45000076293945,,,128.10000610351562,26.600000381469727,,43054.0,,,30.477453231811523,,,94.81749725341797,22.170917510986328,,43054.0,
2020-01-21,1827.0,33.29999923706055,97.52999877929688,15.079999923706055,123.69999694824219,25.75,3320.7900390625,41486.0,1.7690000534057617,1827.0,30.340782165527344,97.52999877929688,11.40092945098877,91.56069946289062,21.462448120117188,3320.7900390625,41486.0,1.7690000534057617
2020-01-22,1814.0,32.5,97.52999877929688,14.970000267028809,124.5999984741211,25.399999618530273,3321.75,42002.0,1.7690000534057617,1814.0,29.611875534057617,97.52999877929688,11.317769050598145,92.22686004638672,21.170724868774414,3321.75,42002.0,1.7690000534057617
2020-01-23,1792.5,33.0,97.69000244140625,14.550000190734863,121.4000015258789,24.899999618530273,3325.5400390625,41140.0,1.7400000095367432,1792.5,30.067441940307617,97.69000244140625,11.000237464904785,89.8582763671875,20.753976821899414,3325.5400390625,41140.0,1.7400000095367432
2020-01-24,1786.0,33.04999923706055,97.8499984741211,13.989999771118164,117.25,23.899999618530273,3295.469970703125,39918.0,1.680999994277954,1786.0,30.112998962402344,97.8499984741211,10.576858520507812,86.7865219116211,19.92048454284668,3295.469970703125,39918.0,1.680999994277954
2020-01-27,1769.75,34.70000076293945,97.95999908447266,13.75,114.69999694824219,24.350000381469727,3243.6298828125,39605.0,1.6050000190734863,1769.75,31.616365432739258,97.95999908447266,10.39541244506836,84.89904022216797,20.295557022094727,3243.6298828125,39605.0,1.6050000190734863
2020-01-28,1764.5,34.650001525878906,98.0199966430664,14.449999809265137,121.9000015258789,24.100000381469727,3276.239990234375,40830.0,1.6410000324249268,1764.5,31.570817947387695,98.0199966430664,10.924633026123047,90.22835540771484,20.08718490600586,3276.239990234375,40830.0,1.6410000324249268
2020-01-29,1743.0,33.099998474121094,97.98999786376953,14.40999984741211,122.4000015258789,23.25,3273.39990234375,40341.0,1.593999981880188,1743.0,30.15856170654297,97.98999786376953,10.894390106201172,90.59845733642578,19.37871551513672,3273.39990234375,40341.0,1.593999981880188
2020-01-30,1751.75,32.54999923706055,97.87000274658203,14.84000015258789,124.19999694824219,23.0,3283.659912109375,40395.0,1.5579999685287476,1751.75,29.65743064880371,97.87000274658203,11.219484329223633,91.9307861328125,19.17034339904785,3283.659912109375,40395.0,1.5579999685287476
2020-01-31,1741.75,32.599998474121094,97.38999938964844,14.350000381469727,122.19999694824219,23.700000762939453,3225.52001953125,40105.0,1.5199999809265137,1741.75,29.702985763549805,97.38999938964844,10.849030494689941,90.45040130615234,19.753786087036133,3225.52001953125,40105.0,1.5199999809265137
2020-02-03,1706.75,32.599998474121094,97.80000305175781,15.1899995803833,127.55000305175781,23.549999237060547,3248.919921875,41577.0,1.5199999809265137,1706.75,29.702985763549805,97.80000305175781,11.484095573425293,94.41040802001953,19.628761291503906,3248.919921875,41577.0,1.5199999809265137
2020-02-04,1712.0,32.099998474121094,97.95999908447266,14.800000190734863,126.30000305175781,23.0,3297.590087890625,41034.0,1.6030000448226929,1712.0,29.247419357299805,97.95999908447266,11.189244270324707,93.48517608642578,19.17034339904785,3297.590087890625,41034.0,1.6030000448226929
2020-02-05,1728.0,31.75,98.2699966430664,14.729999542236328,124.75,22.600000381469727,3334.68994140625,40767.0,1.6490000486373901,1728.0,28.928524017333984,98.2699966430664,11.136322021484375,92.33788299560547,18.836944580078125,3334.68994140625,40767.0,1.6490000486373901
2020-02-06,1757.0,31.899999618530273,98.5,14.800000190734863,124.80000305175781,22.899999618530273,3345.780029296875,40906.0,1.6440000534057617,1757.0,29.06519317626953,98.5,11.189244270324707,92.37489318847656,19.086990356445312,3345.780029296875,40906.0,1.6440000534057617
2020-02-07,1737.0,31.950000762939453,98.68000030517578,14.979999542236328,126.75,23.75,3327.7099609375,41214.0,1.5779999494552612,1737.0,29.11075210571289,98.68000030517578,11.325326919555664,93.8182601928711,19.795461654663086,3327.7099609375,41214.0,1.5779999494552612
2020-02-10,1724.5,30.700000762939453,98.83000183105469,14.989999771118164,126.4000015258789,23.5,3352.090087890625,41053.0,1.5470000505447388,1724.5,27.971834182739258,98.83000183105469,11.332889556884766,93.55919647216797,19.587087631225586,3352.090087890625,41053.0,1.5470000505447388
2020-02-11,1749.75,29.399999618530273,98.72000122070312,14.65999984741211,122.80000305175781,23.399999618530273,3357.75,39825.0,1.590000033378601,1749.75,26.7873592376709,98.72000122070312,11.083398818969727,90.89452362060547,19.50373649597168,3357.75,39825.0,1.590000033378601
2020-02-12,1749.0,29.700000762939453,99.05000305175781,14.8100004196167,122.25,23.149999618530273,3379.449951171875,39936.0,1.6299999952316284,1749.0,27.060699462890625,99.05000305175781,11.196802139282227,90.4874267578125,19.295364379882812,3379.449951171875,39936.0,1.6299999952316284
2020-02-13,1754.75,28.350000381469727,99.06999969482422,13.579999923706055,115.69999694824219,23.299999237060547,3373.93994140625,38670.0,1.6169999837875366,1754.75,25.830669403076172,99.06999969482422,10.266887664794922,85.63922119140625,19.42038917541504,3373.93994140625,38670.0,1.6169999837875366
2020-02-14,1739.5,29.399999618530273,99.12000274658203,13.789999961853027,116.69999694824219,23.899999618530273,3380.159912109375,38648.0,1.5880000591278076,1739.5,26.7873592376709,99.12000274658203,10.425653457641602,86.37940979003906,19.92048454284668,3380.159912109375,38648.0,1.5880000591278076
2020-02-17,,30.600000381469727,,,118.0,24.200000762939453,,39200.0,,,27.880720138549805,,,87.34163665771484,20.170534133911133,,39200.0,
2020-02-18,1718.75,29.399999618530273,99.45999908447266,13.699999809265137,112.6500015258789,23.700000762939453,3370.2900390625,38157.0,1.555999994277954,1718.75,26.7873592376709,99.45999908447266,10.357609748840332,83.38165283203125,19.753786087036133,3370.2900390625,38157.0,1.555999994277954
2020-02-19,1718.75,29.399999618530273,99.5999984741211,14.09000015258789,114.44999694824219,23.0,3386.14990234375,38391.0,1.5700000524520874,1718.75,26.7873592376709,99.5999984741211,10.652461051940918,84.71398162841797,19.17034339904785,3386.14990234375,38391.0,1.5700000524520874
2020-02-20,1709.5,28.75,99.87000274658203,14.3100004196167,115.44999694824219,22.799999237060547,3373.22998046875,38961.0,1.524999976158142,1709.5,26.195119857788086,99.87000274658203,10.818791389465332,85.45419311523438,19.00364112854004,3373.22998046875,38961.0,1.524999976158142
2020-02-21,1704.0,28.850000381469727,99.26000213623047,14.489999771118164,115.5999984741211,22.149999618530273,3337.75,38603.0,1.4709999561309814,1704.0,26.286235809326172,99.26000213623047,10.954874038696289,85.56521606445312,18.461872100830078,3337.75,38603.0,1.4709999561309814
2020-02-24,1693.25,,99.29000091552734,13.949999809265137,,,3225.889892578125,,1.3769999742507935,1693.25,,99.29000091552734,10.546618461608887,,,3225.889892578125,,1.3769999742507935
2020-02-25,1697.5,,98.97000122070312,13.25,,,3128.2099609375,,1.3300000429153442,1697.5,,98.97000122070312,10.0173978805542,,,3128.2099609375,,1.3300000429153442
2020-02-26,1684.5,27.700000762939453,99.0,13.300000190734863,108.0999984741211,21.799999237060547,3116.389892578125,36422.0,1.309999942779541,1684.5,25.23843002319336,99.0,10.055197715759277,80.01383209228516,18.170148849487305,3116.389892578125,36422.0,1.309999942779541
2020-02-27,1683.75,25.75,98.44000244140625,13.029999732971191,107.25,20.200000762939453,2978.760009765625,35387.0,1.2990000247955322,1683.75,23.46171760559082,98.44000244140625,9.85107135772705,79.38468170166016,16.836563110351562,2978.760009765625,35387.0,1.2990000247955322
2020-02-28,1684.0,26.399999618530273,98.12999725341797,12.640000343322754,102.69999694824219,20.450000762939453,2954.219970703125,34973.0,1.1269999742507935,1684.0,24.053955078125,98.12999725341797,9.556217193603516,76.01683044433594,17.044933319091797,2954.219970703125,34973.0,1.1269999742507935
2020-03-02,1708.0,27.149999618530273,97.36000061035156,13.079999923706055,106.3499984741211,21.149999618530273,3090.22998046875,36253.0,1.0880000591278076,1708.0,24.7373046875,97.36000061035156,9.888870239257812,78.718505859375,17.62837791442871,3090.22998046875,36253.0,1.0880000591278076
2020-03-03,1717.25,26.0,97.1500015258789,12.960000038146973,105.0,20.0,3003.3701171875,35999.0,1.0099999904632568,1717.25,23.68950080871582,97.1500015258789,9.798150062561035,77.7192611694336,16.66986083984375,3003.3701171875,35999.0,1.0099999904632568
2020-03-04,1721.25,27.0,97.33999633789062,13.569999694824219,109.4000015258789,20.649999618530273,3130.1201171875,37243.0,0.9919999837875366,1721.25,24.60063362121582,97.33999633789062,10.25932502746582,80.97606658935547,17.211631774902344,3130.1201171875,37243.0,0.9919999837875366
2020-03-05,1709.25,25.850000381469727,96.81999969482422,13.1899995803833,108.55000305175781,20.450000762939453,3023.93994140625,36772.0,0.9259999990463257,1709.25,23.55282974243164,96.81999969482422,9.97203540802002,80.34693145751953,17.044933319091797,3023.93994140625,36772.0,0.9259999990463257
2020-03-06,1675.25,25.649999618530273,95.94999694824219,12.220000267028809,102.1500015258789,20.399999618530273,2972.3701171875,35222.0,0.7059999704360962,1675.25,23.370601654052734,95.94999694824219,9.238686561584473,75.60974884033203,17.003257751464844,2972.3701171875,35222.0,0.7059999704360962
2020-03-09,1660.75,23.299999237060547,94.9000015258789,9.960000038146973,85.9000015258789,17.850000381469727,2746.56005859375,30380.0,0.49900001287460327,1660.75,21.22943687438965,94.9000015258789,7.53005838394165,63.58176040649414,14.877852439880371,2746.56005859375,30380.0,0.49900001287460327
2020-03-10,1686.0,23.850000381469727,96.41000366210938,11.0600004196167,93.19999694824219,19.149999618530273,2882.22998046875,32832.0,0.7480000257492065,1686.0,21.730560302734375,96.41000366210938,8.36169147491455,68.985107421875,15.961392402648926,2882.22998046875,32832.0,0.7480000257492065
2020-03-11,1681.0,21.700000762939453,96.51000213623047,10.15999984741211,89.0,17.75,2741.3798828125,31420.0,0.8199999928474426,1681.0,19.771621704101562,96.51000213623047,7.681262493133545,65.87635040283203,14.794502258300781,2741.3798828125,31420.0,0.8199999928474426
2020-03-12,1655.5,19.350000381469727,97.47000122070312,8.729999542236328,78.9000015258789,16.350000381469727,2480.639892578125,28352.0,0.8489999771118164,1655.5,17.630455017089844,97.47000122070312,6.600139617919922,58.40047836303711,13.627612113952637,2480.639892578125,28352.0,0.8489999771118164
2020-03-13,1668.0,20.5,98.75,9.210000038146973,80.5,17.25,2711.02001953125,28448.0,0.9509999752044678,1668.0,18.678258895874023,98.75,6.963034629821777,59.58477020263672,14.377755165100098,2711.02001953125,28448.0,0.9509999752044678
2020-03-16,1677.75,17.950000762939453,98.08999633789062,7.139999866485596,66.1500015258789,16.049999237060547,2386.1298828125,25698.0,0.7279999852180481,1677.75,16.354867935180664,98.08999633789062,5.3980536460876465,48.96315002441406,13.3775634765625,2386.1298828125,25698.0,0.7279999852180481
2020-03-17,1653.0,17.450000762939453,99.58000183105469,7.639999866485596,66.5,16.5,2529.18994140625,25824.0,0.996999979019165,1653.0,15.899296760559082,99.58000183105469,5.776068687438965,49.22219467163086,13.752635955810547,2529.18994140625,25824.0,0.996999979019165
2020-03-18,1631.5,14.0,101.16000366210938,6.079999923706055,55.150001525878906,14.600000381469727,2398.10009765625,22087.0,1.2660000324249268,1631.5,12.75588607788086,101.16000366210938,4.596662521362305,40.82111358642578,12.168999671936035,2398.10009765625,22087.0,1.2660000324249268
2020-03-19,1625.5,15.850000381469727,102.76000213623047,6.099999904632568,56.04999923706055,15.399999618530273,2409.389892578125,22656.0,1.11899995803833,1625.5,14.441484451293945,102.76000213623047,4.611782550811768,41.487281799316406,12.835793495178223,2409.389892578125,22656.0,1.11899995803833
2020-03-20,1588.25,17.399999618530273,102.81999969482422,6.809999942779541,61.04999923706055,16.700000762939453,2304.919921875,23890.0,0.9380000233650208,1588.25,15.853741645812988,102.81999969482422,5.148564338684082,45.188194274902344,13.91933536529541,2304.919921875,23890.0,0.9380000233650208
2020-03-23,1559.0,,102.48999786376953,6.449999809265137,,,2237.39990234375,,0.7639999985694885,1559.0,,102.48999786376953,4.876392364501953,,,2237.39990234375,,0.7639999985694885
2020-03-24,1559.25,,101.73999786376953,7.269999980926514,,,2447.330078125,,0.8159999847412109,1559.25,,101.73999786376953,5.496337890625,,,2447.330078125,,0.8159999847412109
2020-03-25,1547.5,18.549999237060547,101.05000305175781,7.619999885559082,66.5,17.850000381469727,2475.56005859375,26338.0,0.8579999804496765,1547.5,16.90154457092285,101.05000305175781,5.760947227478027,49.22219467163086,14.877852439880371,2475.56005859375,26338.0,0.8579999804496765
2020-03-26,1530.75,19.149999618530273,99.41999816894531,7.849999904632568,65.5,18.049999237060547,2630.070068359375,25484.0,0.8109999895095825,1530.75,17.448225021362305,99.41999816894531,5.934835433959961,48.482017517089844,15.044549942016602,2630.070068359375,25484.0,0.8109999895095825
2020-03-27,1539.0,18.049999237060547,98.37000274658203,6.739999771118164,59.5,17.600000381469727,2541.469970703125,24059.0,0.7490000128746033,1539.0,16.44597816467285,98.37000274658203,5.095641136169434,44.04092025756836,14.669478416442871,2541.469970703125,24059.0,0.7490000128746033
2020-03-30,1530.0,18.399999618530273,99.18000030517578,6.730000019073486,57.95000076293945,18.049999237060547,2626.64990234375,24384.0,0.6700000166893005,1530.0,16.764875411987305,99.18000030517578,5.088081359863281,42.89364242553711,15.044549942016602,2626.64990234375,24384.0,0.6700000166893005
2020-03-31,1512.0,,99.05000305175781,7.050000190734863,,,2584.590087890625,,0.6980000138282776,1512.0,,99.05000305175781,5.330012798309326,,,2584.590087890625,,0.6980000138282776
2020-04-01,1488.75,19.149999618530273,99.66999816894531,6.789999961853027,60.150001525878906,18.399999618530273,2470.5,25324.0,0.6349999904632568,1488.75,17.448225021362305,99.66999816894531,5.133443832397461,44.52204132080078,15.336272239685059,2470.5,25324.0,0.6349999904632568
2020-04-02,1492.5,19.75,100.18000030517578,7.199999809265137,64.25,18.850000381469727,2526.89990234375,26003.0,0.6269999742507935,1492.5,17.994909286499023,100.18000030517578,5.44341516494751,47.556793212890625,15.711344718933105,2526.89990234375,26003.0,0.6269999742507935
2020-04-03,1478.0,20.399999618530273,100.58000183105469,7.340000152587891,65.05000305175781,19.399999618530273,2488.64990234375,26505.0,0.5870000123977661,1478.0,18.58714485168457,100.58000183105469,5.549259662628174,48.1489372253418,16.16976547241211,2488.64990234375,26505.0,0.5870000123977661
2020-04-06,1457.5,21.850000381469727,100.69000244140625,7.010000228881836,63.95000076293945,20.299999237060547,2663.679931640625,26923.0,0.6759999990463257,1457.5,19.908292770385742,100.69000244140625,5.299769878387451,47.33473587036133,16.91990852355957,2663.679931640625,26923.0,0.6759999990463257
2020-04-07,1473.0,22.700000762939453,99.9800033569336,6.929999828338623,62.900001525878906,20.700000762939453,2659.409912109375,26696.0,0.7360000014305115,1473.0,20.682756423950195,99.9800033569336,5.239286422729492,46.55754470825195,17.253307342529297,2659.409912109375,26696.0,0.7360000014305115
2020-04-08,1452.0,23.399999618530273,100.12000274658203,7.199999809265137,67.5999984741211,21.799999237060547,2749.97998046875,28018.0,0.7639999985694885,1452.0,21.32054901123047,100.12000274658203,5.44341516494751,50.03640365600586,18.170148849487305,2749.97998046875,28018.0,0.7639999985694885
2020-04-09,1460.25,,99.5199966430664,7.090000152587891,,,2789.820068359375,,0.7289999723434448,1460.25,,99.5199966430664,5.360252857208252,,,2789.820068359375,,0.7289999723434448
2020-04-13,1460.25,24.649999618530273,99.3499984741211,6.829999923706055,70.05000305175781,22.350000381469727,2761.6298828125,28881.0,0.7490000128746033,1460.25,22.4594669342041,99.3499984741211,5.163684844970703,51.849857330322266,18.628570556640625,2761.6298828125,28881.0,0.7490000128746033
2020-04-14,1475.0,25.899999618530273,98.88999938964844,7.119999885559082,77.0999984741211,23.899999618530273,2846.06005859375,30782.0,0.7519999742507935,1475.0,23.598384857177734,98.88999938964844,5.382932662963867,57.068145751953125,19.92048454284668,2846.06005859375,30782.0,0.7519999742507935
2020-04-15,1475.25,25.850000381469727,99.45999908447266,7.579999923706055,82.8499984741211,24.700000762939453,2783.360107421875,32071.0,0.6380000114440918,1475.25,23.55282974243164,99.45999908447266,5.73070764541626,61.32421875,20.5872802734375,2783.360107421875,32071.0,0.6380000114440918
2020-04-16,1499.5,24.600000381469727,100.02999877929688,7.480000019073486,79.5999984741211,23.799999237060547,2799.550048828125,30078.0,0.609000027179718,1499.5,22.413911819458008,100.02999877929688,5.655104160308838,58.918601989746094,19.837135314941406,2799.550048828125,30078.0,0.609000027179718
2020-04-17,1502.5,25.649999618530273,99.77999877929688,7.329999923706055,75.8499984741211,24.0,2874.56005859375,29883.0,0.6539999842643738,1502.5,23.370601654052734,99.77999877929688,5.541699409484863,56.142921447753906,20.003833770751953,2874.56005859375,29883.0,0.6539999842643738
2020-04-20,1491.0,26.450000762939453,99.95999908447266,7.320000171661377,78.1500015258789,24.299999237060547,2823.159912109375,30536.0,0.6259999871253967,1491.0,24.099512100219727,99.95999908447266,5.534139633178711,57.8453369140625,20.25387954711914,2823.159912109375,30536.0,0.6259999871253967
2020-04-21,1484.0,26.450000762939453,100.26000213623047,6.849999904632568,75.5999984741211,24.399999618530273,2736.56005859375,30237.0,0.5709999799728394,1484.0,24.099512100219727,100.26000213623047,5.178804874420166,55.95785903930664,20.337230682373047,2736.56005859375,30237.0,0.5709999799728394
2020-04-22,1510.0,27.299999237060547,100.38999938964844,6.670000076293945,74.6500015258789,24.850000381469727,2799.31005859375,30555.0,0.6190000176429749,1510.0,24.87397575378418,100.38999938964844,5.042720317840576,55.25469207763672,20.712303161621094,2799.31005859375,30555.0,0.6190000176429749
2020-04-23,1501.25,27.549999237060547,100.43000030517578,6.300000190734863,71.5999984741211,25.25,2797.800048828125,30379.0,0.6129999756813049,1501.25,25.10175895690918,100.43000030517578,4.762988567352295,52.99713897705078,21.04570198059082,2797.800048828125,30379.0,0.6129999756813049
2020-04-24,1499.5,26.75,100.37999725341797,6.099999904632568,68.30000305175781,24.950000762939453,2836.739990234375,29258.0,0.5960000157356262,1499.5,24.37285041809082,100.37999725341797,4.611782550811768,50.554542541503906,20.795654296875,2836.739990234375,29258.0,0.5960000157356262
2020-04-27,1497.25,27.75,100.04000091552734,5.929999828338623,69.75,25.649999618530273,2878.47998046875,29986.0,0.656000018119812,1497.25,25.283987045288086,100.04000091552734,4.483257293701172,51.6278076171875,21.379098892211914,2878.47998046875,29986.0,0.656000018119812
2020-04-28,1492.0,28.75,99.87000274658203,6.980000019073486,81.5,28.0,2863.389892578125,33065.0,0.6100000143051147,1492.0,26.195119857788086,99.87000274658203,5.277088642120361,60.324954986572266,23.337806701660156,2863.389892578125,33065.0,0.6100000143051147
2020-04-29,1502.5,29.200000762939453,99.56999969482422,7.480000019073486,82.55000305175781,27.899999618530273,2939.510009765625,33185.0,0.6269999742507935,1502.5,26.605131149291992,99.56999969482422,5.655104160308838,61.10213851928711,23.254457473754883,2939.510009765625,33185.0,0.6269999742507935
2020-04-30,1491.25,30.399999618530273,99.0199966430664,7.119999885559082,80.6500015258789,28.25,2912.429931640625,32743.0,0.621999979019165,1491.25,27.6984920501709,99.0199966430664,5.382932662963867,59.6957893371582,23.546180725097656,2912.429931640625,32743.0,0.621999979019165
2020-05-01,1489.5,,98.80000305175781,6.630000114440918,,,2830.7099609375,,0.6420000195503235,1489.5,,98.80000305175781,5.012478351593018,,,2830.7099609375,,0.6420000195503235
2020-05-04,1479.0,30.149999618530273,99.4800033569336,7.059999942779541,81.44999694824219,27.75,2842.739990234375,32387.0,0.6370000243186951,1479.0,27.470706939697266,99.4800033569336,5.337570667266846,60.287925720214844,23.12943458557129,2842.739990234375,32387.0,0.6370000243186951
2020-05-05,1482.25,31.700000762939453,99.70999908447266,6.900000095367432,83.55000305175781,28.799999237060547,2868.43994140625,33547.0,0.6570000052452087,1482.25,28.88296890258789,99.70999908447266,5.216606616973877,61.84233093261719,24.004602432250977,2868.43994140625,33547.0,0.6570000052452087
2020-05-06,1477.75,31.850000381469727,100.08999633789062,7.25,86.55000305175781,29.0,2848.419921875,34159.0,0.7110000252723694,1477.75,29.019638061523438,100.08999633789062,5.481217384338379,64.06287384033203,24.17129898071289,2848.419921875,34159.0,0.7110000252723694
2020-05-07,1479.25,31.700000762939453,99.88999938964844,7.840000152587891,94.0,29.600000381469727,2881.18994140625,35850.0,0.6309999823570251,1479.25,28.88296890258789,99.88999938964844,5.927273750305176,69.57723999023438,24.67139434814453,2881.18994140625,35850.0,0.6309999823570251
2020-05-08,1479.25,30.399999618530273,99.7300033569336,8.100000381469727,94.3499984741211,29.850000381469727,2929.800048828125,36184.0,0.6819999814033508,1479.25,27.6984920501709,99.7300033569336,6.123842716217041,69.8363037109375,24.87976837158203,2929.800048828125,36184.0,0.6819999814033508
2020-05-11,1482.75,31.5,100.23999786376953,8.8100004196167,104.75,30.75,2930.18994140625,38582.0,0.7260000109672546,1482.75,28.700742721557617,100.23999786376953,6.660624027252197,77.53422546386719,25.629913330078125,2930.18994140625,38582.0,0.7260000109672546
2020-05-12,1469.75,31.299999237060547,99.93000030517578,8.729999542236328,105.9000015258789,29.200000762939453,2870.1201171875,39134.0,0.6779999732971191,1469.75,28.518512725830078,99.93000030517578,6.600139617919922,78.38543701171875,24.33799934387207,2870.1201171875,39134.0,0.6779999732971191
2020-05-13,1467.5,30.200000762939453,100.23999786376953,7.929999828338623,99.75,29.049999237060547,2820.0,37843.0,0.6489999890327454,1467.5,27.516265869140625,100.23999786376953,5.9953179359436035,73.83331298828125,24.212974548339844,2820.0,37843.0,0.6489999890327454
2020-05-14,1467.5,31.350000381469727,100.47000122070312,8.460000038146973,104.5,30.0,2852.5,39226.0,0.6190000176429749,1467.5,28.564071655273438,100.47000122070312,6.396012783050537,77.34917449951172,25.004793167114258,2852.5,39226.0,0.6190000176429749
2020-05-15,1467.5,31.700000762939453,100.4000015258789,8.399999618530273,102.8499984741211,31.0,2863.699951171875,39388.0,0.6399999856948853,1467.5,28.88296890258789,100.4000015258789,6.350650787353516,76.12787628173828,25.838285446166992,2863.699951171875,39388.0,0.6399999856948853
2020-05-18,1481.25,31.600000381469727,99.66999816894531,8.890000343322754,106.6500015258789,30.600000381469727,2953.909912109375,40287.0,0.7440000176429749,1481.25,28.791852951049805,99.66999816894531,6.72110652923584,78.94056701660156,25.5048885345459,2953.909912109375,40287.0,0.7440000176429749
2020-05-19,1478.5,31.5,99.37000274658203,8.489999771118164,101.94999694824219,30.450000762939453,2922.93994140625,39389.0,0.7110000252723694,1478.5,28.700742721557617,99.37000274658203,6.418694972991943,75.46170043945312,25.379865646362305,2922.93994140625,39389.0,0.7110000252723694
2020-05-20,1498.75,30.649999618530273,99.12000274658203,8.760000228881836,104.80000305175781,30.850000381469727,2971.610107421875,39809.0,0.6800000071525574,1498.75,27.9262752532959,99.12000274658203,6.622824192047119,77.57122039794922,25.7132625579834,2971.610107421875,39809.0,0.6800000071525574
2020-05-21,1506.75,31.450000762939453,99.37000274658203,9.380000114440918,111.0,32.0,2948.510009765625,41389.0,0.6769999861717224,1506.75,28.655187606811523,99.37000274658203,7.091561317443848,82.16036987304688,26.67177963256836,2948.510009765625,41389.0,0.6769999861717224
2020-05-22,1489.75,31.350000381469727,99.86000061035156,9.510000228881836,109.3499984741211,32.29999923706055,2955.449951171875,40963.0,0.6570000052452087,1489.75,28.564071655273438,99.86000061035156,7.189845561981201,80.93905639648438,26.92182731628418,2955.449951171875,40963.0,0.6570000052452087
2020-05-26,1502.75,31.350000381469727,98.91000366210938,9.529999732971191,108.69999694824219,32.599998474121094,2991.77001953125,41060.0,0.6980000138282776,1502.75,28.564071655273438,98.91000366210938,7.204965114593506,80.45795440673828,27.171875,2991.77001953125,41060.0,0.6980000138282776
2020-05-27,1513.0,32.150001525878906,99.05999755859375,9.65999984741211,107.6500015258789,33.04999923706055,3036.1298828125,40432.0,0.6800000071525574,1513.0,29.292978286743164,99.05999755859375,7.303248882293701,79.68075561523438,27.546947479248047,3036.1298828125,40432.0,0.6800000071525574
2020-05-28,1530.75,32.900001525878906,98.37999725341797,8.829999923706055,100.30000305175781,32.70000076293945,3029.72998046875,38986.0,0.7049999833106995,1530.75,29.97633171081543,98.37999725341797,6.675743579864502,74.24038696289062,27.255224227905273,3029.72998046875,38986.0,0.7049999833106995
2020-05-29,1532.25,33.79999923706055,98.33999633789062,8.010000228881836,93.1500015258789,33.349998474121094,3044.31005859375,37825.0,0.6480000019073486,1532.25,30.796348571777344,98.33999633789062,6.055800914764404,68.94808959960938,27.796995162963867,3044.31005859375,37825.0,0.6480000019073486
2020-06-01,1535.75,35.5,97.83000183105469,8.529999732971191,99.55000305175781,35.70000076293945,3055.72998046875,40017.0,0.6620000004768372,1535.75,32.345279693603516,97.83000183105469,6.448935508728027,73.68526458740234,29.755704879760742,3055.72998046875,40017.0,0.6620000004768372
2020-06-02,1557.25,36.900001525878906,97.66999816894531,9.390000343322754,107.94999694824219,36.349998474121094,3080.820068359375,42038.0,0.6800000071525574,1557.25,33.62086486816406,97.66999816894531,7.099120616912842,79.90281677246094,30.297473907470703,3080.820068359375,42038.0,0.6800000071525574
2020-06-03,1572.5,37.599998474121094,97.27999877929688,10.15999984741211,117.3499984741211,36.400001525878906,3122.8701171875,43853.0,0.7609999775886536,1572.5,34.25865936279297,97.27999877929688,7.681262493133545,86.86053466796875,30.339147567749023,3122.8701171875,43853.0,0.7609999775886536
2020-06-04,1569.25,38.349998474121094,96.68000030517578,10.180000305175781,117.44999694824219,36.20000076293945,3112.35009765625,43676.0,0.8199999928474426,1569.25,34.94200897216797,96.68000030517578,7.696385383605957,86.9345474243164,30.17245101928711,3112.35009765625,43676.0,0.8199999928474426
2020-06-05,1596.75,40.099998474121094,96.94000244140625,10.369999885559082,121.25,37.75,3193.929931640625,45129.0,0.9039999842643738,1596.75,36.536495208740234,96.94000244140625,7.840030670166016,89.74725341796875,31.46436309814453,3193.929931640625,45129.0,0.9039999842643738
2020-06-08,1617.5,41.95000076293945,96.62000274658203,11.5,133.5,39.900001525878906,3232.389892578125,48881.0,0.8840000033378601,1617.5,38.22209930419922,96.62000274658203,8.694345474243164,98.81449127197266,33.256378173828125,3232.389892578125,48881.0,0.8840000033378601
2020-06-09,1613.0,41.45000076293945,96.31999969482422,10.770000457763672,126.0999984741211,36.599998474121094,3207.179931640625,46471.0,0.8289999961853027,1613.0,37.76653289794922,96.31999969482422,8.14244270324707,93.3371353149414,30.505847930908203,3207.179931640625,46471.0,0.8289999961853027
2020-06-10,1633.0,41.75,95.95999908447266,10.859999656677246,127.80000305175781,37.900001525878906,3190.139892578125,46476.0,0.7480000257492065,1633.0,38.03986740112305,95.95999908447266,8.21048641204834,94.59546661376953,31.58938980102539,3190.139892578125,46476.0,0.7480000257492065
2020-06-11,1604.0,39.650001525878906,96.7300033569336,9.979999542236328,116.5999984741211,35.20000076293945,3002.10009765625,43058.0,0.652999997138977,1604.0,36.126487731933594,96.7300033569336,7.5451788902282715,86.3053970336914,29.338956832885742,3002.10009765625,43058.0,0.652999997138977
2020-06-12,1604.0,39.650001525878906,97.31999969482422,10.75,119.5999984741211,36.25,3041.31005859375,43417.0,0.6990000009536743,1604.0,36.126487731933594,97.31999969482422,8.127320289611816,88.52596282958984,30.21412467956543,3041.31005859375,43417.0,0.6990000009536743
2020-06-15,1572.0,,96.68000030517578,10.430000305175781,,,3066.590087890625,,0.7020000219345093,1572.0,,96.68000030517578,7.885395050048828,,,3066.590087890625,,0.7020000219345093
2020-06-16,1593.5,40.79999923706055,96.95999908447266,10.390000343322754,116.8499984741211,35.650001525878906,3124.739990234375,42686.0,0.7559999823570251,1593.5,37.17428970336914,96.95999908447266,7.855151653289795,86.49043273925781,29.714031219482422,3124.739990234375,42686.0,0.7559999823570251
2020-06-17,1602.25,38.900001525878906,97.16000366210938,10.0600004196167,109.94999694824219,33.25,3113.489990234375,40471.0,0.7329999804496765,1602.25,35.443138122558594,97.16000366210938,7.605663299560547,81.3831787109375,27.71364402770996,3113.489990234375,40471.0,0.7329999804496765
2020-06-18,1607.75,37.349998474121094,97.41999816894531,9.329999923706055,102.5999984741211,32.0,3115.340087890625,37991.0,0.6940000057220459,1607.75,34.03087615966797,97.41999816894531,7.05375862121582,75.94282531738281,26.67177963256836,3115.340087890625,37991.0,0.6940000057220459
2020-06-19,1585.5,39.45000076293945,97.62000274658203,10.220000267028809,113.94999694824219,35.70000076293945,3097.739990234375,40952.0,0.6970000267028809,1585.5,35.94426345825195,97.62000274658203,7.726627349853516,84.34391784667969,29.755704879760742,3097.739990234375,40952.0,0.6970000267028809
2020-06-22,1595.25,40.04999923706055,97.04000091552734,9.850000381469727,110.1500015258789,36.29999923706055,3117.860107421875,40344.0,0.7039999961853027,1595.25,36.49094009399414,97.04000091552734,7.446895122528076,81.53120422363281,30.25579833984375,3117.860107421875,40344.0,0.7039999961853027
2020-06-23,1586.0,40.25,96.69000244140625,10.239999771118164,111.8499984741211,37.5,3131.2900390625,40804.0,0.7089999914169312,1586.0,36.67316436767578,96.69000244140625,7.741745948791504,82.7895278930664,31.25598907470703,3131.2900390625,40804.0,0.7089999914169312
2020-06-24,1567.25,40.25,97.1500015258789,10.039999961853027,110.5,37.29999923706055,3050.330078125,40435.0,0.6840000152587891,1567.25,36.67316436767578,97.1500015258789,7.590539932250977,81.7903060913086,31.089290618896484,3050.330078125,40435.0,0.6840000152587891
2020-06-25,1563.25,40.70000076293945,97.43000030517578,10.670000076293945,116.25,37.20000076293945,3083.760009765625,41997.0,0.6740000247955322,1563.25,37.08317565917969,97.43000030517578,8.066840171813965,86.04630279541016,31.005943298339844,3083.760009765625,41997.0,0.6740000247955322
2020-06-26,1588.5,39.349998474121094,97.5,10.210000038146973,110.4000015258789,36.95000076293945,3009.050048828125,40590.0,0.6359999775886536,1588.5,35.853153228759766,97.5,7.719066143035889,81.71625518798828,30.797571182250977,3009.050048828125,40590.0,0.6359999775886536
2020-06-29,1597.75,38.79999923706055,97.54000091552734,10.329999923706055,109.80000305175781,35.099998474121094,3053.239990234375,40308.0,0.6359999775886536,1597.75,35.352020263671875,97.54000091552734,7.80979061126709,81.27212524414062,29.255605697631836,3053.239990234375,40308.0,0.6359999775886536
2020-06-30,1617.5,36.099998474121094,97.38999938964844,9.699999809265137,103.19999694824219,32.70000076293945,3100.2900390625,38687.0,0.652999997138977,1617.5,32.8919563293457,97.38999938964844,7.333490371704102,76.38694763183594,27.255224227905273,3100.2900390625,38687.0,0.652999997138977
2020-07-01,1619.75,37.5,97.19999694824219,9.770000457763672,105.94999694824219,32.54999923706055,3115.860107421875,39847.0,0.6819999814033508,1619.75,34.16755294799805,97.19999694824219,7.386411190032959,78.42241668701172,27.130199432373047,3115.860107421875,39847.0,0.6819999814033508
2020-07-02,1617.75,36.95000076293945,97.31999969482422,9.220000267028809,102.44999694824219,32.20000076293945,3130.010009765625,39501.0,0.6690000295639038,1617.75,33.66642379760742,97.31999969482422,6.970596790313721,75.83180236816406,26.83847999572754,3130.010009765625,39501.0,0.6690000295639038
2020-07-03,,36.650001525878906,,,104.0,32.79999923706055,,39758.0,,,33.39308547973633,,,76.97907257080078,27.338573455810547,,39758.0,
2020-07-06,1618.25,37.599998474121094,96.79000091552734,11.319999694824219,122.55000305175781,32.54999923706055,3179.719970703125,43340.0,0.6840000152587891,1618.25,34.25865936279297,96.79000091552734,8.558259010314941,90.70947265625,27.130199432373047,3179.719970703125,43340.0,0.6840000152587891
2020-07-07,1609.75,36.95000076293945,96.87999725341797,10.890000343322754,119.9000015258789,31.450000762939453,3145.320068359375,42498.0,0.6499999761581421,1609.75,33.66642379760742,96.87999725341797,8.233166694641113,88.74800872802734,26.213359832763672,3145.320068359375,42498.0,0.6499999761581421
2020-07-08,1642.5,36.70000076293945,96.43000030517578,11.029999732971191,120.94999694824219,31.200000762939453,3169.93994140625,42748.0,0.652999997138977,1642.5,33.43864440917969,96.43000030517578,8.339009284973145,89.52519226074219,26.004985809326172,3169.93994140625,42748.0,0.652999997138977
2020-07-09,1635.75,,96.69999694824219,10.520000457763672,,,3152.050048828125,,0.6050000190734863,1635.75,,96.69999694824219,7.953437805175781,,,3152.050048828125,,0.6050000190734863
2020-07-10,1654.5,,96.6500015258789,11.369999885559082,,,3185.0400390625,,0.6330000162124634,1654.5,,96.6500015258789,8.596061706542969,,,3185.0400390625,,0.6330000162124634
2020-07-13,1653.75,36.5,96.45999908447266,11.34000015258789,126.1500015258789,30.649999618530273,3155.219970703125,43237.0,0.6399999856948853,1653.75,33.25641632080078,96.45999908447266,8.573381423950195,93.37415313720703,25.54656219482422,3155.219970703125,43237.0,0.6399999856948853
2020-07-14,1637.5,36.70000076293945,96.26000213623047,11.270000457763672,127.9000015258789,31.700000762939453,3197.52001953125,44002.0,0.6150000095367432,1637.5,33.43864440917969,96.26000213623047,8.520458221435547,94.66947174072266,26.42173194885254,3197.52001953125,44002.0,0.6150000095367432
2020-07-15,1621.25,37.349998474121094,96.08000183105469,11.680000305175781,131.89999389648438,33.0,3226.56005859375,45121.0,0.6299999952316284,1621.25,34.03087615966797,96.08000183105469,8.830429077148438,97.63019561767578,27.505271911621094,3226.56005859375,45121.0,0.6299999952316284
2020-07-16,1629.75,37.29999923706055,96.3499984741211,11.510000228881836,132.0500030517578,32.95000076293945,3215.570068359375,45245.0,0.6119999885559082,1629.75,33.98531723022461,96.3499984741211,8.701906204223633,97.7412338256836,27.463598251342773,3215.570068359375,45245.0,0.6119999885559082
2020-07-17,1632.0,38.29999923706055,95.94000244140625,11.229999542236328,131.60000610351562,33.5,3224.72998046875,45475.0,0.628000020980835,1632.0,34.89645004272461,95.94000244140625,8.490215301513672,97.40816497802734,27.92201805114746,3224.72998046875,45475.0,0.628000020980835
2020-07-20,1635.5,39.29999923706055,95.83000183105469,10.890000343322754,129.5,35.29999923706055,3251.840087890625,45683.0,0.6200000047683716,1635.5,35.80759048461914,95.83000183105469,8.233166694641113,95.85376739501953,29.422304153442383,3251.840087890625,45683.0,0.6200000047683716
2020-07-21,1654.5,40.25,95.12000274658203,11.359999656677246,134.6999969482422,36.25,3257.300048828125,46781.0,0.6069999933242798,1654.5,36.67316436767578,95.12000274658203,8.58849811553955,99.70271301269531,30.21412467956543,3257.300048828125,46781.0,0.6069999933242798
2020-07-22,1651.75,42.650001525878906,94.97000122070312,12.300000190734863,143.14999389648438,37.20000076293945,3276.02001953125,48634.0,0.5950000286102295,1651.75,38.859893798828125,94.97000122070312,9.299168586730957,105.95726013183594,31.005943298339844,3276.02001953125,48634.0,0.5950000286102295
2020-07-23,1661.25,41.349998474121094,94.69000244140625,12.470000267028809,143.0500030517578,36.150001525878906,3235.659912109375,48408.0,0.5820000171661377,1661.25,37.6754150390625,94.69000244140625,9.427693367004395,105.88323211669922,30.130775451660156,3235.659912109375,48408.0,0.5820000171661377
2020-07-24,1660.25,41.79999923706055,94.44000244140625,12.470000267028809,144.9499969482422,36.54999923706055,3215.6298828125,48605.0,0.5889999866485596,1660.25,38.08542251586914,94.44000244140625,9.427693367004395,107.28960418701172,30.464170455932617,3215.6298828125,48605.0,0.5889999866485596
2020-07-27,1668.5,42.900001525878906,93.66999816894531,12.770000457763672,150.89999389648438,38.25,3239.409912109375,49450.0,0.609000027179718,1668.5,39.087677001953125,93.66999816894531,9.654504776000977,111.69369506835938,31.88111114501953,3239.409912109375,49450.0,0.609000027179718
2020-07-28,1688.75,42.5,93.76000213623047,12.220000267028809,146.10000610351562,38.900001525878906,3218.43994140625,48934.0,0.5809999704360962,1688.75,38.72321701049805,93.76000213623047,9.238686561584473,108.14081573486328,32.42288589477539,3218.43994140625,48934.0,0.5809999704360962
2020-07-29,1688.25,43.70000076293945,93.26000213623047,12.319999694824219,145.9499969482422,39.54999923706055,3258.43994140625,48885.0,0.5789999961853027,1688.25,39.816585540771484,93.26000213623047,9.314288139343262,108.02976989746094,32.96465301513672,3258.43994140625,48885.0,0.5789999961853027
2020-07-30,1690.0,44.95000076293945,93.0199966430664,12.119999885559082,147.10000610351562,39.900001525878906,3246.219970703125,49406.0,0.5410000085830688,1690.0,40.95549774169922,93.0199966430664,9.16308307647705,108.88098907470703,33.256378173828125,3246.219970703125,49406.0,0.5410000085830688
2020-07-31,1693.0,45.70000076293945,93.48999786376953,12.0,149.35000610351562,39.650001525878906,3271.1201171875,49254.0,0.5360000133514404,1693.0,41.638851165771484,93.48999786376953,9.072360038757324,110.5464096069336,33.048004150390625,3271.1201171875,49254.0,0.5360000133514404
2020-08-03,1732.5,47.0,93.5,13.270000457763672,164.6999969482422,39.54999923706055,3294.610107421875,52504.0,0.5630000233650208,1732.5,42.82332992553711,93.5,10.032517433166504,121.9081802368164,32.96465301513672,3294.610107421875,52504.0,0.5630000233650208
2020-08-04,1759.5,47.70000076293945,93.37999725341797,13.050000190734863,159.6999969482422,38.95000076293945,3306.510009765625,52186.0,0.5149999856948853,1759.5,43.46112060546875,93.37999725341797,9.866192817687988,118.20729064941406,32.46455383300781,3306.510009765625,52186.0,0.5149999856948853
2020-08-05,1752.0,46.650001525878906,92.83000183105469,12.649999618530273,154.5500030517578,38.099998474121094,3327.77001953125,50994.0,0.5429999828338623,1752.0,42.50443649291992,92.83000183105469,9.563776969909668,114.39537048339844,31.756084442138672,3327.77001953125,50994.0,0.5429999828338623
2020-08-06,1759.0,46.70000076293945,92.79000091552734,12.6899995803833,156.60000610351562,39.0,3349.159912109375,51084.0,0.5360000133514404,1759.0,42.54998779296875,92.79000091552734,9.594018936157227,115.9127426147461,32.506229400634766,3349.159912109375,51084.0,0.5360000133514404
2020-08-07,1753.25,47.900001525878906,93.44000244140625,12.850000381469727,162.14999389648438,40.95000076293945,3351.280029296875,52326.0,0.5619999766349792,1753.25,43.64334487915039,93.44000244140625,9.714985847473145,120.02074432373047,34.13154220581055,3351.280029296875,52326.0,0.5619999766349792
2020-08-10,1764.75,49.150001525878906,93.58000183105469,12.4399995803833,158.9499969482422,41.95000076293945,3360.469970703125,52181.0,0.5740000009536743,1764.75,44.78227233886719,93.58000183105469,9.405010223388672,117.65216827392578,34.96503448486328,3360.469970703125,52181.0,0.5740000009536743
2020-08-11,1765.75,51.70000076293945,93.62999725341797,11.859999656677246,154.75,42.04999923706055,3333.68994140625,50999.0,0.6579999923706055,1765.75,47.10565948486328,93.62999725341797,8.966514587402344,114.54338073730469,35.04838562011719,3333.68994140625,50999.0,0.6579999923706055
2020-08-12,1761.5,50.400001525878906,93.44000244140625,11.460000038146973,149.35000610351562,40.29999923706055,3380.35009765625,48971.0,0.6700000166893005,1761.5,45.92118453979492,93.44000244140625,8.664102554321289,110.5464096069336,33.58976745605469,3380.35009765625,48971.0,0.6700000166893005
2020-08-13,1732.75,51.400001525878906,93.33999633789062,11.529999732971191,149.9499969482422,40.75,3373.429931640625,49627.0,0.7160000205039978,1732.75,46.83232116699219,93.33999633789062,8.717023849487305,110.9905014038086,33.96484375,3373.429931640625,49627.0,0.7160000205039978
2020-08-14,1704.75,48.849998474121094,93.0999984741211,11.369999885559082,145.0500030517578,39.349998474121094,3372.85009765625,48548.0,0.7089999914169312,1704.75,44.50893020629883,93.0999984741211,8.596061706542969,107.36360931396484,32.79795455932617,3372.85009765625,48548.0,0.7089999914169312
2020-08-17,1721.75,,92.8499984741211,10.789999961853027,,,3381.989990234375,,0.6830000281333923,1721.75,,92.8499984741211,8.157564163208008,,,3381.989990234375,,0.6830000281333923
2020-08-18,1749.0,46.349998474121094,92.2699966430664,10.65999984741211,137.3000030517578,37.20000076293945,3389.780029296875,46491.0,0.6690000295639038,1749.0,42.2310905456543,92.2699966430664,8.059279441833496,101.62720489501953,31.005943298339844,3389.780029296875,46491.0,0.6690000295639038
2020-08-19,1772.75,48.099998474121094,92.88999938964844,10.369999885559082,138.1999969482422,38.849998474121094,3374.85009765625,47472.0,0.675000011920929,1772.75,43.8255729675293,92.88999938964844,7.840030670166016,102.2933578491211,32.381202697753906,3374.85009765625,47472.0,0.675000011920929
2020-08-20,1768.75,49.849998474121094,92.79000091552734,10.25,137.8000030517578,39.849998474121094,3385.510009765625,47737.0,0.6439999938011169,1768.75,45.42005920410156,92.79000091552734,7.749307632446289,101.99724578857422,33.214698791503906,3385.510009765625,47737.0,0.6439999938011169
2020-08-21,1746.0,49.150001525878906,93.25,10.109999656677246,135.8000030517578,39.5,3397.159912109375,47411.0,0.6399999856948853,1746.0,44.78227233886719,93.25,7.643463611602783,100.51692199707031,32.922977447509766,3397.159912109375,47411.0,0.6399999856948853
2020-08-24,1741.0,50.099998474121094,93.30000305175781,10.0600004196167,135.1999969482422,39.29999923706055,3431.280029296875,46737.0,0.6460000276565552,1741.0,45.64784240722656,93.30000305175781,7.605663299560547,100.07280731201172,32.75627899169922,3431.280029296875,46737.0,0.6460000276565552
2020-08-25,1745.5,51.099998474121094,93.0199966430664,10.170000076293945,133.9499969482422,38.54999923706055,3443.6201171875,46579.0,0.6819999814033508,1745.5,46.55897903442383,93.0199966430664,7.6888251304626465,99.1475830078125,32.131160736083984,3443.6201171875,46579.0,0.6819999814033508
2020-08-26,1744.75,49.849998474121094,93.01000213623047,10.039999961853027,130.25,37.75,3478.72998046875,45832.0,0.6869999766349792,1744.75,45.42005920410156,93.01000213623047,7.590539932250977,96.40890502929688,31.46436309814453,3478.72998046875,45832.0,0.6869999766349792
2020-08-27,1746.25,48.25,93.01000213623047,9.899999618530273,124.80000305175781,36.04999923706055,3484.550048828125,44255.0,0.7459999918937683,1746.25,43.962242126464844,93.01000213623047,7.4846978187561035,92.37489318847656,30.04742431640625,3484.550048828125,44255.0,0.7459999918937683
2020-08-28,1777.25,47.79999923706055,92.37000274658203,10.600000381469727,133.0500030517578,36.900001525878906,3508.010009765625,46397.0,0.7289999723434448,1777.25,43.5522346496582,92.37000274658203,8.01391887664795,98.48141479492188,30.755895614624023,3508.010009765625,46397.0,0.7289999723434448
2020-08-31,1777.25,49.150001525878906,92.13999938964844,10.329999923706055,133.35000610351562,37.400001525878906,3500.31005859375,46835.0,0.6930000185966492,1777.25,44.78227233886719,92.13999938964844,7.80979061126709,98.7034683227539,31.172643661499023,3500.31005859375,46835.0,0.6930000185966492
2020-09-01,1793.0,49.45000076293945,92.33999633789062,10.399999618530273,131.9499969482422,36.70000076293945,3526.64990234375,46546.0,0.671999990940094,1793.0,45.05561065673828,92.33999633789062,7.862710475921631,97.66720581054688,30.589197158813477,3526.64990234375,46546.0,0.671999990940094
2020-09-02,1770.25,48.04999923706055,92.8499984741211,10.109999656677246,125.8499984741211,36.0,3580.840087890625,44878.0,0.6510000228881836,1770.25,43.7800178527832,92.8499984741211,7.643463611602783,93.15209197998047,30.005752563476562,3580.840087890625,44878.0,0.6510000228881836
2020-09-03,1762.5,47.650001525878906,92.73999786376953,10.279999732971191,125.69999694824219,37.900001525878906,3455.06005859375,44800.0,0.621999979019165,1762.5,43.41556167602539,92.73999786376953,7.771988391876221,93.04104614257812,31.58938980102539,3455.06005859375,44800.0,0.621999979019165
2020-09-04,1769.25,48.45000076293945,92.72000122070312,10.180000305175781,126.0999984741211,38.29999923706055,3426.9599609375,45075.0,0.7210000157356262,1769.25,44.14447021484375,92.72000122070312,7.696385383605957,93.3371353149414,31.92278480529785,3426.9599609375,45075.0,0.7210000157356262
2020-09-07,,49.20000076293945,,,129.9499969482422,37.849998474121094,,45691.0,,,44.827823638916016,,,96.18683624267578,31.547712326049805,,45691.0,
2020-09-08,1781.5,49.5,93.4800033569336,10.260000228881836,128.10000610351562,37.650001525878906,3331.840087890625,45482.0,0.6840000152587891,1781.5,45.101165771484375,93.4800033569336,7.756865501403809,94.81749725341797,31.38101577758789,3331.840087890625,45482.0,0.6840000152587891
2020-09-09,1766.0,50.79999923706055,93.26000213623047,10.279999732971191,131.4499969482422,38.45000076293945,3398.9599609375,46520.0,0.703000009059906,1766.0,46.28563690185547,93.26000213623047,7.771988391876221,97.29710388183594,32.047813415527344,3398.9599609375,46520.0,0.703000009059906
2020-09-10,1775.5,51.20000076293945,93.33999633789062,10.25,133.1999969482422,38.849998474121094,3339.18994140625,46869.0,0.6850000023841858,1775.5,46.65009307861328,93.33999633789062,7.749307632446289,98.59245300292969,32.381202697753906,3339.18994140625,46869.0,0.6850000023841858
2020-09-11,1764.5,50.20000076293945,93.33000183105469,9.739999771118164,127.5999984741211,38.75,3340.969970703125,45840.0,0.6690000295639038,1764.5,45.73895263671875,93.33000183105469,7.363731384277344,94.44740295410156,32.29785919189453,3340.969970703125,45840.0,0.6690000295639038
2020-09-14,1786.5,50.20000076293945,93.06999969482422,9.210000038146973,121.0999984741211,38.099998474121094,3383.5400390625,44614.0,0.6710000038146973,1786.5,45.73895263671875,93.06999969482422,6.963034629821777,89.63623046875,31.756084442138672,3383.5400390625,44614.0,0.6710000038146973
2020-09-15,1773.0,50.29999923706055,93.05000305175781,9.170000076293945,118.55000305175781,39.099998474121094,3401.199951171875,44628.0,0.6790000200271606,1773.0,45.8300666809082,93.05000305175781,6.932794570922852,87.74874877929688,32.589576721191406,3401.199951171875,44628.0,0.6790000200271606
2020-09-16,1774.25,49.400001525878906,93.20999908447266,8.359999656677246,107.8499984741211,39.54999923706055,3385.489990234375,42168.0,0.6869999766349792,1774.25,45.01005172729492,93.20999908447266,6.320410251617432,79.82878875732422,32.96465301513672,3385.489990234375,42168.0,0.6869999766349792
2020-09-17,1758.75,43.5,92.97000122070312,7.880000114440918,102.05000305175781,35.849998474121094,3357.010009765625,39800.0,0.6840000152587891,1758.75,39.63435745239258,92.97000122070312,5.957515716552734,75.53572845458984,29.880727767944336,3357.010009765625,39800.0,0.6840000152587891
2020-09-18,1771.75,44.5,92.93000030517578,7.860000133514404,107.44999694824219,37.099998474121094,3319.469970703125,41484.0,0.6940000057220459,1771.75,40.54549026489258,92.93000030517578,5.942394733428955,79.53270721435547,30.92259407043457,3319.469970703125,41484.0,0.6940000057220459
2020-09-21,1758.5,43.0,93.54000091552734,7.599999904632568,105.69999694824219,35.400001525878906,3281.06005859375,40745.0,0.6710000038146973,1758.5,39.17878723144531,93.54000091552734,5.745828151702881,78.23738861083984,29.505657196044922,3281.06005859375,40745.0,0.6710000038146973
2020-09-22,1761.25,44.599998474121094,93.98999786376953,7.25,104.44999694824219,36.0,3315.570068359375,40945.0,0.6639999747276306,1761.25,40.636600494384766,93.98999786376953,5.481217384338379,77.31217956542969,30.005752563476562,3315.570068359375,40945.0,0.6639999747276306
2020-09-23,1744.75,46.54999923706055,94.38999938964844,6.860000133514404,103.19999694824219,38.099998474121094,3236.919921875,40974.0,0.6759999990463257,1744.75,42.41331481933594,94.38999938964844,5.186364650726318,76.38694763183594,31.756084442138672,3236.919921875,40974.0,0.6759999990463257
2020-09-24,1732.75,47.099998474121094,94.3499984741211,7.630000114440918,110.6500015258789,38.349998474121094,3246.590087890625,41876.0,0.6660000085830688,1732.75,42.9144401550293,94.3499984741211,5.768509864807129,81.90131378173828,31.96445655822754,3246.590087890625,41876.0,0.6660000085830688
2020-09-25,1743.75,47.45000076293945,94.58000183105469,7.400000095367432,107.5,38.900001525878906,3298.4599609375,42043.0,0.6589999794960022,1743.75,43.23333740234375,94.58000183105469,5.5946221351623535,79.56973266601562,32.42288589477539,3298.4599609375,42043.0,0.6589999794960022
2020-09-28,1768.75,48.45000076293945,94.26000213623047,7.230000019073486,106.0,39.900001525878906,3351.60009765625,42078.0,0.6629999876022339,1768.75,44.14447021484375,94.26000213623047,5.466096878051758,78.4594497680664,33.256378173828125,3351.60009765625,42078.0,0.6629999876022339
2020-09-29,1786.5,49.79999923706055,93.88999938964844,7.159999847412109,107.19999694824219,40.95000076293945,3335.469970703125,42197.0,0.6449999809265137,1786.5,45.3745002746582,93.88999938964844,5.413175582885742,79.34765625,34.13154220581055,3335.469970703125,42197.0,0.6449999809265137
2020-09-30,1778.5,46.79999923706055,93.88999938964844,7.239999771118164,105.9000015258789,38.75,3363.0,41261.0,0.6769999861717224,1778.5,42.64109802246094,93.88999938964844,5.473655700683594,78.38543701171875,32.29785919189453,3363.0,41261.0,0.6769999861717224
2020-10-01,1743.0,48.0,93.70999908447266,7.420000076293945,108.94999694824219,40.25,3380.800048828125,42916.0,0.6769999861717224,1743.0,43.734458923339844,93.70999908447266,5.609742164611816,80.64299011230469,33.548099517822266,3380.800048828125,42916.0,0.6769999861717224
2020-10-02,1781.0,49.900001525878906,93.83999633789062,7.289999961853027,109.44999694824219,41.0,3348.419921875,43654.0,0.6959999799728394,1781.0,45.46562194824219,93.83999633789062,5.5114593505859375,81.01306915283203,34.1732177734375,3348.419921875,43654.0,0.6959999799728394
2020-10-05,1783.5,50.900001525878906,93.51000213623047,7.119999885559082,107.80000305175781,42.400001525878906,3408.60009765625,44273.0,0.7620000243186951,1783.5,46.37675476074219,93.51000213623047,5.382932662963867,79.79178619384766,35.34010696411133,3408.60009765625,44273.0,0.7620000243186951
2020-10-06,1779.0,53.20000076293945,93.83000183105469,6.909999847412109,105.19999694824219,47.400001525878906,3360.969970703125,44438.0,0.7419999837875366,1779.0,48.47235870361328,93.83000183105469,5.224166393280029,77.8673095703125,39.507572174072266,3360.969970703125,44438.0,0.7419999837875366
2020-10-07,1800.5,54.0,93.62999725341797,7.059999942779541,106.5,47.650001525878906,3419.43994140625,44740.0,0.7850000262260437,1800.5,49.20126724243164,93.62999725341797,5.337570667266846,78.82955932617188,39.71595001220703,3419.43994140625,44740.0,0.7850000262260437
2020-10-08,1826.5,53.0,93.61000061035156,7.25,109.94999694824219,46.45000076293945,3446.830078125,45482.0,0.7649999856948853,1826.5,48.290130615234375,93.61000061035156,5.481217384338379,81.3831787109375,38.715755462646484,3446.830078125,45482.0,0.7649999856948853
2020-10-09,1870.5,52.79999923706055,93.05999755859375,7.059999942779541,107.80000305175781,46.79999923706055,3477.139892578125,45856.0,0.7749999761581421,1870.5,48.10791015625,93.05999755859375,5.398632049560547,79.79178619384766,39.00747299194336,3477.139892578125,45856.0,0.7749999761581421
2020-10-12,1875.75,,93.06999969482422,7.0,,,3534.219970703125,,0.7770000100135803,1875.75,,93.06999969482422,5.352750301361084,,,3534.219970703125,,0.7770000100135803
2020-10-13,1866.75,51.099998474121094,93.52999877929688,6.789999961853027,107.80000305175781,45.849998474121094,3511.929931640625,45995.0,0.7269999980926514,1866.75,46.55897903442383,93.52999877929688,5.192169666290283,79.79178619384766,38.215660095214844,3511.929931640625,45995.0,0.7269999980926514
2020-10-14,1859.75,52.70000076293945,93.37999725341797,6.610000133514404,107.75,47.599998474121094,3488.669921875,47295.0,0.722000002861023,1859.75,48.01679611206055,93.37999725341797,5.054525852203369,79.7547607421875,39.67427062988281,3488.669921875,47295.0,0.722000002861023
2020-10-15,1861.5,54.099998474121094,93.86000061035156,6.559999942779541,109.69999694824219,49.599998474121094,3483.340087890625,48239.0,0.7310000061988831,1861.5,49.29237747192383,93.86000061035156,5.016292572021484,81.19812774658203,41.34125518798828,3483.340087890625,48239.0,0.7310000061988831
2020-10-16,1871.75,53.70000076293945,93.68000030517578,6.760000228881836,114.30000305175781,51.099998474121094,3483.81005859375,49024.0,0.7440000176429749,1871.75,48.92792892456055,93.68000030517578,5.169228553771973,84.60298156738281,42.591495513916016,3483.81005859375,49024.0,0.7440000176429749
2020-10-19,1858.0,50.900001525878906,93.43000030517578,6.889999866485596,115.3499984741211,49.599998474121094,3426.919921875,49162.0,0.7609999775886536,1858.0,46.37675476074219,93.43000030517578,5.2686357498168945,85.38016510009766,41.34125518798828,3426.919921875,49162.0,0.7609999775886536
2020-10-20,1841.0,51.0,93.06999969482422,6.610000133514404,113.75,51.29999923706055,3443.1201171875,49684.0,0.796999990940094,1841.0,46.467864990234375,93.06999969482422,5.054525852203369,84.19586181640625,42.75819778442383,3443.1201171875,49684.0,0.796999990940094
2020-10-21,1851.5,52.20000076293945,92.61000061035156,6.489999771118164,115.0,52.599998474121094,3435.56005859375,50089.0,0.8159999847412109,1851.5,47.56122970581055,92.61000061035156,4.962765216827393,85.1211166381836,43.84173583984375,3435.56005859375,50089.0,0.8159999847412109
2020-10-22,1845.25,52.29999923706055,92.94999694824219,6.599999904632568,119.9000015258789,53.400001525878906,3453.489990234375,51672.0,0.8479999899864197,1845.25,47.65234375,92.94999694824219,5.046879768371582,88.74800872802734,44.5085334777832,3453.489990234375,51672.0,0.8479999899864197
2020-10-23,1845.5,52.79999923706055,92.7699966430664,6.650000095367432,118.80000305175781,57.599998474121094,3465.389892578125,52513.0,0.8410000205039978,1845.5,48.10791015625,92.7699966430664,5.0851149559021,87.93380737304688,48.00920486450195,3465.389892578125,52513.0,0.8410000205039978
2020-10-26,1831.25,51.29999923706055,93.05000305175781,6.71999979019165,112.19999694824219,56.099998474121094,3400.969970703125,49597.0,0.8009999990463257,1831.25,46.74120330810547,93.05000305175781,5.1386399269104,83.04856872558594,46.75896453857422,3400.969970703125,49597.0,0.8009999990463257
2020-10-27,1825.0,49.650001525878906,92.94000244140625,6.360000133514404,106.05000305175781,51.099998474121094,3390.679931640625,46708.0,0.777999997138977,1825.0,45.23783874511719,92.94000244140625,4.8633575439453125,78.49645233154297,42.591495513916016,3390.679931640625,46708.0,0.777999997138977
2020-10-28,1811.5,47.0,93.41000366210938,6.119999885559082,97.94999694824219,49.04999923706055,3271.030029296875,43533.0,0.781000018119812,1811.5,42.82332992553711,93.41000366210938,4.679833889007568,72.5009765625,40.882835388183594,3271.030029296875,43533.0,0.781000018119812
2020-10-29,1801.25,48.79999923706055,93.95999908447266,6.309999942779541,100.55000305175781,51.29999923706055,3310.110107421875,44914.0,0.8349999785423279,1801.25,44.4633674621582,93.95999908447266,4.825122833251953,74.42545318603516,42.75819778442383,3310.110107421875,44914.0,0.8349999785423279
2020-10-30,1830.25,51.400001525878906,94.04000091552734,6.260000228881836,96.4000015258789,57.900001525878906,3269.9599609375,45290.0,0.8600000143051147,1830.25,46.83232116699219,94.04000091552734,4.786888599395752,71.35368347167969,48.25925064086914,3269.9599609375,45290.0,0.8600000143051147
2020-11-02,1873.25,51.5,94.05000305175781,6.940000057220459,107.8499984741211,57.70000076293945,3310.239990234375,47468.0,0.8489999771118164,1873.25,46.92343521118164,94.05000305175781,5.3068718910217285,79.82878875732422,48.092552185058594,3310.239990234375,47468.0,0.8489999771118164
2020-11-03,1901.75,49.900001525878906,93.55000305175781,7.050000190734863,108.8499984741211,57.20000076293945,3369.159912109375,47965.0,0.8820000290870667,1901.75,45.46562194824219,93.55000305175781,5.390985012054443,80.56897735595703,47.675804138183594,3369.159912109375,47965.0,0.8820000290870667
2020-11-04,1908.75,49.45000076293945,93.41000366210938,7.019999980926514,107.3499984741211,54.5,3443.43994140625,47028.0,0.7680000066757202,1908.75,45.05561065673828,93.41000366210938,5.368045806884766,79.45867919921875,45.42537307739258,3443.43994140625,47028.0,0.7680000066757202
2020-11-05,1895.5,49.75,92.52999877929688,7.519999980926514,115.0,55.29999923706055,3510.449951171875,48501.0,0.7760000228881836,1895.5,45.32895278930664,92.52999877929688,5.750384330749512,85.1211166381836,46.092166900634766,3510.449951171875,48501.0,0.7760000228881836
2020-11-06,1905.25,49.95000076293945,92.2300033569336,7.610000133514404,115.25,54.70000076293945,3509.43994140625,48493.0,0.8199999928474426,1905.25,45.51117706298828,92.2300033569336,5.819204807281494,85.30614471435547,45.592071533203125,3509.43994140625,48493.0,0.8199999928474426
2020-11-09,1900.25,50.400001525878906,92.7300033569336,8.09000015258789,122.30000305175781,53.599998474121094,3550.5,49650.0,0.9580000042915344,1900.25,45.92118453979492,92.7300033569336,6.186251163482666,90.52442932128906,44.675228118896484,3550.5,49650.0,0.9580000042915344
2020-11-10,1905.5,49.099998474121094,92.75,8.800000190734863,128.75,52.5,3545.530029296875,51819.0,0.972000002861023,1905.5,44.73670959472656,92.75,6.729171276092529,95.29861450195312,43.75838851928711,3545.530029296875,51819.0,0.972000002861023
2020-11-11,1909.75,49.849998474121094,93.04000091552734,8.300000190734863,125.69999694824219,52.5,3572.659912109375,51435.0,0.9580000042915344,1909.75,45.42005920410156,93.04000091552734,6.346832752227783,93.04104614257812,43.75838851928711,3572.659912109375,51435.0,0.9580000042915344
2020-11-12,1916.5,49.54999923706055,92.95999908447266,7.909999847412109,119.0999984741211,50.70000076293945,3537.010009765625,49553.0,0.8849999904632568,1916.5,45.14672088623047,92.95999908447266,6.048608779907227,88.15584564208984,42.25810241699219,3537.010009765625,49553.0,0.8849999904632568
2020-11-13,1922.5,49.400001525878906,92.76000213623047,8.260000228881836,120.55000305175781,49.04999923706055,3585.14990234375,49896.0,0.8930000066757202,1922.5,45.01005172729492,92.76000213623047,6.31624698638916,89.22911071777344,40.882835388183594,3585.14990234375,49896.0,0.8930000066757202
2020-11-16,1945.75,49.900001525878906,92.56999969482422,8.369999885559082,123.8499984741211,49.95000076293945,3626.909912109375,51085.0,0.906000018119812,1945.75,45.46562194824219,92.56999969482422,6.40036153793335,91.67171478271484,41.63297653198242,3626.909912109375,51085.0,0.906000018119812
2020-11-17,1967.5,49.79999923706055,92.41999816894531,8.609999656677246,127.0999984741211,51.099998474121094,3609.530029296875,51912.0,0.871999979019165,1967.5,45.3745002746582,92.41999816894531,6.583883762359619,94.07730865478516,42.591495513916016,3609.530029296875,51912.0,0.871999979019165
2020-11-18,1984.25,49.400001525878906,92.31999969482422,8.1899995803833,124.0,50.79999923706055,3567.7900390625,51296.0,0.8820000290870667,1984.25,45.01005172729492,92.31999969482422,6.262718677520752,91.78274536132812,42.34144973754883,3567.7900390625,51296.0,0.8820000290870667
2020-11-19,1971.0,48.04999923706055,92.29000091552734,8.329999923706055,124.94999694824219,50.099998474121094,3581.8701171875,50950.0,0.8539999723434448,1971.0,43.7800178527832,92.29000091552734,6.369772434234619,92.48593139648438,41.75800323486328,3581.8701171875,50950.0,0.8539999723434448
2020-11-20,1971.75,48.0,92.38999938964844,8.119999885559082,124.1500015258789,50.400001525878906,3557.5400390625,51492.0,0.8289999961853027,1971.75,43.734458923339844,92.38999938964844,6.209190368652344,91.89378356933594,42.008052825927734,3557.5400390625,51492.0,0.8289999961853027
2020-11-23,1947.5,,92.51000213623047,8.3100004196167,,,3577.590087890625,,0.8569999933242798,1947.5,,92.51000213623047,6.354480266571045,,,3577.590087890625,,0.8569999933242798
2020-11-24,1960.0,49.04999923706055,92.2300033569336,8.819999694824219,131.8000030517578,51.900001525878906,3635.409912109375,54136.0,0.8820000290870667,1960.0,44.691158294677734,92.2300033569336,6.7444658279418945,97.55618286132812,43.25829315185547,3635.409912109375,54136.0,0.8820000290870667
2020-11-25,1948.75,50.900001525878906,91.98999786376953,8.760000228881836,131.14999389648438,52.79999923706055,3629.64990234375,54151.0,0.878000020980835,1948.75,46.37675476074219,91.98999786376953,6.698587417602539,97.07505798339844,44.00843811035156,3629.64990234375,54151.0,0.878000020980835
2020-11-26,,52.900001525878906,,,131.4499969482422,54.0,,54466.0,,,48.19902420043945,,,97.29710388183594,45.008628845214844,,54466.0,
2020-11-27,1977.75,53.5,91.79000091552734,9.069999694824219,136.10000610351562,53.29999923706055,3638.35009765625,55427.0,0.8420000076293945,1977.75,48.74570083618164,91.79000091552734,6.935635089874268,100.73896789550781,44.4251823425293,3638.35009765625,55427.0,0.8420000076293945
2020-11-30,2029.75,52.599998474121094,91.87000274658203,8.609999656677246,130.60000610351562,54.29999923706055,3621.6298828125,54573.0,0.843999981880188,2029.75,47.92567825317383,91.87000274658203,6.583883762359619,96.66796875,45.2586784362793,3621.6298828125,54573.0,0.843999981880188
2020-12-01,2052.75,52.79999923706055,91.30999755859375,8.859999656677246,132.14999389648438,54.79999923706055,3662.449951171875,54913.0,0.9340000152587891,2052.75,48.10791015625,91.30999755859375,6.775053977966309,97.81525421142578,45.675418853759766,3662.449951171875,54913.0,0.9340000152587891
2020-12-02,2058.5,53.0,91.12000274658203,9.119999885559082,132.9499969482422,55.5,3669.010009765625,55269.0,0.9480000138282776,2058.5,48.290130615234375,91.12000274658203,6.973869323730469,98.40740966796875,46.25886917114258,3669.010009765625,55269.0,0.9480000138282776
2020-12-03,2023.75,52.20000076293945,90.70999908447266,8.970000267028809,133.0,55.5,3666.719970703125,55152.0,0.9200000166893005,2023.75,47.56122970581055,90.70999908447266,6.859167098999023,98.44438934326172,46.25886917114258,3666.719970703125,55152.0,0.9200000166893005
2020-12-04,2043.5,52.20000076293945,90.69999694824219,9.079999923706055,130.1999969482422,54.099998474121094,3699.1201171875,54730.0,0.968999981880188,2043.5,47.56122970581055,90.69999694824219,6.943281650543213,96.37187957763672,45.091976165771484,3699.1201171875,54730.0,0.968999981880188
2020-12-07,2017.75,,90.79000091552734,8.949999809265137,,,3691.9599609375,,0.9279999732971191,2017.75,,90.79000091552734,6.843875408172607,,,3691.9599609375,,0.9279999732971191
2020-12-08,1991.75,,90.97000122070312,8.720000267028809,,,3702.25,,0.9129999876022339,1991.75,,90.97000122070312,6.667998790740967,,,3702.25,,0.9129999876022339
2020-12-09,2038.25,48.95000076293945,91.08999633789062,8.789999961853027,124.75,51.20000076293945,3672.820068359375,51957.0,0.9409999847412109,2038.25,44.60004425048828,91.08999633789062,6.721523761749268,92.33788299560547,42.67484664916992,3672.820068359375,51957.0,0.9409999847412109
2020-12-10,2054.75,50.099998474121094,90.79000091552734,9.380000114440918,129.75,54.099998474121094,3668.10009765625,53690.0,0.9079999923706055,2054.75,45.64784240722656,90.79000091552734,7.1726861000061035,96.03881072998047,45.091976165771484,3668.10009765625,53690.0,0.9079999923706055
2020-12-11,2018.0,49.45000076293945,90.9800033569336,8.989999771118164,128.6999969482422,54.79999923706055,3663.4599609375,53822.0,0.8930000066757202,2018.0,45.05561065673828,90.9800033569336,6.874460220336914,95.26162719726562,45.675418853759766,3663.4599609375,53822.0,0.8930000066757202
2020-12-14,2050.0,48.0,90.70999908447266,8.8100004196167,127.05000305175781,52.29999923706055,3647.489990234375,53034.0,0.8920000195503235,2050.0,43.734458923339844,90.70999908447266,6.736820220947266,94.04029846191406,43.59169006347656,3647.489990234375,53034.0,0.8920000195503235
2020-12-15,2025.0,48.0,90.47000122070312,9.0600004196167,128.25,53.29999923706055,3694.6201171875,53280.0,0.9229999780654907,2025.0,43.734458923339844,90.47000122070312,6.927990913391113,94.92853546142578,44.4251823425293,3694.6201171875,53280.0,0.9229999780654907
2020-12-16,2044.25,49.150001525878906,90.44999694824219,9.039999961853027,127.25,53.5,3701.169921875,53206.0,0.9200000166893005,2044.25,44.78227233886719,90.44999694824219,6.91269588470459,94.1883544921875,44.591880798339844,3701.169921875,53206.0,0.9200000166893005
2020-12-17,2061.0,49.900001525878906,89.81999969482422,8.899999618530273,126.55000305175781,52.599998474121094,3722.47998046875,53116.0,0.9300000071525574,2061.0,45.46562194824219,89.81999969482422,6.8056416511535645,93.67021942138672,43.84173583984375,3722.47998046875,53116.0,0.9300000071525574
2020-12-18,2071.25,49.95000076293945,90.0199966430664,8.729999542236328,121.9000015258789,51.29999923706055,3709.409912109375,52347.0,0.9480000138282776,2071.25,45.51117706298828,90.0199966430664,6.675644397735596,90.22835540771484,42.75819778442383,3709.409912109375,52347.0,0.9480000138282776
2020-12-21,2035.25,47.25,90.04000091552734,8.470000267028809,119.6500015258789,48.75,3694.919921875,50160.0,0.9409999847412109,2035.25,43.051109313964844,90.04000091552734,6.476828098297119,88.56295013427734,40.63278579711914,3694.919921875,50160.0,0.9409999847412109
2020-12-22,2007.5,48.900001525878906,90.6500015258789,8.449999809265137,120.6500015258789,49.54999923706055,3687.260009765625,50407.0,0.9179999828338623,2007.5,44.55448913574219,90.6500015258789,6.46153450012207,89.30313873291016,41.299583435058594,3687.260009765625,50407.0,0.9179999828338623
2020-12-23,2022.75,48.45000076293945,90.41000366210938,8.6899995803833,125.5999984741211,48.54999923706055,3690.010009765625,51619.0,0.9549999833106995,2022.75,44.14447021484375,90.41000366210938,6.645056247711182,92.967041015625,40.46609115600586,3690.010009765625,51619.0,0.9549999833106995
2020-12-24,2022.75,,90.33000183105469,8.680000305175781,,,3703.06005859375,,0.9279999732971191,2022.75,,90.33000183105469,6.637413501739502,,,3703.06005859375,,0.9279999732971191
2020-12-28,2022.75,46.95000076293945,90.33999633789062,8.670000076293945,125.30000305175781,47.0,3735.360107421875,50484.0,0.9330000281333923,2022.75,42.77777099609375,90.33999633789062,6.629764556884766,92.74497985839844,39.17417526245117,3735.360107421875,50484.0,0.9330000281333923
2020-12-29,2002.25,47.29999923706055,90.01000213623047,9.130000114440918,128.39999389648438,46.79999923706055,3727.0400390625,51320.0,0.9350000023841858,2002.25,43.09666442871094,90.01000213623047,6.981518745422363,95.03956604003906,39.00747299194336,3727.0400390625,51320.0,0.9350000023841858
2020-12-30,2024.5,47.20000076293945,89.62999725341797,8.880000114440918,125.75,46.25,3732.0400390625,51227.0,0.9259999990463257,2024.5,43.005558013916016,89.62999725341797,6.790346145629883,93.07807159423828,38.54905700683594,3732.0400390625,51227.0,0.9259999990463257
2020-12-31,1990.0,,89.94000244140625,8.739999771118164,,,3756.070068359375,,0.9169999957084656,1990.0,,89.94000244140625,6.683291912078857,,,3756.070068359375,,0.9169999957084656
2021-01-04,2023.25,48.25,89.87999725341797,8.279999732971191,123.25,49.75,3700.64990234375,50731.0,0.9169999957084656,2023.25,43.962242126464844,89.87999725341797,6.331539630889893,91.22762298583984,41.46628189086914,3700.64990234375,50731.0,0.9169999957084656
2021-01-05,2050.0,51.0,89.44000244140625,8.1899995803833,123.6500015258789,52.29999923706055,3726.860107421875,51595.0,0.9549999833106995,2050.0,46.467864990234375,89.44000244140625,6.262718677520752,91.52367401123047,43.59169006347656,3726.860107421875,51595.0,0.9549999833106995
2021-01-06,2038.0,52.79999923706055,89.52999877929688,8.3100004196167,123.05000305175781,54.79999923706055,3748.139892578125,51880.0,1.0420000553131104,2038.0,48.10791015625,89.52999877929688,6.354480266571045,91.07958221435547,45.675418853759766,3748.139892578125,51880.0,1.0420000553131104
2021-01-07,2039.25,53.099998474121094,89.83000183105469,8.319999694824219,123.9000015258789,55.20000076293945,3803.7900390625,52501.0,1.0709999799728394,2039.25,48.381248474121094,89.83000183105469,6.362127304077148,91.70870971679688,46.008819580078125,3803.7900390625,52501.0,1.0709999799728394
2021-01-08,2022.25,53.400001525878906,90.0999984741211,8.220000267028809,122.6500015258789,55.20000076293945,3824.679931640625,51674.0,1.1050000190734863,2022.25,48.65459060668945,90.0999984741211,6.2856597900390625,90.78350067138672,46.008819580078125,3824.679931640625,51674.0,1.1050000190734863
2021-01-11,2000.75,53.79999923706055,90.54000091552734,7.940000057220459,120.25,56.5,3799.610107421875,50968.0,1.1319999694824219,2000.75,49.01904296875,90.54000091552734,6.071549892425537,89.00707244873047,47.09236145019531,3799.610107421875,50968.0,1.1319999694824219
2021-01-12,2015.5,53.20000076293945,90.05000305175781,8.109999656677246,121.44999694824219,56.20000076293945,3801.18994140625,51202.0,1.1380000114440918,2015.5,48.47235870361328,90.05000305175781,6.201543807983398,89.89529418945312,46.84231185913086,3801.18994140625,51202.0,1.1380000114440918
2021-01-13,2007.5,52.79999923706055,90.31999969482422,8.100000381469727,121.19999694824219,55.099998474121094,3809.840087890625,50961.0,1.0880000591278076,2007.5,48.10791015625,90.31999969482422,6.1938982009887695,89.71023559570312,45.92546844482422,3809.840087890625,50961.0,1.0880000591278076
2021-01-14,1997.75,51.5,90.23999786376953,8.270000457763672,121.19999694824219,55.099998474121094,3795.5400390625,51085.0,1.128999948501587,1997.75,46.92343521118164,90.23999786376953,6.323894500732422,89.71023559570312,45.92546844482422,3795.5400390625,51085.0,1.128999948501587
2021-01-15,1973.25,51.79999923706055,90.77999877929688,8.0,120.05000305175781,54.20000076293945,3768.25,50501.0,1.097000002861023,1973.25,47.19676971435547,90.77999877929688,6.117428779602051,88.85903930664062,45.175323486328125,3768.25,50501.0,1.097000002861023
2021-01-18,,52.5,,,118.5999984741211,54.0,,50220.0,,,47.83456802368164,,,87.78575897216797,45.008628845214844,,50220.0,
2021-01-19,1953.25,53.20000076293945,90.5,7.78000020980835,116.94999694824219,55.099998474121094,3798.909912109375,50517.0,1.0920000076293945,1953.25,48.47235870361328,90.5,5.949200630187988,86.56444549560547,45.92546844482422,3798.909912109375,50517.0,1.0920000076293945
2021-01-20,1929.5,53.5,90.47000122070312,7.880000114440918,118.0,55.099998474121094,3851.85009765625,50225.0,1.090000033378601,1929.5,48.74570083618164,90.47000122070312,6.025668144226074,87.34163665771484,45.92546844482422,3851.85009765625,50225.0,1.090000033378601
2021-01-21,2000.25,52.900001525878906,90.12999725341797,7.610000133514404,114.80000305175781,54.5,3853.070068359375,48473.0,1.1089999675750732,2000.25,48.19902420043945,90.12999725341797,5.819204807281494,84.97306823730469,45.42537307739258,3853.070068359375,48473.0,1.1089999675750732
2021-01-22,1993.5,50.400001525878906,90.23999786376953,7.480000019073486,113.0999984741211,54.29999923706055,3841.469970703125,48471.0,1.090999960899353,1993.5,45.92118453979492,90.23999786376953,5.719797134399414,83.7147445678711,45.2586784362793,3841.469970703125,48471.0,1.090999960899353
2021-01-25,2015.5,49.45000076293945,90.38999938964844,7.380000114440918,112.30000305175781,51.0,3855.360107421875,47470.0,1.0399999618530273,2015.5,45.05561065673828,90.38999938964844,5.643329620361328,83.12259674072266,42.508148193359375,3855.360107421875,47470.0,1.0399999618530273
2021-01-26,2020.25,50.5,90.16999816894531,7.78000020980835,117.80000305175781,51.5,3849.6201171875,49464.0,1.0399999618530273,2020.25,46.012298583984375,90.16999816894531,5.949200630187988,87.19363403320312,42.924896240234375,3849.6201171875,49464.0,1.0399999618530273
2021-01-27,1996.25,50.70000076293945,90.6500015258789,7.710000038146973,118.80000305175781,51.0,3750.77001953125,49970.0,1.0140000581741333,1996.25,46.194522857666016,90.6500015258789,5.895674228668213,87.93380737304688,42.508148193359375,3750.77001953125,49970.0,1.0140000581741333
2021-01-28,1984.75,49.400001525878906,90.45999908447266,7.75,119.5,49.900001525878906,3787.3798828125,49630.0,1.0570000410079956,1984.75,45.01005172729492,90.45999908447266,5.926260471343994,88.45193481445312,41.59130859375,3787.3798828125,49630.0,1.0570000410079956
2021-01-29,1982.0,48.0,90.58000183105469,7.460000038146973,115.69999694824219,48.29999923706055,3714.239990234375,48257.0,1.093000054359436,1982.0,43.734458923339844,90.58000183105469,5.704504013061523,85.63922119140625,40.257713317871094,3714.239990234375,48257.0,1.093000054359436
2021-02-01,1963.0,48.650001525878906,91.0199966430664,7.860000133514404,119.1500015258789,50.20000076293945,3773.860107421875,49577.0,1.0770000219345093,1963.0,44.32670211791992,91.0199966430664,6.010374546051025,88.19285583496094,41.84135437011719,3773.860107421875,49577.0,1.0770000219345093
2021-02-02,1966.5,49.150001525878906,91.19999694824219,7.78000020980835,119.19999694824219,50.79999923706055,3826.31005859375,49687.0,1.1050000190734863,1966.5,44.78227233886719,91.19999694824219,5.949200630187988,88.2298583984375,42.34144973754883,3826.31005859375,49687.0,1.1050000190734863
2021-02-03,1973.25,48.29999923706055,91.12000274658203,7.78000020980835,118.3499984741211,49.099998474121094,3830.169921875,49858.0,1.13100004196167,1973.25,44.0078010559082,91.12000274658203,5.949200630187988,87.60072326660156,40.92450714111328,3830.169921875,49858.0,1.13100004196167
2021-02-04,1994.0,47.849998474121094,91.52999877929688,8.020000457763672,123.44999694824219,49.0,3871.739990234375,50683.0,1.1390000581741333,1994.0,43.5977897644043,91.52999877929688,6.132724285125732,91.37564086914062,40.841163635253906,3871.739990234375,50683.0,1.1390000581741333
2021-02-05,2018.75,48.650001525878906,91.04000091552734,8.270000457763672,126.19999694824219,48.900001525878906,3886.830078125,51053.0,1.1699999570846558,2018.75,44.32670211791992,91.04000091552734,6.323894500732422,93.41114807128906,40.7578125,3886.830078125,51053.0,1.1699999570846558
2021-02-08,2035.5,48.70000076293945,90.93000030517578,8.3100004196167,126.94999694824219,48.849998474121094,3915.590087890625,52029.0,1.159999966621399,2035.5,44.37226104736328,90.93000030517578,6.354480266571045,93.9662857055664,40.71613693237305,3915.590087890625,52029.0,1.159999966621399
2021-02-09,2063.5,49.29999923706055,90.44000244140625,8.270000457763672,126.94999694824219,49.5,3911.22998046875,52267.0,1.156999945640564,2063.5,44.9189338684082,90.44000244140625,6.323894500732422,93.9662857055664,41.25790786743164,3911.22998046875,52267.0,1.156999945640564
2021-02-10,2080.75,49.5,90.37000274658203,8.130000114440918,125.94999694824219,50.5,3909.8798828125,51941.0,1.1330000162124634,2080.75,45.101165771484375,90.37000274658203,6.2168378829956055,93.22611999511719,42.09140396118164,3909.8798828125,51941.0,1.1330000162124634
2021-02-11,2084.0,49.150001525878906,90.41999816894531,8.300000190734863,125.4000015258789,50.5,3916.3798828125,51655.0,1.1579999923706055,2084.0,44.78227233886719,90.41999816894531,6.346832752227783,92.81900787353516,42.09140396118164,3916.3798828125,51655.0,1.1579999923706055
2021-02-12,2091.75,49.25,90.4800033569336,8.279999732971191,123.8499984741211,50.79999923706055,3934.830078125,51466.0,1.2000000476837158,2091.75,44.87338638305664,90.4800033569336,6.331539630889893,91.67171478271484,42.34144973754883,3934.830078125,51466.0,1.2000000476837158
2021-02-16,2083.0,,90.51000213623047,8.59000015258789,,,3932.590087890625,,1.2990000247955322,2083.0,,90.51000213623047,6.568589210510254,,,3932.590087890625,,1.2990000247955322
2021-02-17,2116.25,48.29999923706055,90.94999694824219,8.630000114440918,126.05000305175781,51.29999923706055,3931.330078125,52387.0,1.3009999990463257,2116.25,44.0078010559082,90.94999694824219,6.599177837371826,93.3001480102539,42.75819778442383,3931.330078125,52387.0,1.3009999990463257
2021-02-18,2141.5,47.75,90.58999633789062,8.720000267028809,128.64999389648438,51.099998474121094,3913.969970703125,51827.0,1.2869999408721924,2141.5,43.50667190551758,90.58999633789062,6.667998790740967,95.22460174560547,42.591495513916016,3913.969970703125,51827.0,1.2869999408721924
2021-02-19,2132.0,47.25,90.36000061035156,8.630000114440918,126.5,52.29999923706055,3906.7099609375,50993.0,1.3450000286102295,2132.0,43.051109313964844,90.36000061035156,6.599177837371826,93.63320922851562,43.59169006347656,3906.7099609375,50993.0,1.3450000286102295
2021-02-22,2167.0,45.70000076293945,90.01000213623047,8.029999732971191,120.05000305175781,53.400001525878906,3876.5,49268.0,1.3700000047683716,2167.0,41.638851165771484,90.01000213623047,6.140369892120361,88.85903930664062,44.5085334777832,3876.5,49268.0,1.3700000047683716
2021-02-23,2156.25,43.95000076293945,90.16999816894531,7.949999809265137,113.9000015258789,51.29999923706055,3881.3701171875,47857.0,1.3619999885559082,2156.25,40.04436492919922,90.16999816894531,6.079196453094482,84.3069076538086,42.75819778442383,3881.3701171875,47857.0,1.3619999885559082
2021-02-24,2189.75,45.45000076293945,90.18000030517578,8.15999984741211,118.19999694824219,52.900001525878906,3925.429931640625,49607.0,1.3890000581741333,2189.75,41.41107177734375,90.18000030517578,6.239778995513916,87.48967742919922,44.0917854309082,3925.429931640625,49607.0,1.3890000581741333
2021-02-25,2253.25,46.20000076293945,90.12999725341797,7.650000095367432,115.4000015258789,51.599998474121094,3829.340087890625,48921.0,1.5180000066757202,2253.25,42.094417572021484,90.12999725341797,5.849792957305908,85.41718292236328,43.008243560791016,3829.340087890625,48921.0,1.5180000066757202
2021-02-26,2182.5,46.349998474121094,90.93000030517578,7.449999809265137,112.6500015258789,51.900001525878906,3811.14990234375,48432.0,1.4600000381469727,2182.5,42.2310905456543,90.93000030517578,5.69685697555542,83.38165283203125,43.25829315185547,3811.14990234375,48432.0,1.4600000381469727
2021-03-01,2146.25,47.0,91.04000091552734,7.590000152587891,115.30000305175781,51.0,3901.820068359375,48996.0,1.4459999799728394,2146.25,42.82332992553711,91.04000091552734,5.803911209106445,85.34317016601562,42.508148193359375,3901.820068359375,48996.0,1.4459999799728394
2021-03-02,2231.25,45.099998474121094,90.79000091552734,7.670000076293945,114.8499984741211,48.70000076293945,3870.2900390625,48127.0,1.4149999618530273,2231.25,41.092166900634766,90.79000091552734,5.865086078643799,85.01007843017578,40.59111404418945,3870.2900390625,48127.0,1.4149999618530273
2021-03-03,2221.0,44.0,90.94999694824219,7.28000020980835,112.3499984741211,47.29999923706055,3819.719970703125,47325.0,1.4700000286102295,2221.0,40.08992385864258,90.94999694824219,5.566861629486084,83.15962982177734,39.42422103881836,3819.719970703125,47325.0,1.4700000286102295
2021-03-04,2186.0,44.75,91.62999725341797,7.389999866485596,113.44999694824219,47.349998474121094,3768.469970703125,47808.0,1.5499999523162842,2186.0,40.77326583862305,91.62999725341797,5.650975227355957,83.97380065917969,39.46590042114258,3768.469970703125,47808.0,1.5499999523162842
2021-03-05,2194.75,43.29999923706055,91.9800033569336,7.119999885559082,109.9000015258789,47.849998474121094,3841.93994140625,47242.0,1.5540000200271606,2194.75,39.45212936401367,91.9800033569336,5.444512367248535,81.3461685180664,39.88264465332031,3841.93994140625,47242.0,1.5540000200271606
2021-03-08,2190.5,41.0,92.30999755859375,7.130000114440918,109.5999984741211,45.849998474121094,3821.35009765625,46292.0,1.5959999561309814,2190.5,37.35651779174805,92.30999755859375,5.4521589279174805,81.1241226196289,38.215660095214844,3821.35009765625,46292.0,1.5959999561309814
2021-03-09,2185.0,39.95000076293945,91.95999908447266,7.190000057220459,111.05000305175781,44.099998474121094,3875.43994140625,46476.0,1.5460000038146973,2185.0,36.39982604980469,91.95999908447266,5.498039245605469,82.1973648071289,36.757041931152344,3875.43994140625,46476.0,1.5460000038146973
2021-03-10,2187.25,39.75,91.79000091552734,7.75,114.94999694824219,43.5,3898.81005859375,47340.0,1.5199999809265137,2187.25,36.21760940551758,91.79000091552734,5.926260471343994,85.08409118652344,36.25695037841797,3898.81005859375,47340.0,1.5199999809265137
2021-03-11,2195.75,41.599998474121094,91.41999816894531,7.860000133514404,116.44999694824219,45.599998474121094,3939.340087890625,48361.0,1.5269999504089355,2195.75,37.903202056884766,91.41999816894531,6.010374546051025,86.19436645507812,38.00728225708008,3939.340087890625,48361.0,1.5269999504089355
2021-03-12,2187.5,43.25,91.68000030517578,7.940000057220459,119.30000305175781,46.900001525878906,3943.340087890625,49071.0,1.6349999904632568,2187.5,39.406578063964844,91.68000030517578,6.071549892425537,88.30390930175781,39.09082794189453,3943.340087890625,49071.0,1.6349999904632568
2021-03-15,2233.5,45.29999923706055,91.83000183105469,8.220000267028809,123.19999694824219,47.75,3968.93994140625,50458.0,1.6069999933242798,2233.5,41.27440643310547,91.83000183105469,6.2856597900390625,91.19061279296875,39.799293518066406,3968.93994140625,50458.0,1.6069999933242798
2021-03-16,2211.5,45.349998474121094,91.87000274658203,8.0,120.19999694824219,46.79999923706055,3962.7099609375,49647.0,1.621000051498413,2211.5,41.31995391845703,91.87000274658203,6.117428779602051,88.97004699707031,39.00747299194336,3962.7099609375,49647.0,1.621000051498413
2021-03-17,2249.5,45.20000076293945,91.4000015258789,8.069999694824219,120.44999694824219,46.650001525878906,3974.1201171875,49917.0,1.6410000324249268,2249.5,41.18328857421875,91.4000015258789,6.170957088470459,89.15509033203125,38.88245391845703,3974.1201171875,49917.0,1.6410000324249268
2021-03-18,2232.5,44.099998474121094,91.8499984741211,7.800000190734863,117.8499984741211,45.400001525878906,3915.4599609375,48599.0,1.7300000190734863,2232.5,40.181034088134766,91.8499984741211,5.964494228363037,87.2306137084961,37.84059143066406,3915.4599609375,48599.0,1.7300000190734863
2021-03-19,2256.25,43.400001525878906,91.91999816894531,7.920000076293945,118.69999694824219,45.75,3913.10009765625,48976.0,1.7319999933242798,2256.25,39.543243408203125,91.91999816894531,6.056254863739014,87.85977172851562,38.13230895996094,3913.10009765625,48976.0,1.7319999933242798
2021-03-22,2283.5,44.29999923706055,91.80000305175781,7.900000095367432,117.25,48.45000076293945,3940.590087890625,49186.0,1.684000015258789,2283.5,40.36326599121094,91.80000305175781,6.040962219238281,86.7865219116211,40.38274002075195,3940.590087890625,49186.0,1.684000015258789
2021-03-23,2240.0,44.54999923706055,92.33999633789062,7.880000114440918,116.55000305175781,49.150001525878906,3910.52001953125,48615.0,1.6380000114440918,2240.0,40.591041564941406,92.33999633789062,6.025668144226074,86.26837921142578,40.966190338134766,3910.52001953125,48615.0,1.6380000114440918
2021-03-24,2248.5,,92.52999877929688,7.650000095367432,,,3889.139892578125,,1.6139999628067017,2248.5,,92.52999877929688,5.849792957305908,,,3889.139892578125,,1.6139999628067017
2021-03-25,2247.25,42.29999923706055,92.87999725341797,7.599999904632568,111.6500015258789,47.0,3909.52001953125,46856.0,1.6139999628067017,2247.25,38.540992736816406,92.87999725341797,5.811558246612549,82.6414794921875,39.17417526245117,3909.52001953125,46856.0,1.6139999628067017
2021-03-26,2295.75,43.099998474121094,92.7699966430664,7.650000095367432,110.1500015258789,46.849998474121094,3974.5400390625,46441.0,1.659999966621399,2295.75,39.269901275634766,92.7699966430664,5.849792957305908,81.53120422363281,39.04915237426758,3974.5400390625,46441.0,1.659999966621399
2021-03-29,2277.75,45.400001525878906,92.94000244140625,7.590000152587891,109.19999694824219,49.900001525878906,3971.090087890625,47241.0,1.7209999561309814,2277.75,41.36551284790039,92.94000244140625,5.803911209106445,80.82804107666016,41.59130859375,3971.090087890625,47241.0,1.7209999561309814
2021-03-30,2237.25,47.400001525878906,93.30000305175781,7.699999809265137,112.75,50.70000076293945,3958.550048828125,48091.0,1.7259999513626099,2237.25,43.18778610229492,93.30000305175781,5.888024806976318,83.45568084716797,42.25810241699219,3958.550048828125,48091.0,1.7259999513626099
2021-03-31,2215.0,47.0,93.2300033569336,7.610000133514404,111.4000015258789,50.099998474121094,3972.889892578125,47982.0,1.746000051498413,2215.0,42.82332992553711,93.2300033569336,5.819204807281494,82.4564437866211,41.75800323486328,3972.889892578125,47982.0,1.746000051498413
2021-04-01,2234.5,,92.93000030517578,7.590000152587891,,,4019.8701171875,,1.6790000200271606,2234.5,,92.93000030517578,5.803911209106445,,,4019.8701171875,,1.6790000200271606
2021-04-05,2234.5,47.150001525878906,92.5999984741211,7.670000076293945,112.8499984741211,50.70000076293945,4077.909912109375,48598.0,1.7200000286102295,2234.5,42.959999084472656,92.5999984741211,5.865086078643799,83.52970886230469,42.25810241699219,4077.909912109375,48598.0,1.7200000286102295
2021-04-06,2273.75,48.650001525878906,92.33999633789062,7.800000190734863,116.3499984741211,52.20000076293945,4073.93994140625,50328.0,1.656000018119812,2273.75,44.32670211791992,92.33999633789062,5.964494228363037,86.120361328125,43.50834274291992,4073.93994140625,50328.0,1.656000018119812
2021-04-07,2266.25,48.099998474121094,92.45999908447266,7.769999980926514,116.6500015258789,52.79999923706055,4079.949951171875,50128.0,1.652999997138977,2266.25,43.8255729675293,92.45999908447266,5.941553592681885,86.34239959716797,44.00843811035156,4079.949951171875,50128.0,1.652999997138977
2021-04-08,2290.5,48.54999923706055,92.05999755859375,7.699999809265137,115.80000305175781,51.599998474121094,4097.169921875,49628.0,1.6319999694824219,2290.5,44.2355842590332,92.05999755859375,5.888024806976318,85.71324157714844,43.008243560791016,4097.169921875,49628.0,1.6319999694824219
2021-04-09,2266.75,48.25,92.16000366210938,7.510000228881836,113.5,50.900001525878906,4128.7998046875,48846.0,1.6660000085830688,2266.75,43.962242126464844,92.16000366210938,5.742737770080566,84.01083374023438,42.42479705810547,4128.7998046875,48846.0,1.6660000085830688
2021-04-12,2270.0,47.04999923706055,92.13999938964844,7.320000171661377,110.19999694824219,50.099998474121094,4127.990234375,48110.0,1.6749999523162842,2270.0,42.8688850402832,92.13999938964844,5.597448348999023,81.56822967529297,41.75800323486328,4127.990234375,48110.0,1.6749999523162842
2021-04-13,2304.5,47.04999923706055,91.8499984741211,7.289999961853027,110.30000305175781,50.29999923706055,4141.58984375,47679.0,1.6230000257492065,2304.5,42.8688850402832,91.8499984741211,5.574507236480713,81.64222717285156,41.92470169067383,4141.58984375,47679.0,1.6230000257492065
2021-04-14,2336.5,46.54999923706055,91.69000244140625,7.340000152587891,110.19999694824219,49.70000076293945,4124.66015625,47299.0,1.6380000114440918,2336.5,42.41331481933594,91.69000244140625,5.612741470336914,81.56822967529297,41.42460632324219,4124.66015625,47299.0,1.6380000114440918
2021-04-15,2347.25,45.04999923706055,91.66999816894531,7.199999809265137,109.69999694824219,49.75,4170.419921875,47093.0,1.5299999713897705,2347.25,41.04661560058594,91.66999816894531,5.505686283111572,81.19812774658203,41.46628189086914,4170.419921875,47093.0,1.5299999713897705
2021-04-16,2327.5,44.650001525878906,91.55999755859375,7.369999885559082,111.0,50.5,4185.47021484375,47664.0,1.5729999542236328,2327.5,40.682159423828125,91.55999755859375,5.635682582855225,82.16036987304688,42.09140396118164,4185.47021484375,47664.0,1.5729999542236328
2021-04-19,2340.75,44.5,91.06999969482422,7.420000076293945,112.55000305175781,51.099998474121094,4163.259765625,48026.0,1.6009999513626099,2340.75,40.54549026489258,91.06999969482422,5.673916816711426,83.30764770507812,42.591495513916016,4163.259765625,48026.0,1.6009999513626099
2021-04-20,2320.25,43.349998474121094,91.23999786376953,7.190000057220459,109.3499984741211,49.95000076293945,4134.93994140625,46895.0,1.562000036239624,2320.25,39.497684478759766,91.23999786376953,5.498039245605469,80.93905639648438,41.63297653198242,4134.93994140625,46895.0,1.562000036239624
2021-04-21,2377.25,43.95000076293945,91.16000366210938,7.230000019073486,110.6500015258789,51.0,4173.419921875,47617.0,1.5640000104904175,2377.25,40.04436492919922,91.16000366210938,5.528628349304199,81.90131378173828,42.508148193359375,4173.419921875,47617.0,1.5640000104904175
2021-04-22,2368.0,43.20000076293945,91.33000183105469,7.190000057220459,109.0,51.20000076293945,4134.97998046875,47123.0,1.5540000200271606,2368.0,39.361019134521484,91.33000183105469,5.498039245605469,80.67997741699219,42.67484664916992,4134.97998046875,47123.0,1.5540000200271606
2021-04-23,2372.5,44.29999923706055,90.86000061035156,7.199999809265137,109.5,54.20000076293945,4180.169921875,47375.0,1.5670000314712524,2372.5,40.36326599121094,90.86000061035156,5.505686283111572,81.05008697509766,45.175323486328125,4180.169921875,47375.0,1.5670000314712524
2021-04-26,2406.25,44.5,90.80999755859375,7.409999847412109,114.25,53.79999923706055,4187.6201171875,47931.0,1.5700000524520874,2406.25,40.54549026489258,90.80999755859375,5.666268825531006,84.56597137451172,44.8419303894043,4187.6201171875,47931.0,1.5700000524520874
2021-04-27,2398.0,44.849998474121094,90.91000366210938,7.71999979019165,119.44999694824219,54.20000076293945,4186.72021484375,48962.0,1.621999979019165,2398.0,40.8643798828125,90.91000366210938,5.903319358825684,88.4149169921875,45.175323486328125,4186.72021484375,48962.0,1.621999979019165
2021-04-28,2397.0,46.150001525878906,90.61000061035156,7.789999961853027,121.44999694824219,55.099998474121094,4183.18017578125,50044.0,1.6200000047683716,2397.0,42.04886245727539,90.61000061035156,5.956847667694092,89.89529418945312,45.92546844482422,4183.18017578125,50044.0,1.6200000047683716
2021-04-29,2419.0,46.599998474121094,90.61000061035156,7.630000114440918,119.19999694824219,56.20000076293945,4211.47021484375,50065.0,1.6399999856948853,2419.0,42.4588737487793,90.61000061035156,5.834498882293701,88.2298583984375,46.84231185913086,4211.47021484375,50065.0,1.6399999856948853
2021-04-30,2413.0,45.849998474121094,91.27999877929688,7.489999771118164,116.75,55.0,4181.169921875,49056.0,1.63100004196167,2413.0,41.77552795410156,91.27999877929688,5.727442741394043,86.4164047241211,45.84212112426758,4181.169921875,49056.0,1.63100004196167
2021-05-03,2413.0,45.400001525878906,90.94999694824219,7.320000171661377,115.55000305175781,54.79999923706055,4192.66015625,48873.0,1.6069999933242798,2413.0,41.36551284790039,90.94999694824219,5.597448348999023,85.52819061279297,45.675418853759766,4192.66015625,48873.0,1.6069999933242798
2021-05-04,2436.0,45.099998474121094,91.29000091552734,7.239999771118164,114.30000305175781,55.099998474121094,4164.66015625,48656.0,1.5920000076293945,2436.0,41.092166900634766,91.29000091552734,5.536273956298828,84.60298156738281,45.92546844482422,4164.66015625,48656.0,1.5920000076293945
2021-05-05,2456.75,45.349998474121094,91.30999755859375,7.28000020980835,115.8499984741211,55.099998474121094,4167.58984375,49152.0,1.5839999914169312,2456.75,41.31995391845703,91.30999755859375,5.566861629486084,85.750244140625,45.92546844482422,4167.58984375,49152.0,1.5839999914169312
2021-05-06,2504.75,45.54999923706055,90.94999694824219,7.460000038146973,117.44999694824219,54.79999923706055,4201.6201171875,49389.0,1.5609999895095825,2504.75,41.50218200683594,90.94999694824219,5.704504013061523,87.7018814086914,45.675418853759766,4201.6201171875,49389.0,1.5609999895095825
2021-05-07,2555.25,46.900001525878906,90.2300033569336,7.889999866485596,123.69999694824219,56.70000076293945,4232.60009765625,51420.0,1.5770000219345093,2555.25,42.73221206665039,90.2300033569336,6.033314228057861,92.36884307861328,47.25905990600586,4232.60009765625,51420.0,1.5770000219345093
2021-05-10,2549.0,46.099998474121094,90.20999908447266,7.940000057220459,124.55000305175781,56.20000076293945,4188.43017578125,51750.0,1.6019999980926514,2549.0,42.00330352783203,90.20999908447266,6.071549892425537,93.00355529785156,46.84231185913086,4188.43017578125,51750.0,1.6019999980926514
2021-05-11,2542.75,45.70000076293945,90.13999938964844,7.849999904632568,122.75,56.099998474121094,4152.10009765625,51094.0,1.6239999532699585,2542.75,41.638851165771484,90.13999938964844,6.00272798538208,91.65947723388672,46.75896453857422,4152.10009765625,51094.0,1.6239999532699585
2021-05-12,2513.75,45.04999923706055,90.70999908447266,7.690000057220459,120.1500015258789,55.29999923706055,4063.0400390625,51020.0,1.6950000524520874,2513.75,41.04661560058594,90.70999908447266,5.880378723144531,89.71800231933594,46.092166900634766,4063.0400390625,51020.0,1.6950000524520874
2021-05-13,2474.5,45.900001525878906,90.75,7.960000038146973,125.4000015258789,56.70000076293945,4112.5,52626.0,1.6679999828338623,2474.5,41.82107925415039,90.75,6.0868425369262695,93.63825988769531,47.25905990600586,4112.5,52626.0,1.6679999828338623
2021-05-14,2475.75,47.75,90.31999969482422,8.329999923706055,130.89999389648438,59.099998474121094,4173.85009765625,54850.0,1.6349999904632568,2475.75,43.50667190551758,90.31999969482422,6.421402454376221,97.74520874023438,49.25944137573242,4173.85009765625,54850.0,1.6349999904632568
2021-05-17,2525.75,48.45000076293945,90.22000122070312,8.5600004196167,136.25,57.400001525878906,4163.2900390625,56095.0,1.6399999856948853,2525.75,44.14447021484375,90.22000122070312,6.598704814910889,101.74015045166016,47.84250259399414,4163.2900390625,56095.0,1.6399999856948853
2021-05-18,2499.75,48.45000076293945,89.75,8.420000076293945,135.0,57.900001525878906,4127.830078125,56079.0,1.6419999599456787,2499.75,44.14447021484375,89.75,6.490781307220459,100.8067626953125,48.25925064086914,4127.830078125,56079.0,1.6419999599456787
2021-05-19,2434.75,48.900001525878906,90.19000244140625,8.34000015258789,134.9499969482422,59.0,4115.68017578125,55990.0,1.6829999685287476,2434.75,44.55448913574219,90.19000244140625,6.429111957550049,100.76941680908203,49.17609405517578,4115.68017578125,55990.0,1.6829999685287476
2021-05-20,2424.5,49.95000076293945,89.80999755859375,8.550000190734863,139.35000610351562,59.70000076293945,4159.1201171875,57109.0,1.6339999437332153,2424.5,45.51117706298828,89.80999755859375,6.5909953117370605,104.05496978759766,49.75953674316406,4159.1201171875,57109.0,1.6339999437332153
2021-05-21,2388.5,48.45000076293945,90.0199966430664,8.229999542236328,135.14999389648438,58.599998474121094,4155.85986328125,56222.0,1.6319999694824219,2388.5,44.14447021484375,90.0199966430664,6.3443145751953125,100.91876220703125,48.84269332885742,4155.85986328125,56222.0,1.6319999694824219
2021-05-24,2406.5,,89.83000183105469,8.130000114440918,,,4197.0498046875,,1.6080000400543213,2406.5,,89.83000183105469,6.267227649688721,,,4197.0498046875,,1.6080000400543213
2021-05-25,2393.5,,89.63999938964844,8.100000381469727,,,4188.1298828125,,1.5640000104904175,2393.5,,89.63999938964844,6.244101047515869,,,4188.1298828125,,1.5640000104904175
2021-05-26,2424.5,48.099998474121094,90.04000091552734,8.3100004196167,136.89999389648438,59.400001525878906,4195.990234375,56599.0,1.5740000009536743,2424.5,43.8255729675293,90.04000091552734,6.405984878540039,102.22550201416016,49.509490966796875,4195.990234375,56599.0,1.5740000009536743
2021-05-27,2501.25,50.0,89.97000122070312,8.569999694824219,139.3000030517578,60.0,4200.8798828125,57500.0,1.6100000143051147,2501.25,45.55672836303711,89.97000122070312,6.606413841247559,104.01764678955078,50.009586334228516,4200.8798828125,57500.0,1.6100000143051147
2021-05-28,2519.5,51.900001525878906,90.02999877929688,8.880000114440918,145.39999389648438,62.5,4204.10986328125,59213.0,1.5809999704360962,2519.5,47.28788375854492,90.02999877929688,6.8453826904296875,108.57259368896484,52.09331512451172,4204.10986328125,59213.0,1.5809999704360962
2021-05-31,,52.70000076293945,,,145.14999389648438,63.400001525878906,,59269.0,,,48.01679611206055,,,108.38593292236328,52.84346389770508,,59269.0,
2021-06-01,2493.0,51.599998474121094,89.83000183105469,9.109999656677246,150.5,61.5,4202.0400390625,61096.0,1.6150000095367432,2493.0,47.01454162597656,89.83000183105469,7.022686004638672,112.38084411621094,51.25982666015625,4202.0400390625,61096.0,1.6150000095367432
2021-06-02,2465.25,52.900001525878906,89.9000015258789,9.069999694824219,150.89999389648438,64.19999694824219,4208.1201171875,62660.0,1.590999960899353,2465.25,48.19902420043945,89.9000015258789,6.991850852966309,112.67955017089844,53.51025390625,4208.1201171875,62660.0,1.590999960899353
2021-06-03,2427.75,54.5,90.5,9.369999885559082,157.0,66.19999694824219,4192.85009765625,64303.0,1.625,2427.75,49.656837463378906,90.5,7.223114490509033,117.23452758789062,55.177242279052734,4192.85009765625,64303.0,1.625
2021-06-04,2478.25,56.599998474121094,90.13999938964844,9.930000305175781,164.85000610351562,69.0,4229.89013671875,66190.0,1.559999942779541,2478.25,51.57021713256836,90.13999938964844,7.654806137084961,123.09622192382812,57.51102066040039,4229.89013671875,66190.0,1.559999942779541
2021-06-07,2452.75,56.0,89.94999694824219,10.210000038146973,169.10000610351562,67.19999694824219,4226.52001953125,68151.0,1.569000005722046,2452.75,51.02354431152344,89.94999694824219,7.870651721954346,126.2697982788086,56.01073455810547,4226.52001953125,68151.0,1.569000005722046
2021-06-08,2470.75,55.20000076293945,90.08000183105469,9.770000457763672,161.60000610351562,66.9000015258789,4227.259765625,66390.0,1.527999997138977,2470.75,50.29463195800781,90.08000183105469,7.53146505355835,120.66942596435547,55.76068878173828,4227.259765625,66390.0,1.527999997138977
2021-06-09,2475.25,56.70000076293945,90.12000274658203,10.210000038146973,168.9499969482422,68.5999984741211,4219.5498046875,68105.0,1.4889999628067017,2475.25,51.661338806152344,90.12000274658203,7.870651721954346,126.1577377319336,57.17762756347656,4219.5498046875,68105.0,1.4889999628067017
2021-06-10,2500.75,57.0,90.08000183105469,10.390000343322754,170.60000610351562,67.9000015258789,4239.18017578125,68145.0,1.4589999914169312,2500.75,51.934669494628906,90.08000183105469,8.009408950805664,127.38987731933594,56.594181060791016,4239.18017578125,68145.0,1.4589999914169312
2021-06-11,2488.75,57.400001525878906,90.55999755859375,9.90999984741211,162.8000030517578,68.69999694824219,4247.43994140625,66094.0,1.4620000123977661,2488.75,52.29912567138672,90.55999755859375,7.6393866539001465,121.56547546386719,57.26097106933594,4247.43994140625,66094.0,1.4620000123977661
2021-06-14,2518.0,58.29999923706055,90.5199966430664,10.100000381469727,164.64999389648438,70.0999984741211,4255.14990234375,66837.0,1.5010000467300415,2518.0,53.11914825439453,90.5199966430664,7.785855770111084,122.94690704345703,58.427860260009766,4255.14990234375,66837.0,1.5010000467300415
2021-06-15,2479.75,58.400001525878906,90.54000091552734,10.069999694824219,165.0,70.30000305175781,4246.58984375,67006.0,1.4989999532699585,2479.75,53.210262298583984,90.54000091552734,7.7627272605896,123.20826721191406,58.59457015991211,4246.58984375,67006.0,1.4989999532699585
2021-06-16,2488.25,59.20000076293945,91.12999725341797,10.220000267028809,168.8000030517578,70.5999984741211,4223.7001953125,67576.0,1.569000005722046,2488.25,53.939170837402344,91.12999725341797,7.878361225128174,126.04576110839844,58.844608306884766,4223.7001953125,67576.0,1.569000005722046
2021-06-17,2420.0,58.5,91.88999938964844,9.90999984741211,165.85000610351562,71.0,4221.85986328125,66440.0,1.5110000371932983,2420.0,53.30137634277344,91.88999938964844,7.6393866539001465,123.84292602539062,59.178009033203125,4221.85986328125,66440.0,1.5110000371932983
2021-06-18,2401.75,57.0,92.2300033569336,9.670000076293945,161.64999389648438,69.5999984741211,4166.4501953125,65136.0,1.4500000476837158,2401.75,51.934669494628906,92.2300033569336,7.454378604888916,120.70674133300781,58.0111198425293,4166.4501953125,65136.0,1.4500000476837158
2021-06-21,2420.5,,91.86000061035156,9.449999809265137,,,4224.7900390625,,1.4839999675750732,2420.5,,91.86000061035156,7.284784317016602,,,4224.7900390625,,1.4839999675750732
2021-06-22,2439.25,57.29999923706055,91.7300033569336,9.739999771118164,165.14999389648438,70.30000305175781,4246.43994140625,65902.0,1.472000002861023,2439.25,52.20801544189453,91.7300033569336,7.508338451385498,123.32025146484375,58.59457015991211,4246.43994140625,65902.0,1.472000002861023
2021-06-23,2447.25,59.0,91.80000305175781,9.579999923706055,163.0500030517578,73.30000305175781,4241.83984375,66090.0,1.4869999885559082,2447.25,53.7569465637207,91.80000305175781,7.384997367858887,121.75212097167969,61.09504318237305,4241.83984375,66090.0,1.4869999885559082
2021-06-24,2454.0,60.20000076293945,91.81999969482422,9.539999961853027,162.5,76.80000305175781,4266.490234375,66933.0,1.4869999885559082,2454.0,54.85029983520508,91.81999969482422,7.354163646697998,121.3414535522461,64.01227569580078,4266.490234375,66933.0,1.4869999885559082
2021-06-25,2502.0,59.5,91.80999755859375,9.199999809265137,155.5,77.0999984741211,4280.7001953125,65134.0,1.5360000133514404,2502.0,54.2125129699707,91.80999755859375,7.09206485748291,116.11443328857422,64.26232147216797,4280.7001953125,65134.0,1.5360000133514404
2021-06-28,2511.5,58.900001525878906,91.87999725341797,9.15999984741211,153.9499969482422,74.80000305175781,4290.60986328125,64151.0,1.4780000448226929,2511.5,53.665836334228516,91.87999725341797,7.0612311363220215,114.95701599121094,62.34528732299805,4290.60986328125,64151.0,1.4780000448226929
2021-06-29,2569.0,60.29999923706055,92.05000305175781,8.800000190734863,148.5500030517578,73.5,4291.7998046875,62972.0,1.4800000190734863,2569.0,54.94141387939453,92.05000305175781,6.7837138175964355,110.92475891113281,61.26174545288086,4291.7998046875,62972.0,1.4800000190734863
2021-06-30,2548.75,58.20000076293945,92.44000244140625,8.619999885559082,146.60000610351562,70.5999984741211,4297.5,62372.0,1.4429999589920044,2548.75,53.02803421020508,92.44000244140625,6.644956588745117,109.46866607666016,58.844608306884766,4297.5,62372.0,1.4429999589920044
2021-07-01,2534.75,58.20000076293945,92.5999984741211,8.5,145.0,70.0999984741211,4319.93994140625,62060.0,1.4800000190734863,2534.75,53.02803421020508,92.5999984741211,6.5524516105651855,108.2739028930664,58.427860260009766,4319.93994140625,62060.0,1.4800000190734863
2021-07-02,2585.75,58.79999923706055,92.2300033569336,8.529999732971191,146.6999969482422,73.19999694824219,4352.33984375,63330.0,1.430999994277954,2585.75,53.5747184753418,92.2300033569336,6.575578212738037,109.5433349609375,61.011695861816406,4352.33984375,63330.0,1.430999994277954
2021-07-05,,60.099998474121094,,,150.5,75.80000305175781,,64849.0,,,54.75918960571289,,,112.38084411621094,63.17877960205078,,64849.0,
2021-07-06,2556.0,59.0,92.55000305175781,8.3100004196167,144.89999389648438,76.5999984741211,4343.5400390625,63563.0,1.3700000047683716,2556.0,53.7569465637207,92.55000305175781,6.405984878540039,108.19925689697266,63.8455696105957,4343.5400390625,63563.0,1.3700000047683716
2021-07-07,2524.0,58.70000076293945,92.63999938964844,8.300000190734863,145.8000030517578,76.0,4358.1298828125,63383.0,1.3209999799728394,2524.0,53.483604431152344,92.63999938964844,6.398275852203369,108.87129211425781,63.3454704284668,4358.1298828125,63383.0,1.3209999799728394
2021-07-08,2467.0,57.79999923706055,92.36000061035156,8.130000114440918,142.35000610351562,74.4000015258789,4320.81982421875,62372.0,1.2879999876022339,2467.0,52.663578033447266,92.36000061035156,6.267227649688721,106.29512023925781,62.01188659667969,4320.81982421875,62372.0,1.2879999876022339
2021-07-09,2521.75,,92.12999725341797,8.199999809265137,,,4369.5498046875,,1.3559999465942383,2521.75,,92.12999725341797,6.321187973022461,,,4369.5498046875,,1.3559999465942383
2021-07-12,2511.25,58.20000076293945,92.2300033569336,8.579999923706055,148.14999389648438,74.19999694824219,4384.6298828125,64215.0,1.3630000352859497,2511.25,53.02803421020508,92.2300033569336,6.614121437072754,110.6260757446289,61.84518814086914,4384.6298828125,64215.0,1.3630000352859497
2021-07-13,2559.25,58.400001525878906,92.75,8.5,147.89999389648438,74.80000305175781,4369.2099609375,64375.0,1.4149999618530273,2559.25,53.210262298583984,92.75,6.5524516105651855,110.43939971923828,62.34528732299805,4369.2099609375,64375.0,1.4149999618530273
2021-07-14,2542.5,57.79999923706055,92.41000366210938,8.539999961853027,147.85000610351562,74.5999984741211,4374.2998046875,63959.0,1.3559999465942383,2542.5,52.663578033447266,92.41000366210938,6.583288192749023,110.4020767211914,62.17858123779297,4374.2998046875,63959.0,1.3559999465942383
2021-07-15,2534.75,57.20000076293945,92.62000274658203,8.350000381469727,144.85000610351562,75.0,4360.02978515625,63485.0,1.2970000505447388,2534.75,52.11690139770508,92.62000274658203,6.436821937561035,108.1618881225586,62.51197814941406,4360.02978515625,63485.0,1.2970000505447388
2021-07-16,2506.25,57.20000076293945,92.69000244140625,8.180000305175781,142.85000610351562,75.0999984741211,4327.16015625,63091.0,1.2999999523162842,2506.25,52.11690139770508,92.69000244140625,6.305771350860596,106.66845703125,62.595333099365234,4327.16015625,63091.0,1.2999999523162842
2021-07-19,2440.0,55.5,92.88999938964844,7.940000057220459,140.39999389648438,72.80000305175781,4258.490234375,62133.0,1.180999994277954,2440.0,50.56797409057617,92.88999938964844,6.120761394500732,104.8389892578125,60.67829513549805,4258.490234375,62133.0,1.180999994277954
2021-07-20,2485.25,57.099998474121094,92.97000122070312,8.029999732971191,142.6999969482422,74.5999984741211,4323.06005859375,63392.0,1.2089999914169312,2485.25,52.02578353881836,92.97000122070312,6.1901397705078125,106.55646514892578,62.17858123779297,4323.06005859375,63392.0,1.2089999914169312
2021-07-21,2478.0,59.20000076293945,92.75,8.380000114440918,148.9499969482422,79.80000305175781,4358.68994140625,65832.0,1.2799999713897705,2478.0,53.939170837402344,92.75,6.459946632385254,111.22345733642578,66.51275634765625,4358.68994140625,65832.0,1.2799999713897705
2021-07-22,2508.75,59.900001525878906,92.81999969482422,8.119999885559082,147.5,79.5,4367.47998046875,65675.0,1.2649999856948853,2508.75,54.576969146728516,92.81999969482422,6.259519100189209,110.14070892333984,66.26270294189453,4367.47998046875,65675.0,1.2649999856948853
2021-07-23,2531.25,59.900001525878906,92.91000366210938,7.96999979019165,144.6999969482422,79.19999694824219,4411.7900390625,64841.0,1.2860000133514404,2531.25,54.576969146728516,92.91000366210938,6.143887519836426,108.0499038696289,66.01264953613281,4411.7900390625,64841.0,1.2860000133514404
2021-07-26,2542.0,59.400001525878906,92.6500015258789,8.149999618530273,148.14999389648438,78.5,4422.2998046875,65531.0,1.2760000228881836,2542.0,54.12139892578125,92.6500015258789,6.282644748687744,110.6260757446289,65.42920684814453,4422.2998046875,65531.0,1.2760000228881836
2021-07-27,2515.25,59.099998474121094,92.43000030517578,8.09000015258789,147.1999969482422,80.0999984741211,4401.4599609375,65688.0,1.2339999675750732,2515.25,53.848060607910156,92.43000030517578,6.236393928527832,109.91667175292969,66.7627944946289,4401.4599609375,65688.0,1.2339999675750732
2021-07-28,2557.0,59.400001525878906,92.31999969482422,8.260000228881836,149.0500030517578,83.5999984741211,4400.64013671875,66554.0,1.2610000371932983,2557.0,54.12139892578125,92.31999969482422,6.367441654205322,111.2981185913086,69.68001556396484,4400.64013671875,66554.0,1.2610000371932983
2021-07-29,2620.75,60.400001525878906,91.86000061035156,8.079999923706055,147.60000610351562,85.0999984741211,4419.14990234375,67316.0,1.2690000534057617,2620.75,55.03253173828125,91.86000061035156,6.228683948516846,110.21539306640625,70.93025970458984,4419.14990234375,67316.0,1.2690000534057617
2021-07-30,2624.25,60.29999923706055,92.16999816894531,7.809999942779541,142.5500030517578,84.19999694824219,4395.259765625,66005.0,1.2389999628067017,2624.25,54.94141387939453,92.16999816894531,6.020546913146973,106.44449615478516,70.18011474609375,4395.259765625,66005.0,1.2389999628067017
2021-08-02,2647.0,61.5,92.05000305175781,7.789999961853027,142.35000610351562,84.5,4387.16015625,65940.0,1.1740000247955322,2647.0,56.03477478027344,92.05000305175781,6.005130290985107,106.29512023925781,70.43016052246094,4387.16015625,65940.0,1.1740000247955322
2021-08-03,2607.75,61.099998474121094,92.08000183105469,8.020000457763672,145.60000610351562,82.9000015258789,4423.14990234375,65874.0,1.1759999990463257,2607.75,55.670326232910156,92.08000183105469,6.182432174682617,108.72195434570312,69.0965805053711,4423.14990234375,65874.0,1.1759999990463257
2021-08-04,2589.25,59.79999923706055,92.2699966430664,7.960000038146973,143.5500030517578,83.0999984741211,4402.66015625,65088.0,1.184000015258789,2589.25,54.48584747314453,92.2699966430664,6.136178970336914,107.19117736816406,69.26327514648438,4402.66015625,65088.0,1.184000015258789
2021-08-05,2610.25,61.0,92.23999786376953,8.100000381469727,145.75,83.5,4429.10009765625,66137.0,1.2170000076293945,2610.25,55.57920455932617,92.23999786376953,6.244101047515869,108.8339614868164,69.5966796875,4429.10009765625,66137.0,1.2170000076293945
2021-08-06,2601.25,61.0,92.80000305175781,8.210000038146973,145.39999389648438,80.80000305175781,4436.52001953125,65861.0,1.2899999618530273,2601.25,55.57920455932617,92.80000305175781,6.328896999359131,108.57259368896484,67.34625244140625,4436.52001953125,65861.0,1.2899999618530273
2021-08-09,2570.75,61.5,92.94999694824219,8.199999809265137,144.5,84.30000305175781,4432.35009765625,66096.0,1.3170000314712524,2570.75,56.03477478027344,92.94999694824219,6.321187973022461,107.90057373046875,70.26346588134766,4432.35009765625,66096.0,1.3170000314712524
2021-08-10,2596.75,62.29999923706055,93.05999755859375,8.550000190734863,151.4499969482422,86.5,4436.75,68023.0,1.3420000076293945,2596.75,56.763694763183594,93.05999755859375,6.5909953117370605,113.09024047851562,72.09715270996094,4436.75,68023.0,1.3420000076293945
2021-08-11,2607.75,64.30000305175781,92.91000366210938,8.710000038146973,155.60000610351562,87.5999984741211,4442.41015625,69475.0,1.3289999961853027,2607.75,58.58595657348633,92.91000366210938,6.714335918426514,116.1891098022461,73.01399230957031,4442.41015625,69475.0,1.3289999961853027
2021-08-12,2593.5,63.900001525878906,93.04000091552734,8.710000038146973,153.35000610351562,88.5999984741211,4460.830078125,69493.0,1.3669999837875366,2593.5,58.22150421142578,93.04000091552734,6.714335918426514,114.5090103149414,73.84748840332031,4460.830078125,69493.0,1.3669999837875366
2021-08-13,2618.0,63.29999923706055,92.5199966430664,8.479999542236328,150.60000610351562,90.0,4468.0,69545.0,1.2970000505447388,2618.0,57.67482376098633,92.5199966430664,6.537033557891846,112.4555435180664,75.0143814086914,4468.0,69545.0,1.2970000505447388
2021-08-16,2616.25,,92.62999725341797,8.359999656677246,,,4479.7099609375,,1.2569999694824219,2616.25,,92.62999725341797,6.444529056549072,,,4479.7099609375,,1.2569999694824219
2021-08-17,2613.75,61.400001525878906,93.12999725341797,8.319999694824219,148.3000030517578,89.5,4448.080078125,67999.0,1.2580000162124634,2613.75,55.943668365478516,93.12999725341797,6.413694381713867,110.73810577392578,74.5976333618164,4448.080078125,67999.0,1.2580000162124634
2021-08-18,2572.5,61.29999923706055,93.13999938964844,8.1899995803833,146.5,87.5999984741211,4400.27001953125,67094.0,1.2730000019073486,2572.5,55.8525505065918,93.13999938964844,6.313479900360107,109.39398956298828,73.01399230957031,4400.27001953125,67094.0,1.2730000019073486
2021-08-19,2562.75,61.400001525878906,93.56999969482422,8.300000190734863,149.25,88.4000015258789,4405.7998046875,66682.0,1.2419999837875366,2562.75,55.943668365478516,93.56999969482422,6.398275852203369,111.44744873046875,73.68079376220703,4405.7998046875,66682.0,1.2419999837875366
2021-08-20,2566.5,61.29999923706055,93.5,8.550000190734863,153.5500030517578,90.0,4441.669921875,67822.0,1.2599999904632568,2566.5,55.8525505065918,93.5,6.5909953117370605,114.65833282470703,75.0143814086914,4441.669921875,67822.0,1.2599999904632568
2021-08-23,2620.0,61.79999923706055,92.95999908447266,8.960000038146973,158.9499969482422,90.30000305175781,4479.52978515625,69050.0,1.2549999952316284,2620.0,56.3081169128418,92.95999908447266,6.907055854797363,118.69062042236328,75.2644271850586,4479.52978515625,69050.0,1.2549999952316284
2021-08-24,2647.5,62.5,92.88999938964844,9.739999771118164,170.0,89.9000015258789,4486.22998046875,71354.0,1.2899999618530273,2647.5,56.945919036865234,92.88999938964844,7.508338451385498,126.94184875488281,74.9310302734375,4486.22998046875,71354.0,1.2899999618530273
2021-08-25,2648.5,61.900001525878906,92.83000183105469,10.119999885559082,176.64999389648438,89.4000015258789,4496.18994140625,72009.0,1.3420000076293945,2648.5,56.399234771728516,92.83000183105469,7.801272869110107,131.907470703125,74.5142822265625,4496.18994140625,72009.0,1.3420000076293945
2021-08-26,2655.5,61.0,93.05999755859375,10.050000190734863,177.85000610351562,87.9000015258789,4470.0,71551.0,1.3420000076293945,2655.5,55.57920455932617,93.05999755859375,7.74730920791626,132.80357360839844,73.2640380859375,4470.0,71551.0,1.3420000076293945
2021-08-27,2680.0,61.70000076293945,92.69000244140625,10.229999542236328,180.4499969482422,88.5,4509.3701171875,73204.0,1.312000036239624,2680.0,56.21700668334961,92.69000244140625,7.8860673904418945,134.7450408935547,73.7641372680664,4509.3701171875,73204.0,1.312000036239624
2021-08-30,2673.0,64.30000305175781,92.6500015258789,10.979999542236328,191.5500030517578,90.19999694824219,4528.7900390625,76329.0,1.284999966621399,2673.0,58.58595657348633,92.6500015258789,8.464224815368652,143.0335693359375,75.18107604980469,4528.7900390625,76329.0,1.284999966621399
2021-08-31,2746.25,65.80000305175781,92.62999725341797,10.779999732971191,188.8000030517578,90.4000015258789,4522.68017578125,76452.0,1.3040000200271606,2746.25,59.95266342163086,92.62999725341797,8.310049057006836,140.9801025390625,75.3477783203125,4522.68017578125,76452.0,1.3040000200271606
2021-09-01,2717.5,65.9000015258789,92.44999694824219,10.550000190734863,185.6999969482422,91.19999694824219,4524.08984375,75233.0,1.3020000457763672,2717.5,60.04376983642578,92.44999694824219,8.132749557495117,138.665283203125,76.01456451416016,4524.08984375,75233.0,1.3020000457763672
2021-09-02,2723.25,66.5,92.2300033569336,10.359999656677246,183.39999389648438,92.4000015258789,4536.9501953125,75115.0,1.2940000295639038,2723.25,60.5904541015625,92.2300033569336,7.986281394958496,136.9477996826172,77.01476287841797,4536.9501953125,75115.0,1.2940000295639038
2021-09-03,2753.75,66.30000305175781,92.04000091552734,10.279999732971191,182.8000030517578,95.69999694824219,4535.43017578125,74735.0,1.3220000267028809,2753.75,60.40822219848633,92.04000091552734,7.924610614776611,136.49981689453125,79.76528930664062,4535.43017578125,74735.0,1.3220000267028809
2021-09-06,,67.30000305175781,,,186.39999389648438,98.69999694824219,,76003.0,,,61.319366455078125,,,139.18798828125,82.26576232910156,,76003.0,
2021-09-07,2787.75,68.5,92.5199966430664,11.15999984741211,198.6999969482422,100.0,4520.02978515625,79005.0,1.3700000047683716,2787.75,62.4127197265625,92.5199966430664,8.602985382080078,148.37258911132812,83.34931182861328,4520.02978515625,79005.0,1.3700000047683716
2021-09-08,2818.5,67.5,92.6500015258789,11.079999923706055,197.35000610351562,100.0,4514.06982421875,77459.0,1.3339999914169312,2818.5,61.5015869140625,92.6500015258789,8.541315078735352,147.36451721191406,83.34931182861328,4514.06982421875,77459.0,1.3339999914169312
2021-09-09,2864.25,66.0999984741211,92.4800033569336,10.819999694824219,194.39999389648438,99.5,4493.27978515625,77127.0,1.2990000247955322,2864.25,60.22599792480469,92.4800033569336,8.340886116027832,145.16171264648438,82.93256378173828,4493.27978515625,77127.0,1.2990000247955322
2021-09-10,2948.0,65.0999984741211,92.58000183105469,10.5600004196167,191.1999969482422,96.9000015258789,4458.580078125,75895.0,1.340999960899353,2948.0,59.31486129760742,92.58000183105469,8.140459060668945,142.772216796875,80.7654800415039,4458.580078125,75895.0,1.340999960899353
2021-09-13,2929.5,65.9000015258789,92.62000274658203,11.539999961853027,206.0,100.25,4468.72998046875,80066.0,1.3240000009536743,2929.5,60.04376983642578,92.62000274658203,8.895916938781738,153.82363891601562,83.55767822265625,4468.72998046875,80066.0,1.3240000009536743
2021-09-14,2866.5,66.5,92.6500015258789,11.239999771118164,200.6999969482422,99.80000305175781,4443.0498046875,78989.0,1.2769999504089355,2866.5,60.5904541015625,92.6500015258789,8.664653778076172,149.8660430908203,83.1826171875,4443.0498046875,78989.0,1.2769999504089355
2021-09-15,2928.25,66.0,92.48999786376953,11.020000457763672,196.75,100.0,4480.7001953125,78489.0,1.3040000200271606,2928.25,60.134883880615234,92.48999786376953,8.495063781738281,146.91651916503906,83.34931182861328,4480.7001953125,78489.0,1.3040000200271606
2021-09-16,2918.0,65.30000305175781,92.86000061035156,11.069999694824219,199.14999389648438,100.75,4473.75,79738.0,1.3309999704360962,2918.0,59.497093200683594,92.86000061035156,8.533604621887207,148.7086639404297,83.97443389892578,4473.75,79738.0,1.3309999704360962
2021-09-17,2919.5,65.0999984741211,93.19999694824219,10.979999542236328,198.0500030517578,98.0999984741211,4432.990234375,78512.0,1.3700000047683716,2919.5,59.31486129760742,93.19999694824219,8.464224815368652,147.88722229003906,81.76567077636719,4432.990234375,78512.0,1.3700000047683716
2021-09-20,2896.5,60.79999923706055,93.23999786376953,9.829999923706055,180.6999969482422,93.5999984741211,4357.72998046875,73635.0,1.309000015258789,2896.5,55.3969841003418,93.23999786376953,7.577718257904053,134.93170166015625,78.01494598388672,4357.72998046875,73635.0,1.309000015258789
2021-09-21,2883.5,62.400001525878906,93.19999694824219,9.609999656677246,178.9499969482422,94.5999984741211,4354.18994140625,73919.0,1.3240000009536743,2883.5,56.85480499267578,93.19999694824219,7.408123970031738,133.62496948242188,78.84844207763672,4354.18994140625,73919.0,1.3240000009536743
2021-09-22,2976.0,60.099998474121094,93.45999908447266,9.699999809265137,184.6999969482422,90.69999694824219,4395.64013671875,74750.0,1.3359999656677246,2976.0,54.75918960571289,93.45999908447266,7.477503776550293,137.9185333251953,75.59782409667969,4395.64013671875,74750.0,1.3359999656677246
2021-09-23,2987.5,62.400001525878906,93.0999984741211,9.59000015258789,183.6999969482422,90.5999984741211,4448.97998046875,74743.0,1.409999966621399,2987.5,56.85480499267578,93.0999984741211,7.392706871032715,137.17185974121094,75.51446533203125,4448.97998046875,74743.0,1.409999966621399
2021-09-24,2958.0,62.70000076293945,93.33000183105469,9.380000114440918,181.25,91.30000305175781,4455.47998046875,74180.0,1.4600000381469727,2958.0,57.128143310546875,93.33000183105469,7.230823993682861,135.3424072265625,76.0979232788086,4455.47998046875,74180.0,1.4600000381469727
2021-09-27,2923.25,62.20000076293945,93.37999725341797,9.6899995803833,188.3000030517578,90.0999984741211,4443.10986328125,75688.0,1.4839999675750732,2923.25,56.672576904296875,93.37999725341797,7.469794273376465,140.60675048828125,75.09772491455078,4443.10986328125,75688.0,1.4839999675750732
2021-09-28,2974.25,62.70000076293945,93.7699966430664,9.600000381469727,188.10000610351562,91.19999694824219,4352.6298828125,75808.0,1.534000039100647,2974.25,57.128143310546875,93.7699966430664,7.400416851043701,140.45738220214844,76.01456451416016,4352.6298828125,75808.0,1.534000039100647
2021-09-29,2965.25,63.599998474121094,94.33999633789062,9.760000228881836,191.0,91.19999694824219,4359.4599609375,76589.0,1.5410000085830688,2965.25,57.948158264160156,94.33999633789062,7.523756504058838,142.62289428710938,76.01456451416016,4359.4599609375,76589.0,1.5410000085830688
2021-09-30,2903.0,63.599998474121094,94.25,10.069999694824219,193.85000610351562,93.30000305175781,4307.5400390625,77364.0,1.5290000438690186,2903.0,57.948158264160156,94.25,7.7627272605896,144.7510223388672,77.76490783691406,4307.5400390625,77364.0,1.5290000438690186
2021-10-01,2902.25,63.20000076293945,94.04000091552734,10.239999771118164,197.6999969482422,94.4000015258789,4357.0400390625,77626.0,1.4789999723434448,2902.25,57.58370590209961,94.04000091552734,7.893777370452881,147.62586975097656,78.68175506591797,4357.0400390625,77626.0,1.4789999723434448
2021-10-04,2957.25,62.5,93.80999755859375,10.149999618530273,196.64999389648438,92.69999694824219,4300.4599609375,77579.0,1.4809999465942383,2957.25,56.945919036865234,93.80999755859375,7.824398517608643,146.84182739257812,77.26480865478516,4300.4599609375,77579.0,1.4809999465942383
2021-10-05,2966.5,62.900001525878906,93.9800033569336,10.3100004196167,195.6999969482422,93.69999694824219,4345.72021484375,78192.0,1.5290000438690186,2966.5,57.31037521362305,93.9800033569336,7.947739601135254,146.13246154785156,78.09830474853516,4345.72021484375,78192.0,1.5290000438690186
2021-10-06,2942.0,61.900001525878906,94.2699966430664,10.229999542236328,196.75,92.0999984741211,4363.5498046875,77443.0,1.5240000486373901,2942.0,56.399234771728516,94.2699966430664,7.8860673904418945,146.91651916503906,76.76470947265625,4363.5498046875,77443.0,1.5240000486373901
2021-10-07,2991.0,61.79999923706055,94.22000122070312,10.229999542236328,196.39999389648438,90.4000015258789,4399.759765625,77553.0,1.5709999799728394,2991.0,56.3081169128418,94.22000122070312,7.8860673904418945,146.65516662597656,75.3477783203125,4399.759765625,77553.0,1.5709999799728394
2021-10-08,3011.25,,94.06999969482422,10.25,,,4391.33984375,,1.6050000190734863,3011.25,,94.06999969482422,7.901485919952393,,,4391.33984375,,1.6050000190734863
2021-10-11,3111.5,,94.31999969482422,10.3100004196167,,,4361.18994140625,,1.6139999628067017,3111.5,,94.31999969482422,7.947739601135254,,,4361.18994140625,,1.6139999628067017
2021-10-12,3108.75,62.20000076293945,94.5199966430664,10.350000381469727,197.0500030517578,90.0,4350.64990234375,77928.0,1.5800000429153442,3108.75,56.672576904296875,94.5199966430664,7.978575229644775,147.14053344726562,75.0143814086914,4350.64990234375,77928.0,1.5800000429153442
2021-10-13,3038.75,62.5,94.08000183105469,10.289999961853027,196.85000610351562,93.0999984741211,4363.7998046875,78428.0,1.5490000247955322,3038.75,56.945919036865234,94.08000183105469,7.932320594787598,146.99118041992188,77.59820556640625,4363.7998046875,78428.0,1.5490000247955322
2021-10-14,3130.5,66.19999694824219,93.95999908447266,10.319999694824219,199.10000610351562,97.19999694824219,4438.259765625,80138.0,1.5190000534057617,3130.5,60.31712341308594,93.95999908447266,7.955448627471924,148.67129516601562,81.01551818847656,4438.259765625,80138.0,1.5190000534057617
2021-10-15,3171.0,67.0,93.94000244140625,10.739999771118164,209.1999969482422,99.5999984741211,4471.3701171875,81990.0,1.5759999752044678,3171.0,61.046016693115234,93.94000244140625,8.279214859008789,156.21310424804688,83.01590728759766,4471.3701171875,81990.0,1.5759999752044678
2021-10-18,3202.5,66.5999984741211,93.94999694824219,10.770000457763672,211.6999969482422,101.0,4486.4599609375,82860.0,1.5839999914169312,3202.5,60.68156433105469,93.94999694824219,8.302343368530273,158.07994079589844,84.18280792236328,4486.4599609375,82860.0,1.5839999914169312
2021-10-19,3138.25,67.5,93.79000091552734,10.920000076293945,214.85000610351562,104.0,4519.6298828125,84308.0,1.6349999904632568,3138.25,61.5015869140625,93.79000091552734,8.417974472045898,160.43211364746094,86.68328094482422,4519.6298828125,84308.0,1.6349999904632568
2021-10-20,3108.75,70.19999694824219,93.55999755859375,11.710000038146973,227.60000610351562,104.75,4536.18994140625,87056.0,1.6360000371932983,3108.75,63.96164321899414,93.55999755859375,9.02696704864502,169.9527130126953,87.30839538574219,4536.18994140625,87056.0,1.6360000371932983
2021-10-21,2935.5,71.19999694824219,93.7699966430664,11.399999618530273,226.3000030517578,104.25,4549.77978515625,86795.0,1.6759999990463257,2935.5,64.87278747558594,93.7699966430664,8.787994384765625,168.98199462890625,86.89165496826172,4549.77978515625,86795.0,1.6759999990463257
2021-10-22,2907.75,71.80000305175781,93.61000061035156,11.40999984741211,228.89999389648438,104.5,4544.89990234375,86899.0,1.6549999713897705,2907.75,65.41947174072266,93.61000061035156,8.795703887939453,170.92343139648438,87.10002136230469,4544.89990234375,86899.0,1.6549999713897705
2021-10-25,2908.0,75.5,93.80999755859375,11.899999618530273,237.35000610351562,109.75,4566.47998046875,89392.0,1.6349999904632568,2908.0,68.79066467285156,93.80999755859375,9.173433303833008,177.2332000732422,91.47586822509766,4566.47998046875,89392.0,1.6349999904632568
2021-10-26,2866.5,76.9000015258789,93.94999694824219,11.6899995803833,234.89999389648438,107.75,4574.7900390625,88908.0,1.61899995803833,2866.5,70.06624603271484,93.94999694824219,9.011548042297363,175.4037628173828,89.80888366699219,4574.7900390625,88908.0,1.61899995803833
2021-10-27,2716.5,75.5999984741211,93.86000061035156,11.010000228881836,223.6999969482422,103.25,4551.68017578125,85353.0,1.5290000438690186,2716.5,68.88178253173828,93.86000061035156,8.487353324890137,167.04054260253906,86.05815887451172,4551.68017578125,85353.0,1.5290000438690186
2021-10-28,2794.5,78.0,93.3499984741211,11.149999618530273,228.8000030517578,104.0,4596.419921875,86034.0,1.5679999589920044,2794.5,71.0685043334961,93.3499984741211,8.59527587890625,170.8487548828125,86.68328094482422,4596.419921875,86034.0,1.5679999589920044
2021-10-29,2758.5,76.5999984741211,94.12000274658203,10.630000114440918,220.0500030517578,105.0,4605.3798828125,83561.0,1.5570000410079956,2758.5,69.79290008544922,94.12000274658203,8.19442081451416,164.3150177001953,87.51677703857422,4605.3798828125,83561.0,1.5570000410079956
2021-11-01,2776.25,81.69999694824219,93.87999725341797,10.829999923706055,230.85000610351562,110.25,4613.669921875,87460.0,1.5750000476837158,2776.25,74.43968200683594,93.87999725341797,8.348593711853027,172.3795623779297,91.89261627197266,4613.669921875,87460.0,1.5750000476837158
2021-11-02,2754.75,84.19999694824219,94.08999633789062,11.140000343322754,240.5500030517578,114.5,4630.64990234375,89273.0,1.5490000247955322,2754.75,77.66818237304688,94.08999633789062,8.587567329406738,179.62269592285156,95.4349594116211,4630.64990234375,89273.0,1.5490000247955322
2021-11-03,2712.5,88.69999694824219,93.86000061035156,11.75,251.39999389648438,122.0,4660.56982421875,92095.0,1.5789999961853027,2712.5,81.81908416748047,93.86000061035156,9.057804107666016,187.7245635986328,101.6861572265625,4660.56982421875,92095.0,1.5789999961853027
2021-11-04,2616.25,91.5,94.3499984741211,11.34000015258789,244.9499969482422,128.5,4680.06005859375,91258.0,1.5240000486373901,2616.25,84.40188598632812,94.3499984741211,8.741742134094238,182.90823364257812,107.10386657714844,4680.06005859375,91258.0,1.5240000486373901
2021-11-05,2595.75,96.69999694824219,94.31999969482422,11.40999984741211,245.85000610351562,135.0,4697.52978515625,92896.0,1.4529999494552612,2595.75,89.19849395751953,94.31999969482422,8.795703887939453,183.58033752441406,112.52156066894531,4697.52978515625,92896.0,1.4529999494552612
2021-11-08,2604.75,100.75,94.05000305175781,11.890000343322754,257.0,137.0,4701.7001953125,96045.0,1.496999979019165,2604.75,92.93431854248047,94.05000305175781,9.165725708007812,191.9061737060547,114.18855285644531,4701.7001953125,96045.0,1.496999979019165
2021-11-09,2560.5,97.19999694824219,93.95999908447266,12.079999923706055,254.39999389648438,129.25,4685.25,94381.0,1.4320000410079956,2560.5,89.65969848632812,93.95999908447266,9.312192916870117,189.9647216796875,107.7289810180664,4685.25,94381.0,1.4320000410079956
2021-11-10,2567.0,98.80000305175781,94.8499984741211,12.140000343322754,257.6000061035156,133.75,4646.7099609375,95131.0,1.559999942779541,2567.0,91.13558959960938,94.8499984741211,9.358443260192871,192.35421752929688,111.47969818115234,4646.7099609375,95131.0,1.559999942779541
2021-11-11,2634.0,101.75,95.18000030517578,11.880000114440918,255.6999969482422,136.75,4649.27001953125,95944.0,1.559999942779541,2634.0,93.85673522949219,95.18000030517578,9.158016204833984,190.93545532226562,113.98018646240234,4649.27001953125,95944.0,1.559999942779541
2021-11-12,2645.25,103.0,95.12999725341797,11.520000457763672,248.85000610351562,136.75,4682.85009765625,94963.0,1.5820000171661377,2645.25,95.00978088378906,95.12999725341797,8.880498886108398,185.82044982910156,113.98018646240234,4682.85009765625,94963.0,1.5820000171661377
2021-11-15,2607.75,103.25,95.41000366210938,11.390000343322754,239.85000610351562,136.5,4682.7998046875,92999.0,1.6230000257492065,2607.75,95.2403793334961,95.41000366210938,8.780282974243164,179.10000610351562,113.77180480957031,4682.7998046875,92999.0,1.6230000257492065
2021-11-16,2540.5,100.25,95.91999816894531,10.5,222.3000030517578,135.25,4700.89990234375,89674.0,1.6339999437332153,2540.5,92.47310638427734,95.91999816894531,8.094204902648926,165.9951171875,112.72994232177734,4700.89990234375,89674.0,1.6339999437332153
2021-11-17,2598.5,95.30000305175781,95.83000183105469,10.0600004196167,213.0500030517578,130.5,4688.669921875,87542.0,1.6039999723434448,2598.5,87.90709686279297,95.83000183105469,7.755021095275879,159.08798217773438,108.7708511352539,4688.669921875,87542.0,1.6039999723434448
2021-11-18,2603.0,95.9000015258789,95.54000091552734,10.1899995803833,220.0500030517578,132.75,4704.5400390625,89512.0,1.5889999866485596,2603.0,88.46055603027344,95.54000091552734,7.855234146118164,164.3150177001953,110.64620971679688,4704.5400390625,89512.0,1.5889999866485596
2021-11-19,2662.75,90.69999694824219,96.06999969482422,9.579999923706055,209.60000610351562,128.0,4697.9599609375,85695.0,1.5360000133514404,2662.75,83.6639404296875,96.06999969482422,7.384997367858887,156.51182556152344,106.68711853027344,4697.9599609375,85695.0,1.5360000133514404
2021-11-22,2657.5,,96.5,9.149999618530273,,,4682.93994140625,,1.625,2657.5,,96.5,7.053520202636719,,,4682.93994140625,,1.625
2021-11-23,2648.0,87.69999694824219,96.48999786376953,9.260000228881836,200.1999969482422,127.0,4690.7001953125,83771.0,1.6670000553131104,2648.0,80.89665985107422,96.48999786376953,7.1383185386657715,149.49267578125,105.85362243652344,4690.7001953125,83771.0,1.6670000553131104
2021-11-24,2664.5,90.5,96.83999633789062,9.140000343322754,201.0,124.5,4701.4599609375,83481.0,1.6449999809265137,2664.5,83.4794692993164,96.83999633789062,7.0458149909973145,150.0900421142578,103.76988983154297,4701.4599609375,83481.0,1.6449999809265137
2021-11-25,,95.4000015258789,,,204.6999969482422,125.5,,84957.0,,,87.99934387207031,,,152.8529052734375,104.60338592529297,,84957.0,
2021-11-26,2581.25,90.5999984741211,96.08999633789062,9.149999618530273,194.4499969482422,120.0,4594.6201171875,80369.0,1.4819999933242798,2581.25,83.57171630859375,96.08999633789062,7.053520202636719,145.1990509033203,100.01917266845703,4594.6201171875,80369.0,1.4819999933242798
2021-11-29,2596.0,92.5,96.33999633789062,8.789999961853027,187.39999389648438,118.5,4655.27001953125,79095.0,1.5299999713897705,2596.0,85.32431030273438,96.33999633789062,6.776004314422607,139.9346923828125,98.76893615722656,4655.27001953125,79095.0,1.5299999713897705
2021-11-30,2591.25,90.0999984741211,95.98999786376953,8.680000305175781,189.35000610351562,115.0,4567.0,79316.0,1.4429999589920044,2591.25,83.1104965209961,95.98999786376953,6.691211223602295,141.39077758789062,95.8517074584961,4567.0,79316.0,1.4429999589920044
2021-12-01,2628.5,93.30000305175781,96.05000305175781,9.430000305175781,209.0500030517578,118.5,4513.0400390625,85165.0,1.434000015258789,2628.5,86.06226348876953,96.05000305175781,7.26936674118042,156.10113525390625,98.76893615722656,4513.0400390625,85165.0,1.434000015258789
2021-12-02,2585.25,97.80000305175781,96.12999725341797,9.529999732971191,207.64999389648438,122.75,4577.10009765625,87451.0,1.4479999542236328,2585.25,90.21317291259766,96.12999725341797,7.346454620361328,155.05569458007812,102.311279296875,4577.10009765625,87451.0,1.4479999542236328
2021-12-03,2596.25,99.9000015258789,96.12000274658203,9.170000076293945,204.85000610351562,122.75,4538.43017578125,86360.0,1.343000054359436,2596.25,92.15026092529297,96.12000274658203,7.068938732147217,152.9648895263672,102.311279296875,4538.43017578125,86360.0,1.343000054359436
2021-12-06,2566.75,103.0,96.29000091552734,9.390000343322754,208.75,125.5,4591.669921875,88287.0,1.434000015258789,2566.75,95.00978088378906,96.29000091552734,7.238533020019531,155.8770751953125,104.60338592529297,4591.669921875,88287.0,1.434000015258789
2021-12-07,2601.75,102.5,96.37000274658203,9.630000114440918,213.0,126.5,4686.75,89243.0,1.4800000190734863,2601.75,94.54856872558594,96.37000274658203,7.42354154586792,159.05064392089844,105.43687438964844,4686.75,89243.0,1.4800000190734863
2021-12-08,2576.25,,95.88999938964844,9.710000038146973,,,4701.2099609375,,1.5089999437332153,2576.25,,95.88999938964844,7.4852142333984375,,,4701.2099609375,,1.5089999437332153
2021-12-09,2579.5,100.5,96.2699966430664,9.760000228881836,205.0500030517578,127.0,4667.4501953125,86545.0,1.4869999885559082,2579.5,92.70372009277344,96.2699966430664,7.523756504058838,153.1142578125,105.85362243652344,4667.4501953125,86545.0,1.4869999885559082
2021-12-10,2550.75,101.5,96.05000305175781,9.569999694824219,199.39999389648438,127.75,4712.02001953125,85441.0,1.4889999628067017,2550.75,93.62613677978516,96.05000305175781,7.37729024887085,148.89527893066406,106.4787368774414,4712.02001953125,85441.0,1.4889999628067017
2021-12-13,2601.75,99.4000015258789,96.31999969482422,9.100000381469727,187.89999389648438,125.75,4668.97021484375,81948.0,1.4240000247955322,2601.75,91.68904876708984,96.31999969482422,7.014978408813477,140.30807495117188,104.81175231933594,4668.97021484375,81948.0,1.4240000247955322
2021-12-14,2569.0,99.9000015258789,96.56999969482422,9.329999923706055,194.5500030517578,126.0,4634.08984375,82179.0,1.437999963760376,2569.0,92.15026092529297,96.56999969482422,7.19227933883667,145.2737274169922,105.02012634277344,4634.08984375,82179.0,1.437999963760376
2021-12-15,2540.0,94.0999984741211,96.51000213623047,9.5,190.9499969482422,126.0,4709.85009765625,80939.0,1.4630000591278076,2540.0,86.8001937866211,96.51000213623047,7.32332706451416,142.58555603027344,105.02012634277344,4709.85009765625,80939.0,1.4630000591278076
2021-12-16,2611.25,95.4000015258789,96.04000091552734,9.75,199.10000610351562,127.0,4668.669921875,82995.0,1.4220000505447388,2611.25,87.99934387207031,96.04000091552734,7.516049385070801,148.67129516601562,105.85362243652344,4668.669921875,82995.0,1.4220000505447388
2021-12-17,2653.75,94.9000015258789,96.56999969482422,9.399999618530273,196.5500030517578,127.25,4620.64013671875,83234.0,1.4019999504089355,2653.75,87.53813171386719,96.56999969482422,7.24623966217041,146.76718139648438,106.06199645996094,4620.64013671875,83234.0,1.4019999504089355
2021-12-20,2602.0,92.19999694824219,96.55000305175781,9.449999809265137,195.8000030517578,121.5,4568.02001953125,81908.0,1.4190000295639038,2602.0,85.04757690429688,96.55000305175781,7.284784317016602,146.20712280273438,101.26941680908203,4568.02001953125,81908.0,1.4190000295639038
2021-12-21,2716.75,93.19999694824219,96.48999786376953,9.489999771118164,199.5,123.0,4649.22998046875,84138.0,1.4869999885559082,2716.75,85.97000885009766,96.48999786376953,7.315619945526123,148.9700164794922,102.5196533203125,4649.22998046875,84138.0,1.4869999885559082
2021-12-22,2803.75,90.9000015258789,96.08000183105469,9.539999961853027,198.5,125.25,4696.56005859375,83652.0,1.4570000171661377,2803.75,83.84843444824219,96.08000183105469,7.354163646697998,148.2232666015625,104.39501190185547,4696.56005859375,83652.0,1.4570000171661377
2021-12-23,2808.0,93.0999984741211,96.0199966430664,9.6899995803833,199.25,129.0,4725.7900390625,84850.0,1.4930000305175781,2808.0,85.87776184082031,96.0199966430664,7.469794273376465,148.7833251953125,107.5206069946289,4725.7900390625,84850.0,1.4930000305175781
2021-12-27,2808.0,92.30000305175781,96.08999633789062,10.149999618530273,200.10000610351562,130.0,4791.18994140625,84571.0,1.4809999465942383,2808.0,85.13982391357422,96.08999633789062,7.824398517608643,149.41799926757812,108.3541030883789,4791.18994140625,84571.0,1.4809999465942383
2021-12-28,2808.0,87.5999984741211,96.19999694824219,9.609999656677246,193.14999389648438,128.0,4786.35009765625,82784.0,1.4809999465942383,2808.0,80.80442810058594,96.19999694824219,7.408123970031738,144.2283172607422,106.68711853027344,4786.35009765625,82784.0,1.4809999465942383
2021-12-29,2781.25,91.69999694824219,95.93000030517578,9.850000381469727,197.0,128.25,4793.06005859375,84007.0,1.5429999828338623,2781.25,84.65522766113281,95.93000030517578,7.593136787414551,147.10321044921875,106.89549255371094,4793.06005859375,84007.0,1.5429999828338623
2021-12-30,2782.5,93.0,95.97000122070312,9.739999771118164,195.35000610351562,124.75,4778.72998046875,83500.0,1.5149999856948853,2782.5,85.85536193847656,95.97000122070312,7.508338451385498,145.87112426757812,103.97825622558594,4778.72998046875,83500.0,1.5149999856948853
2021-12-31,2752.5,,95.66999816894531,9.489999771118164,,,4766.18017578125,,1.5119999647140503,2752.5,,95.66999816894531,7.315619945526123,,,4766.18017578125,,1.5119999647140503
2022-01-03,2752.5,93.9000015258789,96.23999786376953,9.699999809265137,201.25,127.75,4796.56005859375,85579.0,1.628000020980835,2752.5,86.68621063232422,96.23999786376953,7.477503776550293,150.27671813964844,106.4787368774414,4796.56005859375,85579.0,1.628000020980835
2022-01-04,2802.75,92.4000015258789,96.29000091552734,9.630000114440918,197.25,130.5,4793.5400390625,85286.0,1.6679999828338623,2802.75,85.30145263671875,96.29000091552734,7.42354154586792,147.28988647460938,108.7708511352539,4793.5400390625,85286.0,1.6679999828338623
2022-01-05,2876.0,90.9000015258789,96.19000244140625,9.180000305175781,193.14999389648438,128.75,4700.580078125,83836.0,1.7050000429153442,2876.0,83.91669464111328,96.19000244140625,7.0766472816467285,144.2283172607422,107.3122329711914,4700.580078125,83836.0,1.7050000429153442
2022-01-06,2890.0,89.19999694824219,96.25,9.270000457763672,195.10000610351562,127.75,4696.0498046875,83748.0,1.7330000400543213,2890.0,82.34728240966797,96.25,7.146028518676758,145.6844482421875,106.4787368774414,4696.0498046875,83748.0,1.7330000400543213
2022-01-07,2884.5,89.9000015258789,95.73999786376953,9.380000114440918,198.0,127.75,4677.02978515625,84402.0,1.7710000276565552,2884.5,82.99351501464844,95.73999786376953,7.230823993682861,147.84988403320312,106.4787368774414,4677.02978515625,84402.0,1.7710000276565552
2022-01-10,2898.75,89.0,95.98999786376953,9.270000457763672,196.8000030517578,127.5,4670.2900390625,83746.0,1.7799999713897705,2898.75,82.16264343261719,95.98999786376953,7.146028518676758,146.95382690429688,106.27037048339844,4670.2900390625,83746.0,1.7799999713897705
2022-01-11,2951.0,89.80000305175781,95.62000274658203,9.510000228881836,200.10000610351562,126.5,4713.06982421875,84702.0,1.746000051498413,2951.0,82.90119171142578,95.62000274658203,7.331037521362305,149.41799926757812,105.43687438964844,4713.06982421875,84702.0,1.746000051498413
2022-01-12,2973.75,88.9000015258789,95.0,9.569999694824219,199.6999969482422,126.75,4726.35009765625,85100.0,1.725000023841858,2973.75,82.07034301757812,95.0,7.37729024887085,149.11932373046875,105.64524841308594,4726.35009765625,85100.0,1.725000023841858
2022-01-13,2944.0,90.80000305175781,94.79000091552734,9.520000457763672,198.64999389648438,125.5,4659.02978515625,85371.0,1.7109999656677246,2944.0,83.82437133789062,94.79000091552734,7.338747024536133,148.3352508544922,104.60338592529297,4659.02978515625,85371.0,1.7109999656677246
2022-01-14,2962.75,90.9000015258789,95.16999816894531,9.489999771118164,197.6999969482422,126.0,4662.85009765625,85481.0,1.7719999551773071,2962.75,83.91669464111328,95.16999816894531,7.315619945526123,147.62586975097656,105.02012634277344,4662.85009765625,85481.0,1.7719999551773071
2022-01-17,,90.5,,,195.9499969482422,124.5,,85039.0,,,83.54741668701172,,,146.31915283203125,103.76988983154297,,85039.0,
2022-01-18,3001.0,89.5999984741211,95.7300033569336,8.90999984741211,188.9499969482422,122.75,4577.10986328125,83351.0,1.8650000095367432,3001.0,82.71656036376953,95.7300033569336,6.86851167678833,141.09214782714844,102.311279296875,4577.10986328125,83351.0,1.8650000095367432
2022-01-19,3038.25,89.5999984741211,95.51000213623047,9.0,191.0500030517578,123.0,4532.759765625,83528.0,1.8270000219345093,3038.25,82.71656036376953,95.51000213623047,6.937890529632568,142.66021728515625,102.5196533203125,4532.759765625,83528.0,1.8270000219345093
2022-01-20,3102.25,92.0999984741211,95.73999786376953,8.850000381469727,195.6999969482422,124.5,4482.72998046875,85126.0,1.8329999446868896,3102.25,85.02449035644531,95.73999786376953,6.822259426116943,146.13246154785156,103.76988983154297,4482.72998046875,85126.0,1.8329999446868896
2022-01-21,3026.0,89.9000015258789,95.63999938964844,8.430000305175781,189.39999389648438,124.0,4397.93994140625,83623.0,1.746999979019165,3026.0,82.99351501464844,95.63999938964844,6.4984917640686035,141.42816162109375,103.35314178466797,4397.93994140625,83623.0,1.746999979019165
2022-01-24,3015.5,85.0999984741211,95.91999816894531,8.260000228881836,181.5500030517578,121.25,4410.1298828125,81004.0,1.7350000143051147,3015.5,78.562255859375,95.91999816894531,6.367441654205322,135.56637573242188,101.06104278564453,4410.1298828125,81004.0,1.7350000143051147
2022-01-25,3077.75,87.30000305175781,95.94999694824219,8.5600004196167,197.89999389648438,124.0,4356.4501953125,85180.0,1.7829999923706055,3077.75,80.59325408935547,95.94999694824219,6.598704814910889,147.77523803710938,103.35314178466797,4356.4501953125,85180.0,1.7829999923706055
2022-01-26,3078.0,88.5999984741211,96.48999786376953,8.6899995803833,198.9499969482422,124.25,4349.93017578125,85782.0,1.8480000495910645,3078.0,81.79338836669922,96.48999786376953,6.698916912078857,148.55929565429688,103.56151580810547,4349.93017578125,85782.0,1.8480000495910645
2022-01-27,3090.25,88.80000305175781,97.26000213623047,8.680000305175781,199.75,125.5,4326.509765625,85969.0,1.8070000410079956,3090.25,81.97801971435547,97.26000213623047,6.691211223602295,149.15667724609375,104.60338592529297,4326.509765625,85969.0,1.8070000410079956
2022-01-28,3128.25,90.69999694824219,97.2699966430664,9.529999732971191,210.1999969482422,124.75,4431.85009765625,88270.0,1.781999945640564,3128.25,83.73204803466797,97.2699966430664,7.346454620361328,156.9598388671875,103.97825622558594,4431.85009765625,88270.0,1.781999945640564
2022-01-31,3078.25,92.9000015258789,96.54000091552734,9.680000305175781,216.10000610351562,124.75,4515.5498046875,90908.0,1.781999945640564,3078.25,85.76303100585938,96.54000091552734,7.4620866775512695,161.36550903320312,103.97825622558594,4515.5498046875,90908.0,1.781999945640564
2022-02-01,3077.5,93.9000015258789,96.38999938964844,9.680000305175781,215.5,125.75,4546.5400390625,91417.0,1.7999999523162842,3077.5,86.68621063232422,96.38999938964844,7.4620866775512695,160.91744995117188,104.81175231933594,4546.5400390625,91417.0,1.7999999523162842
2022-02-02,3029.0,93.9000015258789,95.94000244140625,9.59000015258789,210.5,124.0,4589.3798828125,89663.0,1.7660000324249268,3029.0,86.68621063232422,95.94000244140625,7.392706871032715,157.18386840820312,103.35314178466797,4589.3798828125,89663.0,1.7660000324249268
2022-02-03,3080.0,93.30000305175781,95.37999725341797,9.300000190734863,204.8000030517578,123.5,4477.43994140625,88091.0,1.8270000219345093,3080.0,86.13231658935547,95.37999725341797,7.169153213500977,152.92758178710938,102.93639373779297,4477.43994140625,88091.0,1.8270000219345093
2022-02-04,3114.25,94.19999694824219,95.4800033569336,9.300000190734863,204.0,125.25,4500.52978515625,87934.0,1.9299999475479126,3114.25,86.96316528320312,95.4800033569336,7.169153213500977,152.33016967773438,104.39501190185547,4500.52978515625,87934.0,1.9299999475479126
2022-02-07,3167.75,96.80000305175781,95.4000015258789,9.369999885559082,207.39999389648438,127.75,4483.8701171875,89189.0,1.9160000085830688,3167.75,89.3634262084961,95.4000015258789,7.223114490509033,154.8690185546875,106.4787368774414,4483.8701171875,89189.0,1.9160000085830688
2022-02-08,3240.25,96.9000015258789,95.63999938964844,9.34000015258789,202.85000610351562,128.5,4521.5400390625,88149.0,1.9539999961853027,3240.25,89.45574951171875,95.63999938964844,7.19998836517334,151.4714813232422,107.10386657714844,4521.5400390625,88149.0,1.9539999961853027
2022-02-09,3313.0,96.9000015258789,95.48999786376953,9.279999732971191,199.0500030517578,126.5,4587.18017578125,87393.0,1.9290000200271606,3313.0,89.45574951171875,95.48999786376953,7.153736114501953,148.63392639160156,105.43687438964844,4587.18017578125,87393.0,1.9290000200271606
2022-02-10,3319.0,97.9000015258789,95.55000305175781,9.229999542236328,200.14999389648438,125.25,4504.080078125,87559.0,2.0309998989105225,3319.0,90.37891387939453,95.55000305175781,7.11519193649292,149.45533752441406,104.39501190185547,4504.080078125,87559.0,2.0309998989105225
2022-02-11,3282.25,98.5999984741211,96.08000183105469,9.029999732971191,197.14999389648438,125.0,4418.64013671875,88185.0,1.9550000429153442,3282.25,91.02513885498047,96.08000183105469,6.961018085479736,147.2152099609375,104.18663024902344,4418.64013671875,88185.0,1.9550000429153442
2022-02-14,3272.0,99.19999694824219,96.37000274658203,9.0,194.35000610351562,125.25,4401.669921875,87804.0,1.996000051498413,3272.0,91.57903289794922,96.37000274658203,6.937890529632568,145.12440490722656,104.39501190185547,4401.669921875,87804.0,1.996000051498413
2022-02-15,3272.5,98.0999984741211,95.98999786376953,9.170000076293945,196.6999969482422,126.0,4471.06982421875,88043.0,2.0450000762939453,3272.5,90.56355285644531,95.98999786376953,7.068938732147217,146.87913513183594,105.02012634277344,4471.06982421875,88043.0,2.0450000762939453
2022-02-16,3320.0,100.0,95.69999694824219,9.720000267028809,204.14999389648438,127.25,4475.009765625,90578.0,2.046999931335449,3320.0,92.31758880615234,95.69999694824219,7.492921352386475,152.4422149658203,106.06199645996094,4475.009765625,90578.0,2.046999931335449
2022-02-17,3315.75,99.0999984741211,95.80000305175781,9.430000305175781,200.10000610351562,126.25,4380.259765625,89978.0,1.972000002861023,3315.75,91.48672485351562,95.80000305175781,7.26936674118042,149.41799926757812,105.22850036621094,4380.259765625,89978.0,1.972000002861023
2022-02-18,3304.5,97.0,96.04000091552734,9.680000305175781,202.1999969482422,124.0,4348.8701171875,89443.0,1.9320000410079956,3304.5,89.54804992675781,96.04000091552734,7.4620866775512695,150.98611450195312,103.35314178466797,4348.8701171875,89443.0,1.9320000410079956
2022-02-21,,97.19999694824219,,,203.64999389648438,124.5,,90030.0,,,89.7326889038086,,,152.06884765625,103.76988983154297,,90030.0,
2022-02-22,3342.0,98.0,96.02999877929688,10.1899995803833,208.75,123.5,4304.759765625,90441.0,1.9479999542236328,3342.0,90.47122192382812,96.02999877929688,7.855234146118164,155.8770751953125,102.93639373779297,4304.759765625,90441.0,1.9479999542236328
2022-02-23,3345.75,98.4000015258789,96.19000244140625,10.119999885559082,211.25,126.75,4225.5,91360.0,1.9769999980926514,3345.75,90.84050750732422,96.19000244140625,7.801272869110107,157.74391174316406,105.64524841308594,4225.5,91360.0,1.9769999980926514
2022-02-24,3457.5,95.0,97.13999938964844,9.970000267028809,204.6999969482422,125.25,4288.7001953125,88722.0,1.968999981880188,3457.5,87.70170593261719,97.13999938964844,7.685640811920166,152.8529052734375,104.39501190185547,4288.7001953125,88722.0,1.968999981880188
2022-02-25,3406.0,92.5999984741211,96.62000274658203,9.890000343322754,199.60000610351562,123.75,4384.64990234375,87970.0,1.9859999418258667,3406.0,85.486083984375,96.62000274658203,7.623970985412598,149.044677734375,103.14476776123047,4384.64990234375,87970.0,1.9859999418258667
2022-02-28,3417.0,,96.70999908447266,9.470000267028809,,,4373.93994140625,,1.8389999866485596,3417.0,,96.70999908447266,7.300203323364258,,,4373.93994140625,,1.8389999866485596
2022-03-01,3516.0,,97.41000366210938,9.649999618530273,,,4306.259765625,,1.7070000171661377,3516.0,,97.41000366210938,7.438961029052734,,,4306.259765625,,1.7070000171661377
2022-03-02,3615.5,92.9000015258789,97.38999938964844,9.890000343322754,202.85000610351562,123.75,4386.5400390625,90249.0,1.8650000095367432,3615.5,85.76303100585938,97.38999938964844,7.623970985412598,151.4714813232422,103.14476776123047,4386.5400390625,90249.0,1.8650000095367432
2022-03-03,3767.75,96.9000015258789,97.79000091552734,9.989999771118164,205.64999389648438,129.25,4363.490234375,91558.0,1.843999981880188,3767.75,89.45574951171875,97.79000091552734,7.7010602951049805,153.562255859375,107.7289810180664,4363.490234375,91558.0,1.843999981880188
2022-03-04,3873.0,98.9000015258789,98.6500015258789,9.59000015258789,194.8000030517578,128.75,4328.8701171875,89515.0,1.7239999771118164,3873.0,91.30209350585938,98.6500015258789,7.392706871032715,145.46041870117188,107.3122329711914,4328.8701171875,89515.0,1.7239999771118164
2022-03-07,3745.5,100.5,99.29000091552734,9.109999656677246,185.5,130.25,4201.08984375,87948.0,1.7510000467300415,3745.5,92.77918243408203,99.29000091552734,7.022686004638672,138.5159149169922,108.5624771118164,4201.08984375,87948.0,1.7510000467300415
2022-03-08,3485.5,99.80000305175781,99.05999755859375,9.380000114440918,188.5500030517578,127.5,4170.7001953125,88061.0,1.871999979019165,3485.5,92.13296508789062,99.05999755859375,7.230823993682861,140.79339599609375,106.27037048339844,4170.7001953125,88061.0,1.871999979019165
2022-03-09,3286.5,96.80000305175781,97.97000122070312,9.949999809265137,192.6999969482422,124.0,4277.8798828125,87227.0,1.9479999542236328,3286.5,89.3634262084961,97.97000122070312,7.670222282409668,143.89231872558594,103.35314178466797,4277.8798828125,87227.0,1.9479999542236328
2022-03-10,3361.25,97.30000305175781,98.51000213623047,10.300000190734863,199.60000610351562,124.75,4259.52001953125,90283.0,2.010999917984009,3361.25,89.82501983642578,98.51000213623047,7.940030097961426,149.044677734375,103.97825622558594,4259.52001953125,90283.0,2.010999917984009
2022-03-11,3446.5,95.5999984741211,99.12000274658203,10.140000343322754,196.10000610351562,125.75,4204.31005859375,88999.0,2.003999948501587,3446.5,88.255615234375,99.12000274658203,7.816688060760498,146.43115234375,104.81175231933594,4204.31005859375,88999.0,2.003999948501587
2022-03-14,3321.5,92.9000015258789,99.05999755859375,9.920000076293945,187.0500030517578,124.0,4173.10986328125,84956.0,2.140000104904175,3321.5,85.76303100585938,99.05999755859375,7.647096157073975,139.67335510253906,103.35314178466797,4173.10986328125,84956.0,2.140000104904175
2022-03-15,3204.5,90.5999984741211,99.06999969482422,9.930000305175781,187.5,120.75,4262.4501953125,84055.0,2.1600000858306885,3204.5,83.63973236083984,99.06999969482422,7.654806137084961,140.00941467285156,100.644287109375,4262.4501953125,84055.0,2.1600000858306885
2022-03-16,3238.75,94.69999694824219,98.37999725341797,10.149999618530273,198.0500030517578,128.5,4357.85986328125,87451.0,2.187999963760376,3238.75,87.42475128173828,98.37999725341797,7.824398517608643,147.88722229003906,107.10386657714844,4357.85986328125,87451.0,2.187999963760376
2022-03-17,3316.25,98.0999984741211,98.01000213623047,10.460000038146973,203.25,131.5,4411.669921875,89646.0,2.191999912261963,3316.25,90.56355285644531,98.01000213623047,8.063369750976562,151.77015686035156,109.6043472290039,4411.669921875,89646.0,2.191999912261963
2022-03-18,3357.25,97.9000015258789,98.2300033569336,10.260000228881836,199.89999389648438,132.75,4463.1201171875,89058.0,2.1480000019073486,3357.25,90.37891387939453,98.2300033569336,7.909193992614746,149.26866149902344,110.64620971679688,4463.1201171875,89058.0,2.1480000019073486
2022-03-21,3469.75,99.5,98.5,10.4399995803833,203.89999389648438,129.0,4461.18017578125,90041.0,2.315000057220459,3469.75,91.85600280761719,98.5,8.047951698303223,152.25552368164062,107.5206069946289,4461.18017578125,90041.0,2.315000057220459
2022-03-22,3460.25,96.19999694824219,98.48999786376953,10.420000076293945,207.4499969482422,123.5,4511.60986328125,90170.0,2.372999906539917,3460.25,88.80950927734375,98.48999786376953,8.032536506652832,154.90635681152344,102.93639373779297,4511.60986328125,90170.0,2.372999906539917
2022-03-23,3572.75,94.5999984741211,98.62000274658203,10.270000457763672,205.6999969482422,122.5,4456.240234375,90107.0,2.321000099182129,3572.75,87.33242797851562,98.62000274658203,7.916902542114258,153.59962463378906,102.10291290283203,4456.240234375,90107.0,2.321000099182129
2022-03-24,3593.5,,98.79000091552734,10.850000381469727,,,4520.16015625,,2.3410000801086426,3593.5,,98.79000091552734,8.36401081085205,,,4520.16015625,,2.3410000801086426
2022-03-25,3571.5,97.80000305175781,98.80999755859375,10.699999809265137,213.6999969482422,124.0,4543.06005859375,93010.0,2.492000102996826,3571.5,90.28660583496094,98.80999755859375,8.248382568359375,159.57334899902344,103.35314178466797,4543.06005859375,93010.0,2.492000102996826
2022-03-28,3585.5,97.9000015258789,99.08999633789062,10.6899995803833,208.0,123.25,4575.52001953125,91663.0,2.4769999980926514,3585.5,90.37891387939453,99.08999633789062,8.240670204162598,155.3170623779297,102.72801971435547,4575.52001953125,91663.0,2.4769999980926514
2022-03-29,3431.5,96.69999694824219,98.4000015258789,10.6899995803833,204.6999969482422,122.5,4631.60009765625,89967.0,2.4000000953674316,3431.5,89.27111053466797,98.4000015258789,8.240670204162598,152.8529052734375,102.10291290283203,4631.60009765625,89967.0,2.4000000953674316
2022-03-30,3553.5,96.69999694824219,97.79000091552734,10.829999923706055,207.75,121.75,4602.4501953125,90868.0,2.3580000400543213,3553.5,89.27111053466797,97.79000091552734,8.348593711853027,155.13038635253906,101.477783203125,4602.4501953125,90868.0,2.3580000400543213
2022-03-31,3500.0,96.4000015258789,98.30999755859375,10.800000190734863,205.85000610351562,124.5,4530.41015625,90960.0,2.3269999027252197,3500.0,88.99415588378906,98.30999755859375,8.325469017028809,153.71160888671875,103.76988983154297,4530.41015625,90960.0,2.3269999027252197
2022-04-01,3466.5,98.30000305175781,98.62999725341797,11.100000381469727,209.5500030517578,127.5,4545.85986328125,92391.0,2.377000093460083,3466.5,90.74818420410156,98.62999725341797,8.556731224060059,156.47445678710938,106.27037048339844,4545.85986328125,92391.0,2.377000093460083
2022-04-04,3441.5,98.9000015258789,98.98999786376953,11.010000228881836,208.25,126.0,4582.64013671875,93219.0,2.4119999408721924,3441.5,91.30209350585938,98.98999786376953,8.487353324890137,155.5037384033203,105.02012634277344,4582.64013671875,93219.0,2.4119999408721924
2022-04-05,3430.5,98.5999984741211,99.47000122070312,10.619999885559082,200.85000610351562,125.75,4525.1201171875,91814.0,2.555999994277954,3430.5,91.02513885498047,99.47000122070312,8.186711311340332,149.97808837890625,104.81175231933594,4525.1201171875,91814.0,2.555999994277954
2022-04-06,3405.0,97.5,99.5999984741211,10.510000228881836,199.1999969482422,124.5,4481.14990234375,90973.0,2.6089999675750732,3405.0,90.00962829589844,99.5999984741211,8.10191535949707,148.74598693847656,103.76988983154297,4481.14990234375,90973.0,2.6089999675750732
2022-04-07,3352.75,96.69999694824219,99.75,10.3100004196167,196.64999389648438,124.75,4500.2099609375,91558.0,2.6519999504089355,3352.75,89.27111053466797,99.75,7.947739601135254,146.84182739257812,103.97825622558594,4500.2099609375,91558.0,2.6519999504089355
2022-04-08,3340.75,95.5999984741211,99.80000305175781,10.300000190734863,196.3000030517578,122.75,4488.27978515625,92092.0,2.7130000591278076,3340.75,88.255615234375,99.80000305175781,7.940030097961426,146.58047485351562,102.311279296875,4488.27978515625,92092.0,2.7130000591278076
2022-04-11,3209.75,93.5,99.93000030517578,9.979999542236328,191.39999389648438,122.5,4412.52978515625,90630.0,2.7799999713897705,3209.75,86.31694030761719,99.93000030517578,7.693348407745361,142.9215545654297,102.10291290283203,4412.52978515625,90630.0,2.7799999713897705
2022-04-12,3229.5,93.9000015258789,100.29000091552734,9.930000305175781,192.0,121.75,4397.4501953125,90346.0,2.7249999046325684,3229.5,86.68621063232422,100.29000091552734,7.654806137084961,143.36962890625,101.477783203125,4397.4501953125,90346.0,2.7249999046325684
2022-04-13,3206.75,94.80000305175781,99.87999725341797,9.970000267028809,190.5,121.75,4446.58984375,91041.0,2.687000036239624,3206.75,87.51707458496094,99.87999725341797,7.685640811920166,142.24954223632812,101.477783203125,4446.58984375,91041.0,2.687000036239624
2022-04-14,3250.5,,100.31999969482422,10.0,,,4392.58984375,,2.828000068664551,3250.5,,100.31999969482422,7.708767414093018,,,4392.58984375,,2.828000068664551
2022-04-18,3250.5,94.9000015258789,100.77999877929688,10.130000114440918,192.6999969482422,120.75,4391.68994140625,91239.0,2.861999988555908,3250.5,87.60939025878906,100.77999877929688,7.808980941772461,143.89231872558594,100.644287109375,4391.68994140625,91239.0,2.861999988555908
2022-04-19,3212.5,94.19999694824219,100.95999908447266,10.119999885559082,194.0,120.5,4462.2099609375,92038.0,2.9130001068115234,3212.5,86.96316528320312,100.95999908447266,7.801272869110107,144.863037109375,100.43592071533203,4462.2099609375,92038.0,2.9130001068115234
2022-04-20,3237.5,94.4000015258789,100.38999938964844,10.039999961853027,195.3000030517578,120.25,4459.4501953125,92559.0,2.8399999141693115,3237.5,87.14781188964844,100.38999938964844,7.739602565765381,145.83375549316406,100.22754669189453,4459.4501953125,92559.0,2.8399999141693115
2022-04-21,3264.0,93.80000305175781,100.58000183105469,9.510000228881836,192.5,120.25,4393.66015625,91496.0,2.9170000553131104,3264.0,86.59390258789062,100.58000183105469,7.331037521362305,143.742919921875,100.22754669189453,4393.66015625,91496.0,2.9170000553131104
2022-04-22,3203.0,95.0999984741211,101.22000122070312,9.260000228881836,193.10000610351562,121.5,4271.77978515625,91717.0,2.9059998989105225,3203.0,87.79402923583984,101.22000122070312,7.1383185386657715,144.1909942626953,101.26941680908203,4271.77978515625,91717.0,2.9059998989105225
2022-04-25,3054.5,94.69999694824219,101.75,9.300000190734863,193.89999389648438,119.5,4296.1201171875,91154.0,2.8259999752044678,3054.5,87.42475128173828,101.75,7.169153213500977,144.78834533691406,99.60243225097656,4296.1201171875,91154.0,2.8259999752044678
2022-04-26,3040.25,93.80000305175781,102.30000305175781,8.869999885559082,190.60000610351562,118.5,4175.2001953125,89575.0,2.7720000743865967,3040.25,86.59390258789062,102.30000305175781,6.8376784324646,142.3241729736328,98.76893615722656,4175.2001953125,89575.0,2.7720000743865967
2022-04-27,3066.5,93.4000015258789,102.94999694824219,9.140000343322754,190.75,122.0,4183.9599609375,90033.0,2.818000078201294,3066.5,86.2246322631836,102.94999694824219,7.0458149909973145,142.4362030029297,101.6861572265625,4183.9599609375,90033.0,2.818000078201294
2022-04-28,2997.75,92.5,103.62000274658203,9.279999732971191,190.39999389648438,122.25,4287.5,90354.0,2.86299991607666,2997.75,85.39376831054688,103.62000274658203,7.153736114501953,142.17483520507812,101.89453887939453,4287.5,90354.0,2.86299991607666
2022-04-29,3049.75,90.19999694824219,102.95999908447266,9.09000015258789,186.10000610351562,121.75,4131.93017578125,88251.0,2.88700008392334,3049.75,83.27044677734375,102.95999908447266,7.007270336151123,138.96397399902344,101.477783203125,4131.93017578125,88251.0,2.88700008392334
2022-05-02,3049.75,91.4000015258789,103.73999786376953,8.789999961853027,184.85000610351562,120.0,4155.3798828125,87608.0,2.996000051498413,3049.75,84.3782730102539,103.73999786376953,6.776004314422607,138.03057861328125,100.01917266845703,4155.3798828125,87608.0,2.996000051498413
2022-05-03,2900.0,93.30000305175781,103.47000122070312,9.15999984741211,189.64999389648438,124.0,4175.47998046875,89585.0,2.9600000381469727,2900.0,86.13231658935547,103.47000122070312,7.0612311363220215,141.6148223876953,103.35314178466797,4175.47998046875,89585.0,2.9600000381469727
2022-05-04,2958.5,93.19999694824219,102.58999633789062,9.289999961853027,189.5500030517578,122.75,4300.169921875,89401.0,2.9170000553131104,2958.5,86.03999328613281,102.58999633789062,7.161444664001465,141.5401611328125,102.311279296875,4300.169921875,89401.0,2.9170000553131104
2022-05-05,2896.5,88.5,103.75,8.920000076293945,180.39999389648438,117.5,4146.8701171875,86434.0,3.065999984741211,2896.5,81.70105743408203,103.75,6.876221179962158,140.2057647705078,97.93544006347656,4146.8701171875,86434.0,3.065999984741211
2022-05-06,2831.0,88.30000305175781,103.66000366210938,8.920000076293945,182.10000610351562,117.0,4123.33984375,86507.0,3.122999906539917,2831.0,81.51643371582031,103.66000366210938,6.876221179962158,141.5269775390625,97.51869201660156,4123.33984375,86507.0,3.122999906539917
2022-05-09,2740.75,82.5,103.6500015258789,8.680000305175781,177.1999969482422,112.25,3991.239990234375,82244.0,3.0789999961853027,2740.75,76.1620101928711,103.6500015258789,6.691211223602295,137.71868896484375,93.55960845947266,3991.239990234375,82244.0,3.0789999961853027
2022-05-10,2743.25,87.5,103.91999816894531,8.859999656677246,176.35000610351562,116.75,4001.050048828125,83677.0,2.993000030517578,2743.25,80.77788543701172,103.91999816894531,6.829967021942139,137.05807495117188,97.31031799316406,4001.050048828125,83677.0,2.993000030517578
2022-05-11,2769.25,89.19999694824219,103.8499984741211,9.069999694824219,179.8000030517578,118.25,3935.179931640625,85763.0,2.9210000038146973,2769.25,82.34728240966797,103.8499984741211,6.991850852966309,139.73941040039062,98.56056213378906,3935.179931640625,85763.0,2.9210000038146973
2022-05-12,2730.75,84.80000305175781,104.8499984741211,9.079999923706055,182.39999389648438,116.5,3930.080078125,85521.0,2.816999912261963,2730.75,78.28531646728516,104.8499984741211,6.99955940246582,141.7600860595703,97.1019515991211,3930.080078125,85521.0,2.816999912261963
2022-05-13,2774.0,83.9000015258789,104.55999755859375,9.069999694824219,192.5,118.0,4023.889892578125,88796.0,2.934999942779541,2774.0,77.45445251464844,104.55999755859375,7.280505180358887,149.60980224609375,98.35218811035156,4023.889892578125,88796.0,2.934999942779541
2022-05-16,2808.75,82.0,104.19000244140625,9.279999732971191,196.9499969482422,115.75,4008.010009765625,89965.0,2.877000093460083,2808.75,75.70042419433594,104.19000244140625,7.449073791503906,153.06829833984375,96.47682189941406,4008.010009765625,89965.0,2.877000093460083
2022-05-17,2860.0,84.5,103.36000061035156,9.489999771118164,199.1999969482422,116.75,4088.85009765625,90803.0,2.9679999351501465,2860.0,78.00836181640625,103.36000061035156,7.617640495300293,154.81700134277344,97.31031799316406,4088.85009765625,90803.0,2.9679999351501465
2022-05-18,2831.25,,103.80999755859375,9.25,,,3923.679931640625,,2.885999917984009,2831.25,,103.80999755859375,7.424992561340332,,,3923.679931640625,,2.885999917984009
2022-05-19,2884.0,86.0,102.72000122070312,9.260000228881836,194.10000610351562,114.25,3900.7900390625,88634.0,2.8550000190734863,2884.0,79.39312744140625,102.72000122070312,7.433019638061523,150.8533172607422,95.2265853881836,3900.7900390625,88634.0,2.8550000190734863
2022-05-20,2927.25,87.0999984741211,103.1500015258789,9.069999694824219,191.1999969482422,113.0,3901.360107421875,88119.0,2.7869999408721924,2927.25,80.40860748291016,103.1500015258789,7.280505180358887,148.59942626953125,94.18472290039062,3901.360107421875,88119.0,2.7869999408721924
2022-05-23,2933.25,89.9000015258789,102.08000183105469,9.350000381469727,195.9499969482422,114.25,3973.75,90344.0,2.8589999675750732,2933.25,82.99351501464844,102.08000183105469,7.505261421203613,152.29110717773438,95.2265853881836,3973.75,90344.0,2.8589999675750732
2022-05-24,2874.5,90.9000015258789,101.86000061035156,9.350000381469727,198.1999969482422,114.0,3941.47998046875,91272.0,2.759999990463257,2874.5,83.91669464111328,101.86000061035156,7.505261421203613,154.03977966308594,95.0182113647461,3941.47998046875,91272.0,2.759999990463257
2022-05-25,2848.5,,102.05999755859375,9.369999885559082,,,3978.72998046875,,2.749000072479248,2848.5,,102.05999755859375,7.5213165283203125,,,3978.72998046875,,2.749000072479248
2022-05-26,2833.25,92.4000015258789,101.83000183105469,9.390000343322754,200.60000610351562,116.0,4057.840087890625,93711.0,2.75600004196167,2833.25,85.30145263671875,101.83000183105469,7.5373711585998535,155.90504455566406,96.68519592285156,4057.840087890625,93711.0,2.75600004196167
2022-05-27,2850.0,92.30000305175781,101.66999816894531,9.380000114440918,198.35000610351562,116.5,4158.240234375,93683.0,2.743000030517578,2850.0,85.2091293334961,101.66999816894531,7.529344081878662,154.1563720703125,97.1019515991211,4158.240234375,93683.0,2.743000030517578
2022-05-30,,92.5999984741211,,,197.9499969482422,115.25,,93236.0,,,85.486083984375,,,153.8455047607422,96.0600814819336,,93236.0,
2022-05-31,2763.5,90.0,101.75,9.210000038146973,195.0,116.25,4132.14990234375,92288.0,2.8440001010894775,2763.5,83.08583068847656,101.75,7.392882823944092,151.55276489257812,96.89356994628906,4132.14990234375,92288.0,2.8440001010894775
2022-06-01,2692.25,92.0,102.55000305175781,9.0,190.64999389648438,118.0,4101.22998046875,91370.0,2.930999994277954,2692.25,84.93218994140625,102.55000305175781,7.2243170738220215,148.1719970703125,98.35218811035156,4101.22998046875,91370.0,2.930999994277954
2022-06-02,2692.0,90.80000305175781,101.7699966430664,9.1899995803833,191.64999389648438,116.5,4176.81982421875,91452.0,2.9130001068115234,2692.0,83.82437133789062,101.7699966430664,7.376830577850342,148.9491729736328,97.1019515991211,4176.81982421875,91452.0,2.9130001068115234
2022-06-03,2692.0,91.0,102.13999938964844,9.109999656677246,190.85000610351562,116.5,4108.5400390625,91775.0,2.9570000171661377,2692.0,84.0090103149414,102.13999938964844,7.312613487243652,148.32740783691406,97.1019515991211,4108.5400390625,91775.0,2.9570000171661377
2022-06-06,2747.5,89.0,102.44000244140625,8.920000076293945,187.0,114.25,4121.43017578125,90352.0,3.0380001068115234,2747.5,82.16264343261719,102.44000244140625,7.160101413726807,145.335205078125,95.2265853881836,4121.43017578125,90352.0,3.0380001068115234
2022-06-07,2742.5,89.5999984741211,102.31999969482422,8.859999656677246,186.89999389648438,116.25,4160.68017578125,90938.0,2.9719998836517334,2742.5,82.71656036376953,102.31999969482422,7.111937999725342,145.25753784179688,96.89356994628906,4160.68017578125,90938.0,2.9719998836517334
2022-06-08,2786.75,91.30000305175781,102.54000091552734,8.609999656677246,181.10000610351562,117.0,4115.77001953125,89947.0,3.0290000438690186,2786.75,84.28596496582031,102.54000091552734,6.911264419555664,140.7498016357422,97.51869201660156,4115.77001953125,89947.0,3.0290000438690186
2022-06-09,2727.75,90.9000015258789,103.22000122070312,7.909999847412109,175.60000610351562,116.5,4017.820068359375,88870.0,3.0439999103546143,2727.75,83.91669464111328,103.22000122070312,6.349370956420898,136.4752197265625,97.1019515991211,4017.820068359375,88870.0,3.0439999103546143
2022-06-10,2638.75,90.4000015258789,104.1500015258789,7.840000152587891,179.89999389648438,114.75,3900.860107421875,89141.0,3.1559998989105225,2638.75,83.4551010131836,104.1500015258789,6.293181896209717,139.81715393066406,95.64332580566406,3900.860107421875,89141.0,3.1559998989105225
2022-06-13,2601.0,88.80000305175781,105.08000183105469,7.21999979019165,175.39999389648438,111.5,3749.6298828125,87938.0,3.365999937057495,2601.0,81.97801971435547,105.08000183105469,5.79550838470459,136.3197784423828,92.93447875976562,3749.6298828125,87938.0,3.365999937057495
2022-06-14,2531.25,85.5,105.5199966430664,7.300000190734863,176.5,109.75,3735.47998046875,87400.0,3.4830000400543213,2531.25,78.9315414428711,105.5199966430664,5.859724044799805,137.17466735839844,91.47586822509766,3735.47998046875,87400.0,3.4830000400543213
2022-06-15,2562.25,85.5,105.16000366210938,7.510000228881836,179.35000610351562,110.0,3789.989990234375,88466.0,3.3949999809265137,2562.25,78.9315414428711,105.16000366210938,6.02829122543335,139.3896942138672,91.68424224853516,3789.989990234375,88466.0,3.3949999809265137
2022-06-16,2474.25,85.0,103.62999725341797,7.360000133514404,177.14999389648438,108.25,3666.77001953125,87061.0,3.306999921798706,2474.25,78.46994018554688,103.62999725341797,5.907886505126953,137.67982482910156,90.22563171386719,3666.77001953125,87061.0,3.306999921798706
2022-06-17,2461.0,,104.69999694824219,7.449999809265137,,,3674.840087890625,,3.239000082015991,2461.0,,104.69999694824219,5.980128765106201,,,3674.840087890625,,3.239000082015991
2022-06-21,2490.0,85.0999984741211,104.44000244140625,7.380000114440918,176.5500030517578,105.0,3764.7900390625,86546.0,3.306999921798706,2490.0,78.562255859375,104.44000244140625,5.923940181732178,137.21351623535156,87.51677703857422,3764.7900390625,86546.0,3.306999921798706
2022-06-22,2434.75,81.5,104.19999694824219,7.449999809265137,175.8000030517578,103.75,3759.889892578125,85663.0,3.1559998989105225,2434.75,75.23883056640625,104.19999694824219,5.980128765106201,136.6306915283203,86.47490692138672,3759.889892578125,85663.0,3.1559998989105225
2022-06-23,2436.0,79.4000015258789,104.43000030517578,7.300000190734863,172.85000610351562,102.25,3795.72998046875,83170.0,3.068000078201294,2436.0,73.30016326904297,104.43000030517578,5.859724044799805,134.3379364013672,85.22467041015625,3795.72998046875,83170.0,3.068000078201294
2022-06-24,2411.5,77.5,104.19000244140625,7.150000095367432,169.89999389648438,102.25,3911.739990234375,82606.0,3.125,2411.5,71.54613494873047,104.19000244140625,5.739317417144775,132.04522705078125,85.22467041015625,3911.739990234375,82606.0,3.125
2022-06-27,2460.75,76.5999984741211,103.94000244140625,7.139999866485596,173.75,105.25,3900.110107421875,85712.0,3.194000005722046,2460.75,70.71526336669922,103.94000244140625,5.731291770935059,135.03741455078125,87.72515106201172,3900.110107421875,85712.0,3.194000005722046
2022-06-28,2440.5,81.80000305175781,104.51000213623047,7.099999904632568,177.25,109.0,3821.550048828125,88195.0,3.2060000896453857,2440.5,75.51579284667969,104.51000213623047,5.699182987213135,137.75758361816406,90.85074615478516,3821.550048828125,88195.0,3.2060000896453857
2022-06-29,2422.75,82.69999694824219,105.11000061035156,7.170000076293945,179.0500030517578,114.5,3818.830078125,88131.0,3.0929999351501465,2422.75,76.34664154052734,105.11000061035156,5.755373001098633,139.1565399169922,95.4349594116211,3818.830078125,88131.0,3.0929999351501465
2022-06-30,2401.5,84.4000015258789,104.69000244140625,6.909999847412109,176.1999969482422,118.5,3785.3798828125,88450.0,2.9719998836517334,2401.5,77.9160385131836,104.69000244140625,5.546669960021973,136.94151306152344,98.76893615722656,3785.3798828125,88450.0,2.9719998836517334
2022-07-01,2389.25,85.0,105.13999938964844,7.159999847412109,181.89999389648438,118.75,3825.330078125,90051.0,2.8889999389648438,2389.25,78.46994018554688,105.13999938964844,5.747345924377441,141.37152099609375,98.97730255126953,3825.330078125,90051.0,2.8889999389648438
2022-07-04,,86.69999694824219,,,175.35000610351562,119.75,,89129.0,,,80.03933715820312,,,136.28089904785156,99.81079864501953,,89129.0,
2022-07-05,2342.0,88.80000305175781,106.5,6.840000152587891,187.0500030517578,119.75,3831.389892578125,92690.0,2.809000015258789,2342.0,81.97801971435547,106.5,5.490481853485107,145.3740997314453,99.81079864501953,3831.389892578125,92690.0,2.809000015258789
2022-07-06,2354.75,91.0,107.0999984741211,6.690000057220459,186.75,124.0,3845.080078125,95076.0,2.9130001068115234,2354.75,84.0090103149414,107.0999984741211,5.370075702667236,145.1409149169922,103.35314178466797,3845.080078125,95076.0,2.9130001068115234
2022-07-07,2386.75,96.9000015258789,107.12999725341797,6.690000057220459,193.0,133.75,3902.6201171875,102265.0,3.007999897003174,2386.75,89.45574951171875,107.12999725341797,5.370075702667236,149.9984130859375,111.47969818115234,3902.6201171875,102265.0,3.007999897003174
2022-07-08,2383.75,104.75,107.01000213623047,6.679999828338623,199.39999389648438,144.5,3899.3798828125,105850.0,3.1010000705718994,2383.75,96.70266723632812,107.01000213623047,5.362049102783203,154.97239685058594,120.43975830078125,3899.3798828125,105850.0,3.1010000705718994
2022-07-11,2341.25,105.75,108.0199966430664,6.559999942779541,195.6999969482422,144.75,3854.429931640625,104432.0,2.990999937057495,2341.25,97.6258544921875,108.0199966430664,5.2657246589660645,152.09678649902344,120.64812469482422,3854.429931640625,104432.0,2.990999937057495
2022-07-12,2321.75,109.5,108.06999969482422,6.489999771118164,190.39999389648438,148.0,3818.800048828125,103210.0,2.9579999446868896,2321.75,101.08775329589844,108.06999969482422,5.209536552429199,147.97769165039062,123.35696411132812,3818.800048828125,103210.0,2.9579999446868896
2022-07-13,2330.75,110.5,107.95999908447266,6.320000171661377,185.35000610351562,148.75,3801.780029296875,102271.0,2.9040000438690186,2330.75,102.01093292236328,107.95999908447266,5.073075771331787,144.05288696289062,123.98210144042969,3801.780029296875,102271.0,2.9040000438690186
2022-07-14,2367.0,107.0,108.54000091552734,6.139999866485596,182.64999389648438,142.0,3790.3798828125,100518.0,2.9600000381469727,2367.0,98.77981567382812,108.54000091552734,4.928590297698975,141.9544219970703,118.35601806640625,3790.3798828125,100518.0,2.9600000381469727
2022-07-15,2380.0,112.5,108.05999755859375,6.289999961853027,190.64999389648438,147.0,3863.159912109375,104223.0,2.930000066757202,2380.0,103.85728454589844,108.05999755859375,5.048995018005371,148.1719970703125,122.52349090576172,3863.159912109375,104223.0,2.930000066757202
2022-07-18,2461.5,114.5,107.37000274658203,6.409999847412109,193.89999389648438,144.25,3830.85009765625,105441.0,2.9600000381469727,2461.5,105.70362854003906,107.37000274658203,5.145318984985352,150.69784545898438,120.23137664794922,3830.85009765625,105441.0,2.9600000381469727
2022-07-19,2397.5,119.75,106.68000030517578,6.329999923706055,194.0500030517578,148.25,3936.68994140625,107185.0,3.0190000534057617,2397.5,110.55030822753906,106.68000030517578,5.081103801727295,150.81443786621094,123.56535339355469,3936.68994140625,107185.0,3.0190000534057617
2022-07-20,2435.25,125.0,107.08000183105469,5.989999771118164,189.14999389648438,153.5,3959.89990234375,106949.0,3.0360000133514404,2435.25,115.39698791503906,107.08000183105469,4.80818510055542,147.0061798095703,127.94119262695312,3959.89990234375,106949.0,3.0360000133514404
2022-07-21,2427.5,132.5,106.91000366210938,5.929999828338623,199.35000610351562,159.25,3998.949951171875,112017.0,2.9100000858306885,2427.5,122.32080841064453,106.91000366210938,4.760021686553955,154.93357849121094,132.73377990722656,3998.949951171875,112017.0,2.9100000858306885
2022-07-22,2483.0,139.25,106.7300033569336,6.159999847412109,201.5500030517578,165.75,3961.6298828125,113851.0,2.7829999923706055,2483.0,128.55223083496094,106.7300033569336,4.944643974304199,156.64340209960938,138.1514892578125,3961.6298828125,113851.0,2.7829999923706055
2022-07-25,2426.25,144.75,106.4800033569336,6.460000038146973,214.35000610351562,172.5,3966.840087890625,119508.0,2.819999933242798,2426.25,133.62969970703125,106.4800033569336,5.185454845428467,166.59144592285156,143.77755737304688,3966.840087890625,119508.0,2.819999933242798
2022-07-26,2435.5,139.5,107.19000244140625,6.489999771118164,214.5,168.0,3921.050048828125,120038.0,2.7869999408721924,2435.5,128.78302001953125,107.19000244140625,5.209536552429199,166.7080535888672,140.02682495117188,3921.050048828125,120038.0,2.7869999408721924
2022-07-27,2427.5,146.5,106.44999694824219,6.820000171661377,225.64999389648438,175.25,4023.610107421875,126362.0,2.7339999675750732,2427.5,135.24526977539062,106.44999694824219,5.474427223205566,175.37376403808594,146.06967163085938,4023.610107421875,126362.0,2.7339999675750732
2022-07-28,2457.0,147.5,106.3499984741211,7.389999866485596,230.39999389648438,176.5,4072.429931640625,127400.0,2.680999994277954,2457.0,136.16844177246094,106.3499984741211,5.931966781616211,179.06541442871094,147.1115264892578,4072.429931640625,127400.0,2.680999994277954
2022-07-29,2463.5,141.0,105.9000015258789,7.800000190734863,225.85000610351562,167.5,4130.2900390625,122528.0,2.6419999599456787,2463.5,133.06361389160156,105.9000015258789,6.261074066162109,175.52919006347656,139.61009216308594,4130.2900390625,122528.0,2.6419999599456787
2022-08-01,2407.25,138.75,105.44999694824219,7.78000020980835,218.5,156.25,4118.6298828125,117587.0,2.6059999465942383,2407.25,130.94027709960938,105.44999694824219,6.245020389556885,169.81680297851562,130.23330688476562,4118.6298828125,117587.0,2.6059999465942383
2022-08-02,2386.5,138.25,106.23999786376953,7.829999923706055,225.85000610351562,157.5,4091.18994140625,118691.0,2.740999937057495,2386.5,130.46841430664062,106.23999786376953,6.285155296325684,175.52919006347656,131.27516174316406,4091.18994140625,118691.0,2.740999937057495
2022-08-03,2349.5,138.0,106.51000213623047,7.820000171661377,225.60000610351562,159.25,4155.169921875,120390.0,2.747999906539917,2349.5,130.23248291015625,106.51000213623047,6.277129650115967,175.33486938476562,132.73377990722656,4155.169921875,120390.0,2.747999906539917
2022-08-04,2372.75,136.0,105.69000244140625,7.639999866485596,223.35000610351562,160.25,4151.93994140625,120437.0,2.6760001182556152,2372.75,128.3450469970703,105.69000244140625,6.1326422691345215,173.58624267578125,133.5672607421875,4151.93994140625,120437.0,2.6760001182556152
2022-08-05,2396.75,136.0,106.62000274658203,7.809999942779541,222.1999969482422,152.5,4145.18994140625,121004.0,2.8399999141693115,2396.75,128.3450469970703,106.62000274658203,6.269101619720459,172.6924591064453,134.4134063720703,4145.18994140625,121004.0,2.8399999141693115
2022-08-08,2427.5,140.75,106.44000244140625,8.069999694824219,228.35000610351562,153.5,4140.06005859375,123953.0,2.765000104904175,2427.5,132.82769775390625,106.44000244140625,6.477803707122803,177.4722137451172,135.29481506347656,4140.06005859375,123953.0,2.765000104904175
2022-08-09,2470.75,141.25,106.37000274658203,7.789999961853027,223.0,152.5,4122.47021484375,121921.0,2.796999931335449,2470.75,133.299560546875,106.37000274658203,6.253048419952393,173.314208984375,134.4134063720703,4122.47021484375,121921.0,2.796999931335449
2022-08-10,2472.75,143.0,105.19999694824219,7.650000095367432,219.5500030517578,151.75,4210.240234375,122130.0,2.7860000133514404,2472.75,134.95103454589844,105.19999694824219,6.140669822692871,170.63290405273438,133.75234985351562,4210.240234375,122130.0,2.7860000133514404
2022-08-11,2505.25,142.0,105.08999633789062,7.849999904632568,222.89999389648438,151.5,4207.27001953125,123334.0,2.888000011444092,2505.25,134.00733947753906,105.08999633789062,6.301209926605225,173.23648071289062,133.53201293945312,4207.27001953125,123334.0,2.888000011444092
2022-08-12,2421.75,140.75,105.62999725341797,8.069999694824219,230.0,151.5,4280.14990234375,125980.0,2.8489999771118164,2421.75,132.82769775390625,105.62999725341797,6.477803707122803,178.7545928955078,133.53201293945312,4280.14990234375,125980.0,2.8489999771118164
2022-08-15,2377.0,,106.55000305175781,8.3100004196167,,,4297.14013671875,,2.7909998893737793,2377.0,,106.55000305175781,6.670452117919922,,,4297.14013671875,,2.7909998893737793
2022-08-16,2381.0,140.5,106.5,8.220000267028809,232.39999389648438,149.0,4305.2001953125,124787.0,2.8239998817443848,2381.0,132.59176635742188,106.5,6.59821081161499,180.6198272705078,131.32852172851562,4305.2001953125,124787.0,2.8239998817443848
2022-08-17,2397.75,137.0,106.56999969482422,8.109999656677246,231.5,149.75,4274.0400390625,125963.0,2.8929998874664307,2397.75,129.2887725830078,106.56999969482422,6.509912014007568,179.92034912109375,131.98956298828125,4274.0400390625,125963.0,2.8929998874664307
2022-08-18,2393.5,143.0,107.4800033569336,8.15999984741211,239.3000030517578,156.5,4283.740234375,131491.0,2.880000114440918,2393.5,134.95103454589844,107.4800033569336,6.550047874450684,185.98243713378906,137.9390106201172,4283.740234375,131491.0,2.880000114440918
2022-08-19,2371.75,142.0,108.16999816894531,7.820000171661377,236.14999389648438,160.75,4228.47998046875,131009.0,2.989000082015991,2371.75,134.00733947753906,108.16999816894531,6.277129650115967,183.53427124023438,141.68495178222656,4228.47998046875,131009.0,2.989000082015991
2022-08-22,2377.25,139.0,109.05000305175781,8.079999923706055,240.64999389648438,166.75,4137.990234375,132253.0,3.0369999408721924,2377.25,131.1761932373047,109.05000305175781,6.485831260681152,187.03167724609375,146.97335815429688,4137.990234375,132253.0,3.0369999408721924
2022-08-23,2412.5,143.75,108.62000274658203,8.460000038146973,252.5,170.0,4128.72998046875,136998.0,3.053999900817871,2412.5,135.65884399414062,108.62000274658203,6.790859222412109,196.2414093017578,149.83790588378906,4128.72998046875,136998.0,3.053999900817871
2022-08-24,2420.25,144.75,108.68000030517578,8.550000190734863,254.25,177.0,4140.77001953125,140246.0,3.1059999465942383,2420.25,136.6025390625,108.68000030517578,6.863100051879883,197.60150146484375,156.0076904296875,4140.77001953125,140246.0,3.1059999465942383
2022-08-25,2422.5,145.25,108.47000122070312,8.720000267028809,256.8999938964844,178.25,4199.1201171875,142778.0,3.0260000228881836,2422.5,137.07440185546875,108.47000122070312,6.999560356140137,199.6610565185547,157.1094512939453,4199.1201171875,142778.0,3.0260000228881836
2022-08-26,2484.0,147.0,108.80000305175781,8.739999771118164,256.1000061035156,177.75,4057.659912109375,141460.0,3.0350000858306885,2484.0,138.72592163085938,108.80000305175781,7.015614032745361,199.03933715820312,156.6687469482422,4057.659912109375,141460.0,3.0350000858306885
2022-08-29,2481.25,150.5,108.83999633789062,8.680000305175781,253.60000610351562,180.75,4030.610107421875,143805.0,3.109999895095825,2481.25,142.02891540527344,108.83999633789062,6.967453956604004,197.09632873535156,159.3129425048828,4030.610107421875,143805.0,3.109999895095825
2022-08-30,2373.5,154.0,108.7699966430664,8.489999771118164,250.39999389648438,182.75,3986.159912109375,141134.0,3.109999895095825,2373.5,145.3319091796875,108.7699966430664,6.814939498901367,194.6092987060547,161.07574462890625,3986.159912109375,141134.0,3.109999895095825
2022-08-31,2341.75,145.0,108.69999694824219,8.109999656677246,239.9499969482422,174.25,3955.0,136241.0,3.132999897003174,2341.75,136.83847045898438,108.69999694824219,6.509912014007568,186.48760986328125,153.58384704589844,3955.0,136241.0,3.132999897003174
2022-09-01,2277.25,147.25,109.69000244140625,8.289999961853027,240.35000610351562,176.25,3966.85009765625,136302.0,3.265000104904175,2277.25,138.96182250976562,109.69000244140625,6.654398441314697,186.79855346679688,155.34664916992188,3966.85009765625,136302.0,3.265000104904175
2022-09-02,2276.5,,109.52999877929688,8.539999961853027,,,3924.260009765625,,3.193000078201294,2276.5,,109.52999877929688,6.855075359344482,,,3924.260009765625,,3.193000078201294
2022-09-05,,144.5,,,243.75,172.0,,138268.0,,,136.36660766601562,,,189.4409637451172,151.6007080078125,,138268.0,
2022-09-06,2248.0,144.75,110.20999908447266,8.680000305175781,246.4499969482422,166.0,3908.18994140625,137309.0,3.3399999141693115,2248.0,136.6025390625,110.20999908447266,6.967453956604004,191.53936767578125,146.3123016357422,3908.18994140625,137309.0,3.3399999141693115
2022-09-07,2221.0,140.0,109.83999633789062,9.029999732971191,254.5500030517578,162.75,3979.8701171875,141002.0,3.265000104904175,2221.0,132.1199188232422,109.83999633789062,7.248399257659912,197.83465576171875,143.44775390625,3979.8701171875,141002.0,3.265000104904175
2022-09-08,2240.25,138.0,109.70999908447266,8.920000076293945,252.5,166.75,4006.179931640625,141509.0,3.2920000553131104,2240.25,130.23248291015625,109.70999908447266,7.160101413726807,198.3475341796875,146.97335815429688,4006.179931640625,141509.0,3.2920000553131104
2022-09-09,2275.75,140.0,109.0,9.520000457763672,264.8500061035156,168.25,4067.360107421875,144642.0,3.321000099182129,2275.75,132.1199188232422,109.0,7.641722679138184,208.0489044189453,148.2954559326172,4067.360107421875,144642.0,3.321000099182129
2022-09-12,2272.5,141.0,108.33000183105469,9.369999885559082,259.3999938964844,167.75,4110.41015625,144714.0,3.361999988555908,2272.5,133.06361389160156,108.33000183105469,7.5213165283203125,203.7677001953125,147.85476684570312,4110.41015625,144714.0,3.361999988555908
2022-09-13,2299.5,139.75,109.81999969482422,9.010000228881836,251.25,169.75,3932.68994140625,142942.0,3.421999931335449,2299.5,131.88397216796875,109.81999969482422,7.232344150543213,197.36563110351562,149.6175537109375,3932.68994140625,142942.0,3.421999931335449
2022-09-14,2259.25,136.5,109.66000366210938,9.229999542236328,257.25,170.0,3946.010009765625,146750.0,3.4119999408721924,2259.25,128.81692504882812,109.66000366210938,7.408938407897949,202.07884216308594,149.83790588378906,3946.010009765625,146750.0,3.4119999408721924
2022-09-15,2290.75,134.25,109.73999786376953,8.869999885559082,257.95001220703125,164.0,3901.35009765625,144766.0,3.4590001106262207,2290.75,126.69355010986328,109.73999786376953,7.119967937469482,202.62875366210938,144.54949951171875,3901.35009765625,144766.0,3.4590001106262207
2022-09-16,2264.25,133.75,109.76000213623047,8.84000015258789,259.3500061035156,161.75,3873.330078125,145742.0,3.447999954223633,2264.25,126.2217025756836,109.76000213623047,7.09588623046875,203.7284698486328,142.5663604736328,3873.330078125,145742.0,3.447999954223633
2022-09-19,2235.5,133.5,109.73999786376953,9.279999732971191,270.75,160.0,3899.889892578125,150262.0,3.490000009536743,2235.5,125.98577880859375,109.73999786376953,7.449073791503906,212.68353271484375,141.02391052246094,3899.889892578125,150262.0,3.490000009536743
2022-09-20,2228.25,132.75,110.22000122070312,9.119999885559082,268.79998779296875,155.5,3855.929931640625,147930.0,3.571000099182129,2228.25,125.27799224853516,110.22000122070312,7.320639610290527,211.15179443359375,137.0576171875,3855.929931640625,147930.0,3.571000099182129
2022-09-21,2179.75,134.0,110.63999938964844,8.84000015258789,268.95001220703125,158.75,3789.929931640625,146980.0,3.509999990463257,2179.75,126.4576187133789,110.63999938964844,7.09588623046875,211.2696075439453,139.9221649169922,3789.929931640625,146980.0,3.509999990463257
2022-09-22,2207.75,134.75,111.3499984741211,8.75,269.8999938964844,162.75,3757.989990234375,149481.0,3.7079999446868896,2207.75,127.16541290283203,111.3499984741211,7.023641586303711,212.015869140625,143.44775390625,3757.989990234375,149481.0,3.7079999446868896
2022-09-23,2157.5,136.0,113.19000244140625,8.359999656677246,257.6000061035156,163.25,3693.22998046875,142932.0,3.697000026702881,2157.5,128.3450469970703,113.19000244140625,6.710587501525879,202.35379028320312,143.88845825195312,3693.22998046875,142932.0,3.697000026702881
2022-09-26,2126.25,135.0,114.0999984741211,7.869999885559082,242.5500030517578,161.5,3655.0400390625,138148.0,3.878000020980835,2126.25,127.4013442993164,114.0999984741211,6.317263603210449,190.531494140625,142.34600830078125,3655.0400390625,138148.0,3.878000020980835
2022-09-27,2098.75,132.75,114.11000061035156,7.510000228881836,229.0500030517578,161.25,3647.2900390625,135473.0,3.9639999866485596,2098.75,125.27799224853516,114.11000061035156,6.02829122543335,179.9267578125,142.1256561279297,3647.2900390625,135473.0,3.9639999866485596
2022-09-28,2114.25,132.75,112.5999984741211,7.610000133514404,233.25,161.0,3719.0400390625,138023.0,3.7049999237060547,2114.25,125.27799224853516,112.5999984741211,6.108560562133789,183.2259979248047,141.90530395507812,3719.0400390625,138023.0,3.7049999237060547
2022-09-29,2192.75,133.75,112.25,7.519999980926514,231.14999389648438,165.75,3640.469970703125,138005.0,3.746999979019165,2192.75,126.2217025756836,112.25,6.036318302154541,181.57635498046875,146.0919647216797,3640.469970703125,138005.0,3.746999979019165
2022-09-30,2157.25,136.25,112.12000274658203,7.460000038146973,234.10000610351562,165.0,3585.6201171875,139115.0,3.803999900817871,2157.25,128.5809783935547,112.12000274658203,6.060690879821777,183.89373779296875,145.430908203125,3585.6201171875,139115.0,3.803999900817871
2022-10-03,2213.0,139.25,111.75,8.029999732971191,249.9499969482422,162.5,3678.429931640625,145063.0,3.6510000228881836,2213.0,131.41212463378906,111.75,6.523773193359375,196.3444366455078,143.2274169921875,3678.429931640625,145063.0,3.6510000228881836
2022-10-04,2347.25,137.75,110.06999969482422,8.069999694824219,250.1999969482422,157.25,3790.929931640625,144927.0,3.617000102996826,2347.25,129.99656677246094,110.06999969482422,6.556269645690918,196.5408172607422,138.60006713867188,3790.929931640625,144927.0,3.617000102996826
2022-10-05,2359.25,133.0,111.06999969482422,7.940000057220459,247.5500030517578,154.5,3783.280029296875,146723.0,3.759000062942505,2359.25,125.513916015625,111.06999969482422,6.450654983520508,194.4591827392578,136.17620849609375,3783.280029296875,146723.0,3.759000062942505
2022-10-06,2355.0,134.0,112.26000213623047,7.769999980926514,241.25,153.5,3744.52001953125,144645.0,3.8259999752044678,2355.0,126.4576187133789,112.26000213623047,6.31254243850708,189.51028442382812,135.29481506347656,3744.52001953125,144645.0,3.8259999752044678
2022-10-07,2295.75,,112.80000305175781,7.699999809265137,,,3639.659912109375,,3.882999897003174,2295.75,,112.80000305175781,6.255672454833984,,,3639.659912109375,,3.882999897003174
2022-10-10,2258.0,,113.13999938964844,7.619999885559082,,,3612.389892578125,,3.888000011444092,2258.0,,113.13999938964844,6.190678596496582,,,3612.389892578125,,3.888000011444092
2022-10-11,2245.25,126.75,113.22000122070312,7.480000019073486,231.4499969482422,147.75,3588.840087890625,136982.0,3.938999891281128,2245.25,119.6156997680664,113.22000122070312,6.076941013336182,181.81204223632812,130.22677612304688,3588.840087890625,136982.0,3.938999891281128
2022-10-12,2312.25,127.5,113.31999969482422,7.260000228881836,225.4499969482422,149.0,3577.030029296875,136396.0,3.9019999504089355,2312.25,120.32349395751953,113.31999969482422,5.8982062339782715,177.0988311767578,131.32852172851562,3577.030029296875,136396.0,3.9019999504089355
2022-10-13,2388.0,127.75,112.36000061035156,7.349999904632568,231.5,151.0,3669.909912109375,140764.0,3.9519999027252197,2388.0,120.55941009521484,112.36000061035156,5.971323013305664,181.85134887695312,133.09132385253906,3669.909912109375,140764.0,3.9519999027252197
2022-10-14,2337.75,126.5,113.30999755859375,7.159999847412109,225.75,149.0,3583.070068359375,137291.0,4.010000228881836,2337.75,119.37977600097656,113.30999755859375,5.816964149475098,177.33448791503906,131.32852172851562,3583.070068359375,137291.0,4.010000228881836
2022-10-17,2259.75,125.0,112.04000091552734,7.449999809265137,229.14999389648438,151.25,3677.949951171875,138954.0,4.014999866485596,2259.75,117.9642105102539,112.04000091552734,6.0525665283203125,180.0052947998047,133.31166076660156,3677.949951171875,138954.0,4.014999866485596
2022-10-18,2204.5,122.5,112.12999725341797,7.449999809265137,227.4499969482422,149.75,3719.97998046875,137542.0,3.997999906539917,2204.5,115.60491180419922,112.12999725341797,6.0525665283203125,178.66989135742188,131.98956298828125,3719.97998046875,137542.0,3.997999906539917
2022-10-19,2187.0,120.25,112.9800033569336,7.46999979019165,228.39999389648438,151.0,3695.159912109375,136484.0,4.126999855041504,2187.0,113.4815673828125,112.9800033569336,6.0688157081604,179.41615295410156,133.09132385253906,3695.159912109375,136484.0,4.126999855041504
2022-10-20,2228.25,119.5,112.87999725341797,7.639999866485596,233.10000610351562,150.0,3665.780029296875,136139.0,4.22599983215332,2228.25,112.77378845214844,112.87999725341797,6.20692777633667,183.10818481445312,132.2099151611328,3665.780029296875,136139.0,4.22599983215332
2022-10-21,2223.5,120.5,112.01000213623047,7.840000152587891,238.8000030517578,152.75,3752.75,138945.0,4.2129998207092285,2223.5,113.71749114990234,112.01000213623047,6.369411945343018,187.5857391357422,134.63375854492188,3752.75,138945.0,4.2129998207092285
2022-10-24,2192.75,124.25,111.98999786376953,7.75,237.75,156.25,3797.340087890625,139733.0,4.234000205993652,2192.75,117.25643157958984,111.98999786376953,6.296294212341309,186.76092529296875,137.71865844726562,3797.340087890625,139733.0,4.234000205993652
2022-10-25,2228.5,127.0,110.94999694824219,7.880000114440918,242.75,159.5,3859.110107421875,143959.0,4.107999801635742,2228.5,119.85163879394531,110.94999694824219,6.401909828186035,190.68856811523438,140.5832061767578,3859.110107421875,143959.0,4.107999801635742
2022-10-26,2352.5,131.25,109.69999694824219,7.769999980926514,238.8000030517578,164.5,3830.60009765625,145029.0,4.014999866485596,2352.5,123.86241912841797,109.69999694824219,6.31254243850708,187.5857391357422,144.99021911621094,3830.60009765625,145029.0,4.014999866485596
2022-10-27,2307.25,136.0,110.58999633789062,7.849999904632568,240.3000030517578,173.25,3807.300048828125,148110.0,3.937000036239624,2307.25,128.3450469970703,110.58999633789062,6.377536773681641,188.76402282714844,152.70245361328125,3807.300048828125,148110.0,3.937000036239624
2022-10-28,2210.75,138.75,110.66999816894531,7.610000133514404,235.64999389648438,176.0,3901.06005859375,147845.0,4.010000228881836,2210.75,130.94027709960938,110.66999816894531,6.182554721832275,185.11129760742188,155.1262969970703,3901.06005859375,147845.0,4.010000228881836
2022-10-31,2229.0,143.75,111.52999877929688,7.760000228881836,238.89999389648438,177.75,3871.97998046875,149938.0,4.077000141143799,2229.0,135.65884399414062,111.52999877929688,6.304419040679932,187.6642608642578,156.6687469482422,3871.97998046875,149938.0,4.077000141143799
2022-11-01,2259.5,143.0,111.4800033569336,8.1899995803833,248.39999389648438,178.75,3856.10009765625,153002.0,4.052000045776367,2259.5,134.95103454589844,111.4800033569336,6.65376091003418,195.12684631347656,157.55014038085938,3856.10009765625,153002.0,4.052000045776367
2022-11-02,2266.5,143.0,111.3499984741211,7.840000152587891,239.0500030517578,174.25,3759.68994140625,149309.0,4.059000015258789,2266.5,134.95103454589844,111.3499984741211,6.369411945343018,187.78213500976562,153.58384704589844,3759.68994140625,149309.0,4.059000015258789
2022-11-03,2282.25,140.0,112.93000030517578,7.860000133514404,241.35000610351562,172.0,3719.889892578125,150451.0,4.124000072479248,2282.25,132.1199188232422,112.93000030517578,6.385660648345947,189.58883666992188,151.6007080078125,3719.889892578125,150451.0,4.124000072479248
2022-11-04,2380.25,139.0,110.87999725341797,7.989999771118164,242.8000030517578,170.75,3770.550048828125,151263.0,4.156000137329102,2380.25,131.1761932373047,110.87999725341797,6.491274833679199,190.7278594970703,150.4989471435547,3770.550048828125,151263.0,4.156000137329102
2022-11-07,2354.5,133.5,110.12000274658203,7.769999980926514,237.75,167.5,3806.800048828125,147830.0,4.214000225067139,2354.5,129.98826599121094,110.12000274658203,6.31254243850708,186.76092529296875,147.6343994140625,3806.800048828125,147830.0,4.214000225067139
2022-11-08,2391.25,132.5,109.62000274658203,7.71999979019165,236.0,171.0,3828.110107421875,147924.0,4.125999927520752,2391.25,129.01458740234375,109.62000274658203,6.271921634674072,185.38624572753906,150.71929931640625,3828.110107421875,147924.0,4.125999927520752
2022-11-09,2329.75,137.25,110.55000305175781,7.420000076293945,227.5,173.5,3748.570068359375,143092.0,4.151000022888184,2329.75,133.63963317871094,110.55000305175781,6.028194427490234,178.70921325683594,152.9228057861328,3748.570068359375,143092.0,4.151000022888184
2022-11-10,2351.5,143.0,108.20999908447266,7.409999847412109,231.25,178.5,3956.3701171875,144879.0,3.8289999961853027,2351.5,139.23838806152344,108.20999908447266,6.020069599151611,181.6549530029297,157.32980346679688,3956.3701171875,144879.0,3.8289999961853027
2022-11-11,2475.0,146.5,106.29000091552734,7.670000076293945,239.0,184.75,3992.929931640625,150413.0,3.812999963760376,2475.0,142.6463165283203,106.29000091552734,6.231300354003906,187.7428436279297,162.8385467529297,3992.929931640625,150413.0,3.812999963760376
2022-11-14,2460.75,148.5,106.66000366210938,7.679999828338623,236.5,179.25,3957.25,152685.0,3.865000009536743,2460.75,144.5937042236328,106.66000366210938,6.239424705505371,185.779052734375,157.99085998535156,3957.25,152685.0,3.865000009536743
2022-11-15,2437.0,150.75,106.4000015258789,7.539999961853027,239.9499969482422,177.25,3991.72998046875,155159.0,3.7990000247955322,2437.0,146.78453063964844,106.4000015258789,6.125685214996338,188.48910522460938,156.22805786132812,3991.72998046875,155159.0,3.7990000247955322
2022-11-16,2412.5,149.5,106.27999877929688,7.400000095367432,238.8000030517578,176.75,3958.7900390625,154109.0,3.691999912261963,2412.5,145.56739807128906,106.27999877929688,6.011946201324463,187.5857391357422,155.787353515625,3958.7900390625,154109.0,3.691999912261963
2022-11-17,2393.0,153.5,106.69000244140625,7.210000038146973,241.1999969482422,180.5,3946.56005859375,155259.0,3.7750000953674316,2393.0,149.46218872070312,106.69000244140625,5.857584476470947,189.4710235595703,159.0926055908203,3946.56005859375,155259.0,3.7750000953674316
2022-11-18,2428.0,154.5,106.93000030517578,7.289999961853027,241.60000610351562,184.75,3965.340087890625,157254.0,3.818000078201294,2428.0,150.4358673095703,106.93000030517578,5.922579288482666,189.78526306152344,162.8385467529297,3965.340087890625,157254.0,3.818000078201294
2022-11-21,2379.5,,107.83999633789062,7.28000020980835,,,3949.93994140625,,3.825000047683716,2379.5,,107.83999633789062,5.914454936981201,,,3949.93994140625,,3.825000047683716
2022-11-22,2428.75,152.25,107.22000122070312,7.329999923706055,241.39999389648438,188.0,4003.580078125,158169.0,3.757999897003174,2428.75,148.24508666992188,107.22000122070312,5.955075740814209,189.6280975341797,165.70309448242188,4003.580078125,158169.0,3.757999897003174
2022-11-23,2392.0,148.0,106.08000183105469,7.539999961853027,244.1999969482422,183.5,4027.260009765625,158564.0,3.7060000896453857,2392.0,144.10687255859375,106.08000183105469,6.125685214996338,191.82762145996094,161.73680114746094,4027.260009765625,158564.0,3.7060000896453857
2022-11-24,,151.0,,,246.6999969482422,187.0,,160936.0,,,147.0279541015625,,,193.7914581298828,164.8217010498047,,160936.0,
2022-11-25,2367.25,152.5,105.95999908447266,7.75,252.3000030517578,184.5,4026.1201171875,163717.0,3.690999984741211,2367.25,148.48849487304688,105.95999908447266,6.296294212341309,198.1904754638672,162.61819458007812,4026.1201171875,163717.0,3.690999984741211
2022-11-28,2362.0,157.5,106.68000030517578,7.849999904632568,251.0,185.5,3963.93994140625,164278.0,3.703000068664551,2362.0,153.35694885253906,106.68000030517578,6.377536773681641,197.16925048828125,163.49960327148438,3963.93994140625,164278.0,3.703000068664551
2022-11-29,2365.25,164.0,106.81999969482422,7.920000076293945,255.0,188.0,3957.6298828125,168195.0,3.747999906539917,2365.25,159.68597412109375,106.81999969482422,6.434406757354736,200.31141662597656,165.70309448242188,3957.6298828125,168195.0,3.747999906539917
2022-11-30,2460.5,166.25,105.94999694824219,8.100000381469727,260.5,184.25,4080.110107421875,168525.0,3.703000068664551,2460.5,161.87680053710938,105.94999694824219,6.580642223358154,204.63180541992188,162.39784240722656,4080.110107421875,168525.0,3.703000068664551
2022-12-01,2472.25,168.0,104.7300033569336,8.130000114440918,263.0,184.25,4076.570068359375,170604.0,3.5290000438690186,2472.25,163.5807647705078,104.7300033569336,6.605015754699707,206.59564208984375,162.39784240722656,4076.570068359375,170604.0,3.5290000438690186
2022-12-02,2535.0,164.0,104.55000305175781,8.220000267028809,267.8500061035156,185.0,4071.699951171875,169692.0,3.50600004196167,2535.0,159.68597412109375,104.55000305175781,6.678135395050049,210.40553283691406,163.05889892578125,4071.699951171875,169692.0,3.50600004196167
2022-12-05,2509.0,165.75,105.29000091552734,7.639999866485596,253.75,181.75,3998.840087890625,164467.0,3.5989999771118164,2509.0,161.3899383544922,105.29000091552734,6.20692777633667,199.32945251464844,160.19435119628906,3998.840087890625,164467.0,3.5989999771118164
2022-12-06,2503.5,167.5,105.58000183105469,7.630000114440918,259.0,183.75,3941.260009765625,168090.0,3.513000011444092,2503.5,163.0939178466797,105.58000183105469,6.198802947998047,203.45350646972656,161.9571533203125,3941.260009765625,168090.0,3.513000011444092
2022-12-07,2484.25,174.0,105.0999984741211,7.949999809265137,267.8999938964844,187.5,3933.919921875,171178.0,3.4079999923706055,2484.25,169.42294311523438,105.0999984741211,6.458779335021973,210.4447784423828,165.26239013671875,3933.919921875,171178.0,3.4079999923706055
2022-12-08,2496.5,,104.7699966430664,7.510000228881836,,,3963.510009765625,,3.490999937057495,2496.5,,104.7699966430664,6.101312637329102,,,3963.510009765625,,3.490999937057495
2022-12-09,2465.25,,104.80999755859375,7.440000057220459,,,3934.3798828125,,3.566999912261963,2465.25,,104.80999755859375,6.044443130493164,,,3934.3798828125,,3.566999912261963
2022-12-12,2409.25,177.5,105.12999725341797,7.760000228881836,257.0,186.0,3990.56005859375,166467.0,3.6110000610351562,2409.25,172.83087158203125,105.12999725341797,6.304419040679932,201.88246154785156,163.94029235839844,3990.56005859375,166467.0,3.6110000610351562
2022-12-13,2458.25,179.75,103.9800033569336,7.619999885559082,255.39999389648438,186.0,4019.64990234375,165500.0,3.500999927520752,2458.25,175.02169799804688,103.9800033569336,6.190678596496582,200.62559509277344,163.94029235839844,4019.64990234375,165500.0,3.500999927520752
2022-12-14,2431.0,176.75,103.7699966430664,7.670000076293945,252.8000030517578,184.25,3995.320068359375,164217.0,3.503000020980835,2431.0,172.1005859375,103.7699966430664,6.231300354003906,198.58323669433594,162.39784240722656,3995.320068359375,164217.0,3.503000020980835
2022-12-15,2383.0,174.0,104.55999755859375,7.690000057220459,256.8999938964844,184.75,3895.75,164733.0,3.450000047683716,2383.0,169.42294311523438,104.55999755859375,6.247548580169678,201.80392456054688,162.8385467529297,3895.75,164733.0,3.450000047683716
2022-12-16,2388.5,174.0,104.69999694824219,7.679999828338623,256.3500061035156,182.5,3852.360107421875,165110.0,3.4820001125335693,2388.5,169.42294311523438,104.69999694824219,6.239424705505371,201.37185668945312,160.85540771484375,3852.360107421875,165110.0,3.4820001125335693
2022-12-19,2364.25,171.5,104.72000122070312,7.960000038146973,263.5,186.0,3817.659912109375,168966.0,3.5810000896453857,2364.25,166.98870849609375,104.72000122070312,6.4669036865234375,206.98841857910156,163.94029235839844,3817.659912109375,168966.0,3.5810000896453857
2022-12-20,2377.0,174.5,103.97000122070312,8.569999694824219,270.0,182.5,3821.6201171875,172336.0,3.684000015258789,2377.0,169.90975952148438,103.97000122070312,6.962482929229736,212.09442138671875,160.85540771484375,3821.6201171875,172336.0,3.684000015258789
2022-12-21,2402.0,177.5,104.16000366210938,8.90999984741211,298.0,190.0,3878.43994140625,179852.0,3.684000015258789,2402.0,172.83087158203125,104.16000366210938,7.238707542419434,234.08941650390625,167.4658966064453,3878.43994140625,179852.0,3.684000015258789
2022-12-22,2421.5,176.5,104.43000030517578,8.949999809265137,294.0,194.0,3822.389892578125,182460.0,3.6689999103546143,2421.5,171.857177734375,104.43000030517578,7.271205902099609,230.947265625,170.9915008544922,3822.389892578125,182460.0,3.6689999103546143
2022-12-23,2413.5,181.0,104.30999755859375,9.279999732971191,308.5,207.0,3844.820068359375,187784.0,3.750999927520752,2413.5,176.23880004882812,104.30999755859375,7.539304733276367,242.33750915527344,182.44967651367188,3844.820068359375,187784.0,3.750999927520752
2022-12-26,,184.5,,,312.0,213.75,,192477.0,,,179.64674377441406,,,245.0869140625,188.3991241455078,,192477.0,
2022-12-27,2411.25,185.5,104.18000030517578,9.359999656677246,315.5,223.5,3829.25,195543.0,3.859999895095825,2411.25,180.6204376220703,104.18000030517578,7.604297637939453,247.8362274169922,196.99278259277344,3829.25,195543.0,3.859999895095825
2022-12-28,2396.0,189.0,104.45999908447266,9.630000114440918,333.04998779296875,229.25,3783.219970703125,202560.0,3.88700008392334,2396.0,184.02835083007812,104.45999908447266,7.8236517906188965,261.622314453125,202.06082153320312,3783.219970703125,202560.0,3.88700008392334
2022-12-29,2426.5,182.5,103.83999633789062,9.609999656677246,328.3500061035156,225.0,3849.280029296875,199361.0,3.8350000381469727,2426.5,177.76422119140625,103.83999633789062,7.807404041290283,257.93035888671875,198.3148651123047,3849.280029296875,199361.0,3.8350000381469727
2022-12-30,2410.25,181.0,103.5199966430664,9.729999542236328,332.0,229.0,3839.5,202085.0,3.878999948501587,2410.25,176.30316162109375,103.5199966430664,7.90489387512207,260.7975769042969,201.84046936035156,3839.5,202085.0,3.878999948501587
2023-01-02,,186.0,,,337.20001220703125,228.0,,207054.0,,,181.1734161376953,,,264.88238525390625,200.95907592773438,,207054.0,
2023-01-03,2325.25,184.75,104.5199966430664,9.550000190734863,328.5,230.0,3824.139892578125,198361.0,3.7929999828338623,2325.25,179.9558563232422,104.5199966430664,7.758657932281494,258.0481872558594,202.7218780517578,3824.139892578125,198361.0,3.7929999828338623
2023-01-04,2270.0,186.5,104.25,9.890000343322754,336.8500061035156,233.0,3852.969970703125,201061.0,3.7090001106262207,2270.0,181.66043090820312,104.25,8.034884452819824,264.60748291015625,205.36607360839844,3852.969970703125,201061.0,3.7090001106262207
2023-01-05,2262.75,190.0,105.04000091552734,10.5600004196167,359.0,241.0,3808.10009765625,209646.0,3.7200000286102295,2262.75,185.0696258544922,105.04000091552734,8.579208374023438,284.28814697265625,212.41725158691406,3808.10009765625,209646.0,3.7200000286102295
2023-01-06,2285.25,194.0,103.87999725341797,11.100000381469727,372.5,253.5,3895.080078125,213794.0,3.569000005722046,2285.25,188.9658203125,103.87999725341797,9.01791763305664,294.9787292480469,223.43475341796875,3895.080078125,213794.0,3.569000005722046
2023-01-09,2443.25,197.75,103.0,11.399999618530273,376.3999938964844,257.5,3892.090087890625,215725.0,3.5169999599456787,2443.25,192.61851501464844,103.0,9.261645317077637,298.0670471191406,226.96035766601562,3892.090087890625,215725.0,3.5169999599456787
2023-01-10,2465.0,202.0,103.23999786376953,11.579999923706055,380.70001220703125,266.0,3919.25,215811.0,3.621000051498413,2465.0,196.75823974609375,103.23999786376953,9.407882690429688,301.47216796875,234.45223999023438,3919.25,215811.0,3.621000051498413
2023-01-11,2506.25,201.25,103.19000244140625,12.390000343322754,411.1000061035156,276.0,3969.610107421875,224628.0,3.553999900817871,2506.25,196.02769470214844,103.19000244140625,10.065945625305176,325.545654296875,243.26625061035156,3969.610107421875,224628.0,3.553999900817871
2023-01-12,2551.0,207.0,102.25,12.850000381469727,441.79998779296875,283.0,3983.169921875,234154.0,3.4489998817443848,2551.0,201.62847900390625,102.25,10.439663887023926,349.8565673828125,249.43601989746094,3983.169921875,234154.0,3.4489998817443848
2023-01-13,2602.0,222.0,102.19999694824219,13.039999961853027,457.0,290.5,3999.090087890625,242155.0,3.510999917984009,2602.0,216.23924255371094,102.19999694824219,10.594022750854492,361.893310546875,256.0465393066406,3999.090087890625,242155.0,3.510999917984009
2023-01-16,,226.0,,,465.5,302.0,,250556.0,,,220.13543701171875,,,368.6243591308594,266.1826477050781,,250556.0,
2023-01-17,2628.25,225.25,102.38999938964844,13.760000228881836,494.5,298.0,3990.969970703125,260750.0,3.5350000858306885,2628.25,219.4049072265625,102.38999938964844,11.17896842956543,391.589111328125,262.65704345703125,3990.969970703125,260750.0,3.5350000858306885
2023-01-18,2643.75,208.0,102.36000061035156,12.399999618530273,439.0,262.0,3928.860107421875,235372.0,3.375,2643.75,202.60252380371094,102.36000061035156,10.074070930480957,347.6392517089844,230.92665100097656,3928.860107421875,235372.0,3.375
2023-01-19,2589.75,203.5,102.05999755859375,12.890000343322754,455.45001220703125,253.0,3898.85009765625,235180.0,3.3970000743865967,2589.75,198.21929931640625,102.05999755859375,10.472160339355469,360.6658630371094,222.9940643310547,3898.85009765625,235180.0,3.3970000743865967
2023-01-20,2608.75,207.75,102.01000213623047,13.75,496.1000061035156,262.5,3972.610107421875,247680.0,3.4839999675750732,2608.75,202.3590087890625,102.01000213623047,11.170845985412598,392.85614013671875,231.3673553466797,3972.610107421875,247680.0,3.4839999675750732
2023-01-23,2650.5,210.0,102.13999938964844,13.579999923706055,492.20001220703125,273.5,4019.81005859375,250362.0,3.5250000953674316,2650.5,204.55064392089844,102.13999938964844,11.032733917236328,389.767822265625,241.062744140625,4019.81005859375,250362.0,3.5250000953674316
2023-01-24,2665.0,209.5,101.91999816894531,13.529999732971191,484.0,285.0,4016.949951171875,252108.0,3.4690001010894775,2665.0,204.06361389160156,101.91999816894531,10.992111206054688,383.2742004394531,251.19883728027344,4016.949951171875,252108.0,3.4690001010894775
2023-01-25,2670.75,211.0,101.63999938964844,14.050000190734863,506.8999938964844,287.0,4016.219970703125,260074.0,3.4619998931884766,2670.75,205.52468872070312,101.63999938964844,11.414571762084961,401.4085693359375,252.9616241455078,4016.219970703125,260074.0,3.4619998931884766
2023-01-26,2656.5,212.5,101.83999633789062,13.899999618530273,510.0,289.5,4060.429931640625,261499.0,3.493000030517578,2656.5,206.98574829101562,101.83999633789062,11.292710304260254,403.8634338378906,255.16513061523438,4060.429931640625,261499.0,3.493000030517578
2023-01-27,2638.75,213.5,101.93000030517578,13.239999771118164,493.45001220703125,284.0,4070.56005859375,254295.0,3.5179998874664307,2638.75,207.95980834960938,101.93000030517578,10.815644264221191,390.7576599121094,250.31744384765625,4070.56005859375,254295.0,3.5179998874664307
2023-01-30,2595.0,209.5,102.27999877929688,12.630000114440918,467.8999938964844,277.0,4017.77001953125,245875.0,3.5510001182556152,2595.0,204.06361389160156,102.27999877929688,10.317339897155762,370.5248718261719,244.14764404296875,4017.77001953125,245875.0,3.5510001182556152
2023-01-31,2639.0,210.0,102.0999984741211,13.399999618530273,490.0,273.5,4076.60009765625,253549.0,3.5290000438690186,2639.0,204.55064392089844,102.0999984741211,10.9463472366333,388.0256042480469,241.062744140625,4076.60009765625,253549.0,3.5290000438690186
2023-02-01,2608.5,211.0,101.22000122070312,13.170000076293945,480.0,279.0,4119.2099609375,251062.0,3.3970000743865967,2608.5,205.52468872070312,101.22000122070312,10.75846004486084,380.1067810058594,245.9104461669922,4119.2099609375,251062.0,3.3970000743865967
2023-02-02,2605.5,210.0,101.75,13.130000114440918,480.0,277.5,4179.759765625,248855.0,3.3959999084472656,2605.5,204.55064392089844,101.75,10.725786209106445,380.1067810058594,244.5883331298828,4179.759765625,248855.0,3.3959999084472656
2023-02-03,2550.0,210.75,102.91999816894531,12.329999923706055,455.0,266.0,4136.47998046875,239370.0,3.5320000648498535,2550.0,205.28115844726562,102.91999816894531,10.072273254394531,360.30950927734375,234.45223999023438,4136.47998046875,239370.0,3.5320000648498535
2023-02-06,2515.75,207.0,103.62000274658203,12.720000267028809,456.5,273.0,4111.080078125,243608.0,3.634000062942505,2515.75,201.62847900390625,103.62000274658203,10.39085865020752,361.49737548828125,240.62205505371094,4111.080078125,243608.0,3.634000062942505
2023-02-07,2518.5,207.25,103.43000030517578,12.779999732971191,465.0,280.0,4164.0,246804.0,3.6740000247955322,2518.5,201.87197875976562,103.43000030517578,10.439872741699219,368.22845458984375,246.79183959960938,4164.0,246804.0,3.6740000247955322
2023-02-08,2468.25,210.75,103.41000366210938,12.970000267028809,473.0,290.0,4117.85986328125,250125.0,3.6530001163482666,2468.25,205.28115844726562,103.41000366210938,10.595087051391602,374.56353759765625,255.6058349609375,4117.85986328125,250125.0,3.6530001163482666
2023-02-09,2487.5,212.0,103.22000122070312,12.699999809265137,470.0,290.0,4081.5,248239.0,3.683000087738037,2487.5,206.49871826171875,103.22000122070312,10.374524116516113,372.1878356933594,255.6058349609375,4081.5,248239.0,3.683000087738037
2023-02-10,2429.0,208.0,103.62999725341797,12.760000228881836,472.5,281.0,4090.4599609375,249898.0,3.74399995803833,2429.0,202.60252380371094,103.62999725341797,10.42353630065918,374.1675720214844,247.67323303222656,4090.4599609375,249898.0,3.74399995803833
2023-02-13,2389.0,208.0,103.3499984741211,13.550000190734863,498.5,289.5,4137.2900390625,257626.0,3.7170000076293945,2389.0,202.60252380371094,103.3499984741211,11.068880081176758,394.7567443847656,255.16513061523438,4137.2900390625,257626.0,3.7170000076293945
2023-02-14,2381.0,209.0,103.2300033569336,13.920000076293945,519.0,279.0,4136.1298828125,258464.0,3.760999917984009,2381.0,203.5765838623047,103.2300033569336,11.371129989624023,410.99041748046875,245.9104461669922,4136.1298828125,258464.0,3.760999917984009
2023-02-15,2354.75,208.75,103.91999816894531,13.829999923706055,507.25,267.5,4147.60009765625,254970.0,3.809000015258789,2354.75,203.3330841064453,103.91999816894531,11.29761028289795,401.6856994628906,235.77435302734375,4147.60009765625,254970.0,3.809000015258789
2023-02-16,2362.5,209.75,103.86000061035156,13.949999809265137,515.0,271.0,4090.409912109375,257247.0,3.8429999351501465,2362.5,204.30712890625,103.86000061035156,11.395635604858398,407.8228454589844,238.8592529296875,4090.409912109375,257247.0,3.8429999351501465
2023-02-17,2343.75,203.0,103.86000061035156,13.300000190734863,496.5,260.0,4079.090087890625,248979.0,3.828000068664551,2343.75,197.73228454589844,103.86000061035156,10.864660263061523,393.1728210449219,229.16384887695312,4079.090087890625,248979.0,3.828000068664551
2023-02-21,2411.5,,104.18000030517578,13.15999984741211,,,3997.340087890625,,3.9549999237060547,2411.5,,104.18000030517578,10.75029182434082,,,3997.340087890625,,3.9549999237060547
2023-02-22,2361.5,198.0,104.58999633789062,13.239999771118164,485.1000061035156,251.5,3991.050048828125,244719.0,3.9230000972747803,2361.5,192.86203002929688,104.58999633789062,10.815644264221191,384.1454162597656,221.6719512939453,3991.050048828125,244719.0,3.9230000972747803
2023-02-23,2339.75,197.75,104.5999984741211,13.539999961853027,497.0,244.5,4012.320068359375,248006.0,3.878999948501587,2339.75,192.61851501464844,104.5999984741211,11.060709953308105,393.5688171386719,215.50216674804688,4012.320068359375,248006.0,3.878999948501587
2023-02-24,2294.5,199.0,105.20999908447266,13.449999809265137,493.0,243.75,3970.0400390625,248325.0,3.9489998817443848,2294.5,193.83607482910156,105.20999908447266,10.987189292907715,390.4012756347656,214.8411102294922,3970.0400390625,248325.0,3.9489998817443848
2023-02-27,2327.0,198.5,104.66999816894531,13.710000038146973,501.0,247.0,3982.239990234375,250466.0,3.921999931335449,2327.0,193.3490447998047,104.66999816894531,11.19958209991455,396.7364196777344,217.70565795898438,3982.239990234375,250466.0,3.921999931335449
2023-02-28,2323.5,199.0,104.87000274658203,13.319999694824219,490.3999938964844,245.0,3970.14990234375,247459.0,3.9159998893737793,2323.5,193.83607482910156,104.87000274658203,10.880993843078613,388.34234619140625,215.94285583496094,3970.14990234375,247459.0,3.9159998893737793
2023-03-01,2379.25,192.5,104.4800033569336,13.420000076293945,490.1000061035156,244.0,3951.389892578125,249581.0,3.99399995803833,2379.25,187.5047607421875,104.4800033569336,10.962686538696289,388.1048583984375,215.06146240234375,3951.389892578125,249581.0,3.99399995803833
2023-03-02,2367.25,192.25,105.02999877929688,12.479999542236328,470.0,245.0,3981.35009765625,242749.0,4.072999954223633,2367.25,187.26123046875,105.02999877929688,10.194805145263672,372.1878356933594,215.94285583496094,3981.35009765625,242749.0,4.072999954223633
2023-03-03,2369.75,196.75,104.5199966430664,12.84000015258789,476.0,255.0,4045.639892578125,245865.0,3.9639999866485596,2369.75,191.64447021484375,104.5199966430664,10.488885879516602,376.9391784667969,224.75686645507812,4045.639892578125,245865.0,3.9639999866485596
2023-03-06,2368.75,201.5,104.3499984741211,13.039999961853027,488.75,244.25,4048.419921875,253019.0,3.9830000400543213,2368.75,196.2711944580078,104.3499984741211,10.652264595031738,387.0357666015625,215.28179931640625,4048.419921875,253019.0,3.9830000400543213
2023-03-07,2328.75,193.0,105.62000274658203,12.670000076293945,476.20001220703125,247.0,3986.3701171875,246501.0,3.9749999046325684,2328.75,187.9917755126953,105.62000274658203,10.350016593933105,377.0975646972656,217.70565795898438,3986.3701171875,246501.0,3.9749999046325684
2023-03-08,2327.5,188.75,105.66000366210938,13.180000305175781,494.79998779296875,240.0,3992.010009765625,250912.0,3.9760000705718994,2327.5,183.85205078125,105.66000366210938,10.766632080078125,391.82672119140625,211.53585815429688,3992.010009765625,250912.0,3.9760000705718994
2023-03-09,2306.0,198.0,105.30999755859375,12.5600004196167,488.0,238.0,3918.320068359375,247554.0,3.924999952316284,2306.0,192.86203002929688,105.30999755859375,10.26015853881836,386.44195556640625,209.77305603027344,3918.320068359375,247554.0,3.924999952316284
2023-03-10,2291.75,194.0,104.58000183105469,11.710000038146973,464.70001220703125,224.0,3861.590087890625,236419.0,3.694999933242798,2291.75,188.9658203125,104.58000183105469,9.565801620483398,367.9908752441406,197.4334716796875,3861.590087890625,236419.0,3.694999933242798
2023-03-13,2299.5,182.75,103.5999984741211,11.270000457763672,445.04998779296875,211.75,3855.760009765625,225228.0,3.515000104904175,2299.5,178.00775146484375,103.5999984741211,9.20637035369873,352.4302673339844,186.63633728027344,3855.760009765625,225228.0,3.515000104904175
2023-03-14,2316.75,179.5,103.5999984741211,10.989999771118164,431.8500061035156,202.0,3919.2900390625,220447.0,3.638000011444092,2316.75,174.8420867919922,103.5999984741211,8.977640151977539,341.9773254394531,178.0426788330078,3919.2900390625,220447.0,3.638000011444092
2023-03-15,2242.5,163.75,104.6500015258789,10.3100004196167,408.29998779296875,201.0,3891.929931640625,209824.0,3.492000102996826,2242.5,159.50079345703125,104.6500015258789,8.422152519226074,323.3282165527344,177.16128540039062,3891.929931640625,209824.0,3.492000102996826
2023-03-16,2233.25,179.0,104.41999816894531,10.880000114440918,435.29998779296875,219.0,3960.280029296875,223388.0,3.5850000381469727,2233.25,174.3550567626953,104.41999816894531,8.88778018951416,344.709228515625,193.02647399902344,3960.280029296875,223388.0,3.5850000381469727
2023-03-17,2229.25,191.75,103.70999908447266,10.4399995803833,421.95001220703125,228.0,3916.639892578125,221740.0,3.3949999809265137,2229.25,186.77420043945312,103.70999908447266,8.528349876403809,334.1376037597656,200.95907592773438,3916.639892578125,221740.0,3.3949999809265137
2023-03-20,2240.5,200.75,103.27999877929688,10.279999732971191,414.0,236.75,3951.570068359375,221059.0,3.4809999465942383,2240.5,195.54066467285156,103.27999877929688,8.397645950317383,327.842041015625,208.6713104248047,3951.570068359375,221059.0,3.4809999465942383
2023-03-21,2243.75,204.75,103.26000213623047,11.050000190734863,440.70001220703125,232.25,4002.8701171875,228790.0,3.6059999465942383,2243.75,199.43687438964844,103.26000213623047,9.026652336120605,348.9855651855469,204.70501708984375,4002.8701171875,228790.0,3.6059999465942383
2023-03-22,2266.25,206.75,102.3499984741211,10.739999771118164,426.54998779296875,234.25,3936.969970703125,224915.0,3.5,2266.25,201.38494873046875,102.3499984741211,8.773416519165039,337.78033447265625,206.4678192138672,3936.969970703125,224915.0,3.5
2023-03-23,2298.5,207.25,102.52999877929688,10.579999923706055,413.79998779296875,231.25,3948.719970703125,219277.0,3.4059998989105225,2298.5,201.87197875976562,102.52999877929688,8.64271068572998,327.68365478515625,203.82362365722656,3948.719970703125,219277.0,3.4059998989105225
2023-03-24,2308.0,,103.12000274658203,10.649999618530273,,,3970.989990234375,,3.380000114440918,2308.0,,103.12000274658203,8.699896812438965,,,3970.989990234375,,3.380000114440918
2023-03-27,2341.75,209.0,102.86000061035156,11.1899995803833,438.6000061035156,246.25,3977.530029296875,233739.0,3.5280001163482666,2341.75,203.5765838623047,102.86000061035156,9.141016960144043,347.3225402832031,217.0446014404297,3977.530029296875,233739.0,3.5280001163482666
2023-03-28,2370.25,216.75,102.43000030517578,11.399999618530273,448.79998779296875,259.0,3971.27001953125,242386.0,3.563999891281128,2370.25,211.12547302246094,102.43000030517578,9.3125638961792,355.3998107910156,228.28244018554688,3971.27001953125,242386.0,3.563999891281128
2023-03-29,2360.0,226.25,102.63999938964844,11.630000114440918,460.20001220703125,271.0,4027.81005859375,249104.0,3.565999984741211,2360.0,220.3789520263672,102.63999938964844,9.500447273254395,364.4273376464844,238.8592529296875,4027.81005859375,249104.0,3.565999984741211
2023-03-30,2363.5,228.0,102.13999938964844,11.399999618530273,458.8500061035156,272.0,4050.830078125,251639.0,3.5510001182556152,2363.5,222.0835418701172,102.13999938964844,9.3125638961792,363.3583068847656,239.7406463623047,4050.830078125,251639.0,3.5510001182556152
2023-03-31,2383.75,218.25,102.51000213623047,10.979999542236328,442.8500061035156,259.5,4109.31005859375,245716.0,3.49399995803833,2383.75,212.5865478515625,102.51000213623047,8.96946907043457,350.6880798339844,228.72315979003906,4109.31005859375,245716.0,3.49399995803833
2023-04-03,2378.75,225.75,102.08999633789062,11.359999656677246,461.04998779296875,265.0,4124.509765625,254697.0,3.430000066757202,2378.75,219.8919219970703,102.08999633789062,9.279887199401855,365.1004638671875,233.5708465576172,4124.509765625,254697.0,3.430000066757202
2023-04-04,2348.25,232.5,101.58999633789062,11.09000015258789,451.5,262.0,4100.60009765625,251488.0,3.3369998931884766,2348.25,226.46676635742188,101.58999633789062,9.059328079223633,357.5378723144531,230.92665100097656,4100.60009765625,251488.0,3.3369998931884766
2023-04-05,2315.5,243.0,101.8499984741211,11.09000015258789,451.8500061035156,266.0,4090.3798828125,252849.0,3.2869999408721924,2315.5,236.69430541992188,101.8499984741211,9.059328079223633,357.81500244140625,234.45223999023438,4090.3798828125,252849.0,3.2869999408721924
2023-04-06,2325.0,,101.81999969482422,10.9399995803833,,,4105.02001953125,,3.2880001068115234,2325.0,,101.81999969482422,8.936793327331543,,,4105.02001953125,,3.2880001068115234
2023-04-10,2324.75,240.25,102.58000183105469,11.130000114440918,447.8500061035156,267.5,4109.10986328125,,3.4149999618530273,2324.75,234.01565551757812,102.58000183105469,9.09200382232666,354.64752197265625,235.77435302734375,4109.10986328125,,3.4149999618530273
2023-04-11,2295.25,240.5,102.19999694824219,11.649999618530273,463.95001220703125,268.5,4108.93994140625,259963.0,3.434000015258789,2295.25,234.25918579101562,102.19999694824219,9.51678466796875,367.39691162109375,236.65576171875,4108.93994140625,259963.0,3.434000015258789
2023-04-12,2316.0,238.75,101.5,12.359999656677246,493.1000061035156,272.0,4091.949951171875,266850.0,3.4210000038146973,2316.0,232.55458068847656,101.5,10.096779823303223,390.48052978515625,239.7406463623047,4091.949951171875,266850.0,3.4210000038146973
2023-04-13,2365.75,241.75,101.01000213623047,12.4399995803833,500.04998779296875,278.0,4146.22021484375,270329.0,3.4519999027252197,2365.75,235.47674560546875,101.01000213623047,10.162130355834961,395.98406982421875,245.029052734375,4146.22021484375,270329.0,3.4519999027252197
2023-04-14,2379.0,243.5,101.55000305175781,12.729999542236328,511.6499938964844,280.5,4137.64013671875,275717.0,3.5220000743865967,2379.0,237.1813201904297,101.55000305175781,10.399027824401855,405.1700744628906,247.23252868652344,4137.64013671875,275717.0,3.5220000743865967
2023-04-17,2377.75,245.25,102.0999984741211,12.930000305175781,529.25,283.5,4151.31982421875,281295.0,3.5910000801086426,2377.75,243.89398193359375,102.0999984741211,10.562406539916992,419.10723876953125,249.87673950195312,4151.31982421875,281295.0,3.5910000801086426
2023-04-18,2428.75,249.5,101.75,12.380000114440918,525.0499877929688,289.5,4154.8701171875,284299.0,3.572000026702881,2428.75,248.12049865722656,101.75,10.113116264343262,415.7813415527344,255.16513061523438,4154.8701171875,284299.0,3.572000026702881
2023-04-19,2442.5,252.0,101.97000122070312,11.640000343322754,502.1000061035156,290.0,4154.52001953125,275406.0,3.6019999980926514,2442.5,250.606689453125,101.97000122070312,9.508618354797363,397.6075134277344,255.6058349609375,4154.52001953125,275406.0,3.6019999980926514
2023-04-20,2422.25,255.0,101.83999633789062,11.869999885559082,517.75,303.5,4129.7900390625,281828.0,3.5450000762939453,2422.25,253.59010314941406,101.83999633789062,9.696501731872559,410.0005798339844,267.50469970703125,4129.7900390625,281828.0,3.5450000762939453
2023-04-21,2386.75,277.5,101.81999969482422,11.65999984741211,530.0499877929688,318.5,4133.52001953125,290891.0,3.569999933242798,2386.75,275.9656982421875,101.81999969482422,9.524956703186035,419.74078369140625,280.7257385253906,4133.52001953125,290891.0,3.569999933242798
2023-04-24,2375.25,298.0,101.3499984741211,11.699999809265137,539.8499755859375,325.5,4137.0400390625,299422.0,3.515000104904175,2375.25,296.35235595703125,101.3499984741211,9.557631492614746,427.5011901855469,286.8955078125,4137.0400390625,299422.0,3.515000104904175
2023-04-25,2329.25,312.5,101.86000061035156,11.630000114440918,540.9500122070312,343.5,4071.6298828125,303058.0,3.3959999084472656,2329.25,310.7721862792969,101.86000061035156,9.500447273254395,428.37237548828125,302.76068115234375,4071.6298828125,303058.0,3.3959999084472656
2023-04-26,2318.5,322.0,101.47000122070312,11.489999771118164,537.75,364.0,4055.989990234375,304797.0,3.431999921798706,2318.5,320.21966552734375,101.47000122070312,9.386083602905273,425.83837890625,320.8293762207031,4055.989990234375,304797.0,3.431999921798706
2023-04-27,2311.5,310.0,101.5,11.479999542236328,528.0999755859375,354.0,4135.35009765625,296809.0,3.5280001163482666,2311.5,308.2860107421875,101.5,9.377913475036621,418.19659423828125,312.015380859375,4135.35009765625,296809.0,3.5280001163482666
2023-04-28,2359.75,315.5,101.66999816894531,11.520000457763672,522.6500244140625,362.0,4169.47998046875,297960.0,3.4519999027252197,2359.75,313.75555419921875,101.66999816894531,9.410590171813965,413.8808898925781,319.06658935546875,4169.47998046875,297960.0,3.4519999027252197
2023-05-01,2390.75,,102.1500015258789,11.199999809265137,,,4167.8701171875,,3.5739998817443848,2390.75,,102.1500015258789,9.149185180664062,,,4167.8701171875,,3.5739998817443848
2023-05-02,2382.75,314.0,101.95999908447266,11.390000343322754,520.8499755859375,340.0,4119.580078125,295631.0,3.438999891281128,2382.75,312.2638854980469,101.95999908447266,9.30439281463623,412.45538330078125,326.9420471191406,4119.580078125,295631.0,3.438999891281128
2023-05-03,2330.75,293.5,101.33999633789062,11.300000190734863,506.1000061035156,346.5,4090.75,288008.0,3.4030001163482666,2330.75,291.87725830078125,101.33999633789062,9.230874061584473,400.7750549316406,333.1924133300781,4090.75,288008.0,3.4030001163482666
2023-05-04,2300.5,271.5,101.4000015258789,10.930000305175781,493.8999938964844,323.0,4061.219970703125,281753.0,3.3510000705718994,2300.5,269.9988708496094,101.4000015258789,8.928625106811523,391.114013671875,310.5949401855469,4061.219970703125,281753.0,3.3510000705718994
2023-05-05,2329.5,273.5,101.20999908447266,11.65999984741211,509.25,324.0,4136.25,297140.0,3.446000099182129,2329.5,271.98779296875,101.20999908447266,9.524956703186035,423.5514831542969,311.5565490722656,4136.25,297140.0,3.446000099182129
2023-05-08,2314.25,283.5,101.37000274658203,11.930000305175781,521.7000122070312,346.5,4138.1201171875,304396.0,3.5209999084472656,2314.25,281.9325256347656,101.37000274658203,9.745514869689941,433.9063720703125,333.1924133300781,4138.1201171875,304396.0,3.5209999084472656
2023-05-09,2333.75,302.5,101.63999938964844,12.140000343322754,523.6500244140625,354.5,4119.169921875,307773.0,3.5209999084472656,2333.75,300.82745361328125,101.63999938964844,9.917061805725098,435.52813720703125,340.8851623535156,4119.169921875,307773.0,3.5209999084472656
2023-05-10,2284.75,305.0,101.4800033569336,12.350000381469727,531.1500244140625,362.0,4137.64013671875,310497.0,3.438999891281128,2284.75,303.31365966796875,101.4800033569336,10.088611602783203,441.7660217285156,348.0971374511719,4137.64013671875,310497.0,3.438999891281128
2023-05-11,2216.5,300.0,102.05999755859375,12.75,552.4500122070312,347.0,4130.6201171875,313281.0,3.3970000743865967,2216.5,298.3412780761719,102.05999755859375,10.41536808013916,459.4816589355469,333.6732177734375,4130.6201171875,313281.0,3.3970000743865967
2023-05-12,2238.25,306.0,102.68000030517578,12.390000343322754,554.7999877929688,362.0,4124.080078125,321530.0,3.4630000591278076,2238.25,304.3081359863281,102.68000030517578,10.121286392211914,461.4360656738281,348.0971374511719,4124.080078125,321530.0,3.4630000591278076
2023-05-15,2250.25,306.5,102.43000030517578,12.25,543.0499877929688,363.5,4136.27978515625,320583.0,3.507999897003174,2250.25,304.80535888671875,102.43000030517578,10.006921768188477,451.6634521484375,349.5395202636719,4136.27978515625,320583.0,3.507999897003174
2023-05-16,2260.0,319.5,102.55999755859375,11.350000381469727,525.0,376.5,4109.89990234375,318792.0,3.5490000247955322,2260.0,317.7334899902344,102.55999755859375,9.271719932556152,436.65087890625,362.0402526855469,4109.89990234375,318792.0,3.5490000247955322
2023-05-17,2295.75,334.5,102.87999725341797,11.84000015258789,546.5,383.5,4158.77001953125,327789.0,3.5810000896453857,2295.75,332.6505432128906,102.87999725341797,9.671995162963867,454.5328674316406,368.7713928222656,4158.77001953125,327789.0,3.5810000896453857
2023-05-18,2286.75,342.0,103.58000183105469,11.529999732971191,549.6500244140625,396.0,4198.0498046875,331211.0,3.6480000019073486,2286.75,340.10906982421875,103.58000183105469,9.418760299682617,457.1527404785156,380.7913513183594,4198.0498046875,331211.0,3.6480000019073486
2023-05-19,2300.0,355.0,103.19999694824219,11.600000381469727,550.0999755859375,416.0,4191.97998046875,338678.0,3.691999912261963,2300.0,353.0372009277344,103.19999694824219,9.475943565368652,457.527099609375,400.0232238769531,4191.97998046875,338678.0,3.691999912261963
2023-05-22,2290.5,369.5,103.19999694824219,11.369999885559082,535.7000122070312,418.0,4192.6298828125,338979.0,3.7190001010894775,2290.5,367.45703125,103.19999694824219,9.288058280944824,445.55035400390625,401.9464111328125,4192.6298828125,338979.0,3.7190001010894775
2023-05-23,2255.0,362.5,103.48999786376953,11.460000038146973,545.2000122070312,401.5,4145.580078125,340786.0,3.697999954223633,2255.0,360.4957275390625,103.48999786376953,9.361577987670898,453.45166015625,386.0801086425781,4145.580078125,340786.0,3.697999954223633
2023-05-24,2230.0,363.5,103.88999938964844,11.760000228881836,554.7999877929688,395.5,4115.240234375,341669.0,3.7190001010894775,2230.0,361.49017333984375,103.88999938964844,9.606645584106445,461.4360656738281,380.310546875,4115.240234375,341669.0,3.7190001010894775
2023-05-25,2233.25,,104.20999908447266,11.65999984741211,,,4151.27978515625,,3.813999891281128,2233.25,,104.20999908447266,9.524956703186035,,,4151.27978515625,,3.813999891281128
2023-05-26,2245.0,,104.20999908447266,11.680000305175781,,,4205.4501953125,,3.809999942779541,2245.0,,104.20999908447266,9.541292190551758,,,4205.4501953125,,3.809999942779541
2023-05-29,,366.5,,,567.6500244140625,399.0,,346369.0,,,364.4736022949219,,,472.1236877441406,383.6761169433594,,346369.0,
2023-05-30,2227.75,367.5,104.16999816894531,12.109999656677246,570.1500244140625,397.0,4205.52001953125,343392.0,3.700000047683716,2227.75,365.4681091308594,104.16999816894531,9.892556190490723,474.2028503417969,381.7529296875,4205.52001953125,343392.0,3.700000047683716
2023-05-31,2255.5,374.0,104.31999969482422,11.869999885559082,582.5499877929688,399.5,4179.830078125,342079.0,3.63700008392334,2255.5,371.93212890625,104.31999969482422,10.074179649353027,484.5162353515625,384.15692138671875,4179.830078125,342079.0,3.63700008392334
2023-06-01,2299.25,384.5,103.55999755859375,12.09000015258789,597.2999877929688,397.0,4221.02001953125,353374.0,3.6080000400543213,2299.25,382.37408447265625,103.55999755859375,10.260895729064941,496.7839660644531,381.7529296875,4221.02001953125,353374.0,3.6080000400543213
2023-06-02,2269.5,372.0,104.0199966430664,11.819999694824219,584.2999877929688,398.0,4282.3701171875,352937.0,3.690999984741211,2269.5,369.9432067871094,104.0199966430664,10.031745910644531,485.9717102050781,382.71453857421875,4282.3701171875,352937.0,3.690999984741211
2023-06-05,2240.5,370.0,104.0,12.329999923706055,607.5999755859375,407.0,4273.7900390625,360826.0,3.693000078201294,2240.5,367.9542541503906,104.0,10.464587211608887,505.35076904296875,391.3688659667969,4273.7900390625,360826.0,3.693000078201294
2023-06-06,2204.75,370.0,104.12999725341797,13.930000305175781,681.9000244140625,428.0,4283.85009765625,380758.0,3.6989998817443848,2204.75,367.9542541503906,104.12999725341797,11.822521209716797,567.147216796875,411.5623474121094,4283.85009765625,380758.0,3.6989998817443848
2023-06-07,2207.25,360.5,104.0999984741211,14.5,709.4000244140625,413.0,4267.52001953125,380431.0,3.7839999198913574,2207.25,358.50677490234375,104.0999984741211,12.306285858154297,590.0194091796875,397.138427734375,4267.52001953125,380431.0,3.7839999198913574
2023-06-08,2240.75,363.0,103.33999633789062,14.680000305175781,717.2000122070312,409.0,4293.93017578125,380908.0,3.7139999866485596,2240.75,360.9929504394531,103.33999633789062,12.459053993225098,603.6947631835938,393.29205322265625,4293.93017578125,380908.0,3.7139999866485596
2023-06-09,2254.25,367.5,103.55999755859375,14.8100004196167,723.7999877929688,418.0,4298.85986328125,381764.0,3.744999885559082,2254.25,365.4681091308594,103.55999755859375,12.569385528564453,609.2501831054688,401.9464111328125,4298.85986328125,381764.0,3.744999885559082
2023-06-12,2211.25,365.0,103.62999725341797,14.600000381469727,721.3499755859375,425.0,4338.93017578125,381673.0,3.765000104904175,2211.25,362.98187255859375,103.62999725341797,12.391156196594238,607.1881713867188,408.6775817871094,4338.93017578125,381673.0,3.765000104904175
2023-06-13,2220.75,362.0,103.33999633789062,15.180000305175781,751.1500244140625,423.0,4369.009765625,381896.0,3.8389999866485596,2220.75,359.99847412109375,103.33999633789062,12.883408546447754,632.2718505859375,406.75439453125,4369.009765625,381896.0,3.8389999866485596
2023-06-14,2243.75,350.0,103.01000213623047,15.529999732971191,760.2000122070312,406.5,4372.58984375,378695.0,3.7960000038146973,2243.75,348.0648193359375,103.01000213623047,13.18045711517334,639.8895263671875,390.8880615234375,4372.58984375,378695.0,3.7960000038146973
2023-06-15,2227.75,349.0,102.12000274658203,15.960000038146973,798.5999755859375,406.5,4425.83984375,391831.0,3.7279999256134033,2227.75,347.0703430175781,102.12000274658203,13.545401573181152,672.2123413085938,390.8880615234375,4425.83984375,391831.0,3.7279999256134033
2023-06-16,2252.5,350.0,102.30000305175781,16.8700008392334,857.5,398.0,4409.58984375,409417.0,3.7690000534057617,2252.5,348.0648193359375,102.30000305175781,14.317728996276855,721.790771484375,382.71453857421875,4409.58984375,409417.0,3.7690000534057617
2023-06-20,2217.5,,102.54000091552734,17.149999618530273,,,4388.7099609375,,3.7290000915527344,2217.5,,102.54000091552734,14.555366516113281,,,4388.7099609375,,3.7290000915527344
2023-06-21,2223.0,365.5,102.06999969482422,17.799999237060547,905.9500122070312,397.0,4365.68994140625,429909.0,3.7230000495910645,2223.0,363.4791259765625,102.06999969482422,15.107028007507324,762.572998046875,381.7529296875,4365.68994140625,429909.0,3.7230000495910645
2023-06-22,2203.0,375.5,102.38999938964844,16.5,843.1500244140625,395.5,4381.89013671875,415186.0,3.7990000247955322,2203.0,373.423828125,102.38999938964844,14.003704071044922,709.7118530273438,380.310546875,4381.89013671875,415186.0,3.7990000247955322
2023-06-23,2168.25,369.5,102.9000015258789,16.780000686645508,865.9000244140625,393.5,4348.330078125,420737.0,3.739000082015991,2168.25,367.45703125,102.9000015258789,14.241342544555664,728.8612670898438,378.3873596191406,4348.330078125,420737.0,3.739000082015991
2023-06-26,2149.5,379.5,102.69000244140625,17.56999969482422,900.7000122070312,401.5,4328.81982421875,432406.0,3.7190001010894775,2149.5,377.4017333984375,102.69000244140625,14.911824226379395,758.154052734375,386.0801086425781,4328.81982421875,432406.0,3.7190001010894775
2023-06-27,2170.0,356.5,102.48999786376953,16.770000457763672,854.9500122070312,383.5,4378.41015625,416376.0,3.7679998874664307,2170.0,354.5289001464844,102.48999786376953,14.232857704162598,719.644287109375,368.7713928222656,4378.41015625,416376.0,3.7679998874664307
2023-06-28,2148.25,347.5,102.91000366210938,16.8700008392334,854.7999877929688,378.5,4376.85986328125,409623.0,3.7100000381469727,2148.25,345.5786437988281,102.91000366210938,14.317728996276855,719.51806640625,363.96343994140625,4376.85986328125,409623.0,3.7100000381469727
2023-06-29,2126.0,350.5,103.33999633789062,17.239999771118164,863.4500122070312,380.0,4396.43994140625,416467.0,3.8540000915527344,2126.0,348.5620422363281,103.33999633789062,14.631747245788574,726.7990112304688,365.40582275390625,4396.43994140625,416467.0,3.8540000915527344
2023-06-30,2114.75,363.5,102.91000366210938,17.200000762939453,885.7999877929688,390.0,4450.3798828125,426281.0,3.819000005722046,2114.75,361.49017333984375,102.91000366210938,14.597800254821777,745.6119995117188,375.0217590332031,4450.3798828125,426281.0,3.819000005722046
2023-07-03,2112.75,374.5,102.98999786376953,17.309999465942383,919.0499877929688,415.0,4455.58984375,436619.0,3.8580000400543213,2112.75,372.4293518066406,102.98999786376953,14.691158294677734,773.5996704101562,399.0616149902344,4455.58984375,436619.0,3.8580000400543213
2023-07-04,,375.0,,,927.2000122070312,414.0,,441469.0,,,372.9266052246094,,,780.4598999023438,398.10003662109375,,441469.0,
2023-07-05,2119.25,374.0,103.37000274658203,17.440000534057617,920.2000122070312,412.5,4446.81982421875,436733.0,3.944999933242798,2119.25,371.93212890625,103.37000274658203,14.801492691040039,774.5677490234375,396.65765380859375,4446.81982421875,436733.0,3.944999933242798
2023-07-06,2103.0,369.5,103.16999816894531,16.110000610351562,852.9000244140625,411.0,4411.58984375,417549.0,4.040999889373779,2103.0,367.45703125,103.16999816894531,13.672707557678223,724.5696411132812,395.2152404785156,4411.58984375,417549.0,4.040999889373779
2023-07-07,2111.25,372.5,102.2699966430664,16.59000015258789,859.5499877929688,413.0,4398.9501953125,423581.0,4.050000190734863,2111.25,370.4404296875,102.2699966430664,14.080089569091797,730.2191772460938,397.138427734375,4398.9501953125,423581.0,4.050000190734863
2023-07-10,2115.5,378.0,101.97000122070312,16.1299991607666,834.7999877929688,417.0,4409.52978515625,420773.0,4.00600004196167,2115.5,375.9100036621094,101.97000122070312,13.832257270812988,709.1929931640625,400.98480224609375,4409.52978515625,420773.0,4.00600004196167
2023-07-11,2127.5,384.0,101.7300033569336,16.329999923706055,843.0999755859375,426.0,4439.259765625,422765.0,3.9800000190734863,2127.5,381.8768310546875,101.7300033569336,14.003767967224121,716.2440795898438,409.63916015625,4439.259765625,422765.0,3.9800000190734863
2023-07-12,2193.75,391.0,100.5199966430664,16.700000762939453,864.9000244140625,428.0,4472.16015625,431551.0,3.8610000610351562,2193.75,388.8381042480469,100.5199966430664,14.321061134338379,734.76416015625,411.5623474121094,4472.16015625,431551.0,3.8610000610351562
2023-07-13,2242.0,412.0,99.7699966430664,17.3700008392334,917.75,448.0,4510.0400390625,451139.0,3.760999917984009,2242.0,409.7220458984375,99.7699966430664,14.89561653137207,779.662109375,430.79425048828125,4510.0400390625,451139.0,3.760999917984009
2023-07-14,2235.0,410.0,99.91000366210938,16.280000686645508,885.7999877929688,429.0,4505.419921875,443304.0,3.819000005722046,2235.0,407.73309326171875,99.91000366210938,13.96088981628418,752.5194702148438,412.5239562988281,4505.419921875,443304.0,3.819000005722046
2023-07-17,2207.0,417.5,99.83999633789062,17.170000076293945,920.1500244140625,438.0,4522.7900390625,456843.0,3.796999931335449,2207.0,415.191650390625,99.83999633789062,14.72410774230957,781.7009887695312,421.17828369140625,4522.7900390625,456843.0,3.796999931335449
2023-07-18,2164.25,430.0,99.94000244140625,17.43000030517578,919.4000244140625,436.5,4554.97998046875,456881.0,3.7890000343322754,2164.25,427.6225280761719,99.94000244140625,14.94706916809082,781.0638427734375,419.73590087890625,4554.97998046875,456881.0,3.7890000343322754
2023-07-19,2137.25,438.5,100.27999877929688,17.100000381469727,905.7999877929688,444.0,4565.72021484375,453207.0,3.742000102996826,2137.25,436.07550048828125,100.27999877929688,14.664077758789062,769.5099487304688,426.9478759765625,4565.72021484375,453207.0,3.742000102996826
2023-07-20,2143.25,452.0,100.87999725341797,17.399999618530273,925.4000244140625,460.0,4534.8701171875,459108.0,3.8540000915527344,2143.25,449.5008544921875,100.87999725341797,14.921344757080078,786.1610717773438,442.3333740234375,4534.8701171875,459108.0,3.8540000915527344
2023-07-21,2148.0,462.5,101.06999969482422,17.850000381469727,956.9500122070312,480.0,4536.33984375,472974.0,3.8369998931884766,2148.0,459.94281005859375,101.06999969482422,15.30724048614502,812.9639282226562,461.56524658203125,4536.33984375,472974.0,3.8369998931884766
2023-07-24,2153.75,454.5,101.3499984741211,17.3799991607666,935.0999755859375,460.5,4554.64013671875,466663.0,3.8570001125335693,2153.75,451.987060546875,101.3499984741211,14.904190063476562,794.4014892578125,442.8141784667969,4554.64013671875,466663.0,3.8570001125335693
2023-07-25,2184.0,457.0,101.3499984741211,17.68000030517578,958.6500244140625,456.5,4567.4599609375,471449.0,3.9119999408721924,2184.0,454.4732360839844,101.3499984741211,15.161459922790527,814.4082641601562,438.9678039550781,4567.4599609375,471449.0,3.9119999408721924
2023-07-26,2155.5,452.5,100.88999938964844,17.760000228881836,965.2000122070312,446.0,4566.75,471103.0,3.8510000705718994,2155.5,449.99810791015625,100.88999938964844,15.230058670043945,819.9725952148438,428.8710632324219,4566.75,471103.0,3.8510000705718994
2023-07-27,2151.75,458.0,101.7699966430664,16.520000457763672,901.8499755859375,448.0,4537.41015625,450211.0,4.01200008392334,2151.75,455.4676818847656,101.7699966430664,14.166704177856445,766.1544799804688,430.79425048828125,4537.41015625,450211.0,4.01200008392334
2023-07-28,2178.5,466.5,101.62000274658203,16.719999313354492,918.2999877929688,448.5,4582.22998046875,457788.0,3.9690001010894775,2178.5,463.9206848144531,101.62000274658203,14.47932243347168,780.1293334960938,431.2750244140625,4582.22998046875,457788.0,3.9690001010894775
2023-07-31,2230.5,462.5,101.86000061035156,16.950000762939453,932.5499877929688,436.0,4588.9599609375,457138.0,3.9590001106262207,2230.5,459.94281005859375,101.86000061035156,14.678500175476074,792.2352294921875,419.2550964355469,4588.9599609375,457138.0,3.9590001106262207
2023-08-01,2198.5,452.5,102.30000305175781,16.389999389648438,917.6500244140625,430.5,4576.72998046875,453024.0,4.051000118255615,2198.5,449.99810791015625,102.30000305175781,14.193547248840332,779.5771484375,413.9663391113281,4576.72998046875,453024.0,4.051000118255615
2023-08-02,2150.5,453.5,102.58999633789062,15.8100004196167,898.7999877929688,426.5,4513.39013671875,445226.0,4.078000068664551,2150.5,450.9925842285156,102.58999633789062,13.691274642944336,763.5633544921875,410.1199645996094,4513.39013671875,445226.0,4.078000068664551
2023-08-03,2168.25,437.0,102.54000091552734,15.680000305175781,906.4500122070312,408.5,4501.89013671875,441516.0,4.189000129699707,2168.25,434.58380126953125,102.54000091552734,13.578692436218262,770.0623779296875,392.811279296875,4501.89013671875,441516.0,4.189000129699707
2023-08-04,2172.0,430.5,102.0199966430664,16.350000381469727,943.4500122070312,414.5,4478.02978515625,451571.0,4.059999942779541,2172.0,428.1197509765625,102.0199966430664,14.158909797668457,809.0339965820312,398.5808410644531,4478.02978515625,451571.0,4.059999942779541
2023-08-07,2166.75,431.0,102.05000305175781,16.100000381469727,950.0,414.0,4518.43994140625,452401.0,4.078000068664551,2166.75,428.6169738769531,102.05000305175781,13.942412376403809,814.6508178710938,398.10003662109375,4518.43994140625,452401.0,4.078000068664551
2023-08-08,2133.0,443.5,102.52999877929688,16.729999542236328,986.4000244140625,432.5,4499.3798828125,466194.0,4.026000022888184,2133.0,441.0478820800781,102.52999877929688,14.487982749938965,845.8648681640625,415.8895263671875,4499.3798828125,466194.0,4.026000022888184
2023-08-09,2122.75,440.0,102.48999786376953,16.610000610351562,968.1500244140625,421.0,4467.7099609375,461281.0,4.01200008392334,2122.75,437.56719970703125,102.48999786376953,14.384065628051758,830.215087890625,404.8312072753906,4467.7099609375,461281.0,4.01200008392334
2023-08-10,2154.75,433.5,102.5199966430664,17.209999084472656,1006.5499877929688,412.0,4468.830078125,470381.0,4.079999923706055,2154.75,431.1031494140625,102.5199966430664,14.90365982055664,863.1441040039062,396.1768493652344,4468.830078125,470381.0,4.079999923706055
2023-08-11,2115.25,447.5,102.83999633789062,16.770000457763672,997.0499877929688,440.5,4464.0498046875,480253.0,4.168000221252441,2115.25,445.0257568359375,102.83999633789062,14.522623062133789,854.99755859375,423.582275390625,4464.0498046875,480253.0,4.168000221252441
2023-08-14,2081.0,474.0,103.19000244140625,15.800000190734863,971.0,459.5,4489.72021484375,496115.0,4.184000015258789,2081.0,471.37921142578125,103.19000244140625,13.68261432647705,832.6588745117188,441.8525695800781,4489.72021484375,496115.0,4.184000015258789
2023-08-15,2075.5,509.5,103.20999908447266,15.649999618530273,1002.1500244140625,489.5,4437.85986328125,527243.0,4.2210001945495605,2075.5,506.6829528808594,103.20999908447266,13.552718162536621,859.3709716796875,470.7004089355469,4437.85986328125,527243.0,4.2210001945495605
2023-08-16,2073.25,554.0,103.41999816894531,15.949999809265137,1139.5,507.0,4404.330078125,563125.0,4.257999897003174,2073.25,550.9368896484375,103.41999816894531,13.81251335144043,977.1522827148438,487.5282897949219,4404.330078125,563125.0,4.257999897003174
2023-08-17,2090.5,607.5,103.44000244140625,15.319999694824219,1108.050048828125,545.5,4370.35986328125,582323.0,4.308000087738037,2090.5,604.14111328125,103.44000244140625,13.266939163208008,950.18310546875,524.5496826171875,4370.35986328125,582323.0,4.308000087738037
2023-08-18,2081.0,599.0,103.37999725341797,15.170000076293945,1100.699951171875,563.0,4369.7099609375,584293.0,4.250999927520752,2081.0,595.6881103515625,103.37999725341797,13.137040138244629,943.8800048828125,541.3775634765625,4369.7099609375,584293.0,4.250999927520752
2023-08-21,2082.75,,103.33000183105469,15.029999732971191,,,4399.77001953125,,4.3420000076293945,2082.75,,103.33000183105469,13.015802383422852,,,4399.77001953125,,4.3420000076293945
2023-08-22,2114.25,612.5,103.55999755859375,15.539999961853027,1130.1500244140625,570.0,4387.5498046875,593947.0,4.328000068664551,2114.25,609.1134643554688,103.55999755859375,13.457454681396484,969.1343994140625,548.1087646484375,4387.5498046875,593947.0,4.328000068664551
2023-08-23,2131.0,649.0,103.36000061035156,16.530000686645508,1209.050048828125,588.5,4436.009765625,615499.0,4.197999954223633,2131.0,645.41162109375,103.36000061035156,14.31478500366211,1036.79296875,565.8982543945312,4436.009765625,615499.0,4.197999954223633
2023-08-24,2111.25,649.0,103.9800033569336,15.859999656677246,1189.550048828125,576.5,4376.31005859375,613509.0,4.235000133514404,2111.25,645.41162109375,103.9800033569336,13.854425430297852,1020.0714111328125,554.359130859375,4376.31005859375,613509.0,4.235000133514404
2023-08-25,2108.75,648.5,104.08000183105469,16.540000915527344,1258.0,597.0,4405.7099609375,631166.0,4.238999843597412,2108.75,644.9144287109375,104.08000183105469,14.44843864440918,1078.769287109375,574.07177734375,4405.7099609375,631166.0,4.238999843597412
2023-08-28,2139.25,660.0,104.05999755859375,17.809999465942383,1396.449951171875,600.0,4433.31005859375,665524.0,4.211999893188477,2139.25,656.350830078125,104.05999755859375,15.557838439941406,1197.4940185546875,576.95654296875,4433.31005859375,665524.0,4.211999893188477
2023-08-29,2125.25,656.0,103.55000305175781,18.25,1464.449951171875,612.0,4497.6298828125,683588.0,4.122000217437744,2125.25,652.3729248046875,103.55000305175781,15.942203521728516,1255.8060302734375,588.4957275390625,4497.6298828125,683588.0,4.122000217437744
2023-08-30,2165.25,646.5,103.16000366210938,18.139999389648438,1450.5999755859375,627.0,4514.8701171875,675841.0,4.118000030517578,2165.25,642.925537109375,103.16000366210938,15.846109390258789,1243.9288330078125,602.9196166992188,4514.8701171875,675841.0,4.118000030517578
2023-08-31,2175.5,622.5,103.62000274658203,18.079999923706055,1412.550048828125,615.0,4507.66015625,653603.0,4.0929999351501465,2175.5,619.0581665039062,103.62000274658203,15.793699264526367,1211.3001708984375,591.3804931640625,4507.66015625,653603.0,4.0929999351501465
2023-09-01,2216.25,607.0,104.23999786376953,17.579999923706055,1353.300048828125,608.0,4515.77001953125,634792.0,4.172999858856201,2216.25,603.6438598632812,104.23999786376953,15.356924057006836,1160.49169921875,584.6493530273438,4515.77001953125,634792.0,4.172999858856201
2023-09-04,,602.0,,,1354.0999755859375,601.0,,633243.0,,,598.6714477539062,,,1161.177734375,577.9181518554688,,633243.0,
2023-09-05,2180.0,579.5,104.80999755859375,16.809999465942383,1279.949951171875,553.5,4496.830078125,598133.0,4.26800012588501,2180.0,576.2959594726562,104.80999755859375,14.684294700622559,1097.591796875,532.242431640625,4496.830078125,598133.0,4.26800012588501
2023-09-06,2175.5,586.0,104.86000061035156,16.56999969482422,1262.550048828125,526.0,4465.47998046875,583983.0,4.289999961853027,2175.5,582.7599487304688,104.86000061035156,14.47464370727539,1082.671142578125,505.798583984375,4465.47998046875,583983.0,4.289999961853027
2023-09-07,2171.25,560.5,105.05999755859375,16.329999923706055,1169.1500244140625,502.5,4451.14013671875,548015.0,4.260000228881836,2171.25,557.4009399414062,105.05999755859375,14.264994621276855,1009.33056640625,483.2011413574219,4451.14013671875,548015.0,4.260000228881836
2023-09-08,2154.75,564.5,105.08999633789062,15.859999656677246,1133.949951171875,503.0,4457.490234375,532550.0,4.257999897003174,2154.75,561.3788452148438,105.08999633789062,13.854425430297852,978.9422607421875,483.6819152832031,4457.490234375,532550.0,4.257999897003174
2023-09-11,2179.25,531.5,104.56999969482422,15.739999771118164,1101.5,469.5,4487.4599609375,514074.0,4.288000106811523,2179.25,528.5613403320312,104.56999969482422,13.749603271484375,950.9281005859375,451.468505859375,4487.4599609375,514074.0,4.288000106811523
2023-09-12,2192.25,539.5,104.70999908447266,15.970000267028809,1166.800048828125,487.0,4461.89990234375,538085.0,4.263999938964844,2192.25,536.5170288085938,104.70999908447266,13.950518608093262,1007.3016967773438,468.2964172363281,4461.89990234375,538085.0,4.263999938964844
2023-09-13,2201.25,575.0,104.7699966430664,16.049999237060547,1173.050048828125,517.0,4467.43994140625,553410.0,4.249000072479248,2201.25,571.82080078125,104.7699966430664,14.020398139953613,1012.6974487304688,497.1442565917969,4467.43994140625,553410.0,4.249000072479248
2023-09-14,2202.25,613.5,105.41000366210938,16.229999542236328,1194.949951171875,564.5,4505.10009765625,571753.0,4.288000106811523,2202.25,610.1079711914062,105.41000366210938,14.177638053894043,1031.603515625,542.8199462890625,4505.10009765625,571753.0,4.288000106811523
2023-09-15,2167.25,639.0,105.31999969482422,15.869999885559082,1167.050048828125,595.0,4450.31982421875,567513.0,4.322000026702881,2167.25,635.4669799804688,105.31999969482422,13.863160133361816,1007.5175170898438,572.1486206054688,4450.31982421875,567513.0,4.322000026702881
2023-09-18,2202.0,654.5,105.19999694824219,16.309999465942383,1191.550048828125,629.0,4453.52978515625,585205.0,4.318999767303467,2202.0,650.8812255859375,105.19999694824219,14.247520446777344,1028.66845703125,604.8428344726562,4453.52978515625,585205.0,4.318999767303467
2023-09-19,2188.75,640.0,105.19999694824219,15.789999961853027,1166.550048828125,630.0,4443.9501953125,576676.0,4.364999771118164,2188.75,636.46142578125,105.19999694824219,13.793277740478516,1007.0859375,605.8043823242188,4443.9501953125,576676.0,4.364999771118164
2023-09-20,2236.0,628.5,105.16000366210938,15.3100004196167,1124.300048828125,602.5,4402.2001953125,562033.0,4.348999977111816,2236.0,625.0250244140625,105.16000366210938,13.373977661132812,970.6113891601562,579.3605346679688,4402.2001953125,562033.0,4.348999977111816
2023-09-21,2188.75,593.5,105.36000061035156,14.949999809265137,1096.5,580.0,4330.0,553755.0,4.480000019073486,2188.75,590.2184448242188,105.36000061035156,13.059500694274902,946.6114501953125,557.7246704101562,4330.0,553755.0,4.480000019073486
2023-09-22,2215.5,604.0,105.58000183105469,14.640000343322754,1099.4000244140625,581.0,4320.06005859375,553392.0,4.438000202178955,2215.5,600.6604614257812,105.58000183105469,12.887839317321777,949.1151733398438,558.686279296875,4320.06005859375,553392.0,4.438000202178955
2023-09-25,2209.0,605.5,106.0,14.289999961853027,1082.800048828125,589.0,4337.43994140625,548545.0,4.541999816894531,2209.0,602.1521606445312,106.0,12.579727172851562,934.7843017578125,566.3790283203125,4337.43994140625,548545.0,4.541999816894531
2023-09-26,2228.25,619.5,106.2300033569336,13.84000015258789,1067.5,580.5,4273.52978515625,543252.0,4.558000087738037,2228.25,616.07470703125,106.2300033569336,12.183587074279785,921.57568359375,558.2055053710938,4273.52978515625,543252.0,4.558000087738037
2023-09-27,2232.75,625.5,106.66999816894531,13.760000228881836,1086.0,592.5,4274.509765625,557024.0,4.625999927520752,2232.75,622.0415649414062,106.66999816894531,12.113162994384766,937.547119140625,569.74462890625,4274.509765625,557024.0,4.625999927520752
2023-09-28,2271.75,660.0,106.22000122070312,13.869999885559082,1128.050048828125,622.5,4299.7001953125,581469.0,4.5970001220703125,2271.75,656.350830078125,106.22000122070312,12.209994316101074,973.848876953125,598.5924682617188,4299.7001953125,581469.0,4.5970001220703125
2023-09-29,2329.5,657.0,106.16999816894531,13.050000190734863,1069.5999755859375,614.0,4288.0498046875,562569.0,4.572999954223633,2329.5,653.367431640625,106.16999816894531,11.488137245178223,923.3887329101562,590.4188842773438,4288.0498046875,562569.0,4.572999954223633
2023-10-02,2310.25,665.0,106.9000015258789,12.649999618530273,1043.25,589.5,4288.39013671875,556828.0,4.683000087738037,2310.25,661.3231811523438,106.9000015258789,11.136008262634277,900.640625,566.8598022460938,4288.39013671875,556828.0,4.683000087738037
2023-10-03,2287.0,676.0,107.0,12.119999885559082,1040.550048828125,618.5,4229.4501953125,561427.0,4.802000045776367,2287.0,672.2623291015625,107.0,10.669441223144531,898.3096923828125,594.74609375,4229.4501953125,561427.0,4.802000045776367
2023-10-04,2242.25,719.0,106.80000305175781,12.270000457763672,1102.699951171875,666.5,4263.75,593740.0,4.735000133514404,2242.25,715.024658203125,106.80000305175781,10.80148983001709,951.9639892578125,640.902587890625,4263.75,593740.0,4.735000133514404
2023-10-05,2224.5,763.0,106.33000183105469,12.680000305175781,1126.0,730.0,4258.18994140625,613072.0,4.7170000076293945,2224.5,758.7813720703125,106.33000183105469,11.162421226501465,972.0791015625,701.9638061523438,4258.18994140625,613072.0,4.7170000076293945
2023-10-06,2227.25,841.0,106.04000091552734,12.770000457763672,1104.800048828125,799.0,4308.5,628918.0,4.783999919891357,2227.25,836.35009765625,106.04000091552734,11.241649627685547,953.777099609375,768.3138427734375,4308.5,628918.0,4.783999919891357
2023-10-09,2224.75,915.0,106.08000183105469,12.380000114440918,1083.4000244140625,848.5,4335.66015625,648631.0,4.796999931335449,2224.75,909.94091796875,106.08000183105469,10.898324012756348,935.3023681640625,815.9127197265625,4335.66015625,648631.0,4.796999931335449
2023-10-10,2198.0,994.0,105.83000183105469,12.029999732971191,1147.0999755859375,868.0,4358.240234375,697834.0,4.65500020980835,2198.0,988.5040893554688,105.83000183105469,10.5902099609375,990.29443359375,834.663818359375,4358.240234375,697834.0,4.65500020980835
2023-10-11,2196.25,1084.0,105.81999969482422,12.399999618530273,1140.449951171875,923.5,4376.9501953125,716544.0,4.59499979019165,2196.25,1078.006591796875,105.81999969482422,10.915928840637207,984.5534057617188,888.0323486328125,4376.9501953125,716544.0,4.59499979019165
2023-10-12,2185.5,1170.5,106.56999969482422,12.100000381469727,1151.6500244140625,1073.5,4349.60986328125,760674.0,4.711999893188477,2185.5,1164.0283203125,106.56999969482422,10.651836395263672,994.2227783203125,1032.271484375,4349.60986328125,760674.0,4.711999893188477
2023-10-13,2181.5,,106.6500015258789,11.930000305175781,,,4327.77978515625,,4.629000186920166,2181.5,,106.6500015258789,10.502179145812988,,,4327.77978515625,,4.629000186920166
2023-10-16,2169.25,,106.23999786376953,12.600000381469727,,,4373.6298828125,,4.711999893188477,2169.25,,106.23999786376953,11.091991424560547,,,4373.6298828125,,4.711999893188477
2023-10-17,2166.5,1276.5,106.25,12.489999771118164,1214.199951171875,1144.5,4373.2001953125,823683.0,4.8470001220703125,2166.5,1269.442138671875,106.25,10.995157241821289,1048.22216796875,1100.544677734375,4373.2001953125,823683.0,4.8470001220703125
2023-10-18,2175.75,1216.0,106.56999969482422,12.289999961853027,1178.25,1109.5,4314.60009765625,798907.0,4.9039998054504395,2175.75,1209.276611328125,106.56999969482422,10.819092750549316,1017.1863403320312,1066.888916015625,4314.60009765625,798907.0,4.9039998054504395
2023-10-19,2184.0,1080.5,106.25,11.670000076293945,1127.300048828125,1104.0,4278.0,764079.0,4.98799991607666,2184.0,1074.52587890625,106.25,10.273299217224121,973.2014770507812,1061.60009765625,4278.0,764079.0,4.98799991607666
2023-10-20,2177.0,1120.5,106.16000366210938,11.329999923706055,1156.25,1123.0,4224.16015625,800805.0,4.923999786376953,2177.0,1114.3046875,106.16000366210938,9.973991394042969,998.19384765625,1079.870361328125,4224.16015625,800805.0,4.923999786376953
2023-10-23,2174.25,903.5,105.54000091552734,11.479999542236328,1129.550048828125,866.5,4217.0400390625,701205.0,4.8379998207092285,2174.25,898.5045166015625,105.54000091552734,10.106036186218262,975.1438598632812,833.221435546875,4217.0400390625,701205.0,4.8379998207092285
2023-10-24,2184.0,925.0,106.2699966430664,11.069999694824219,1011.1500244140625,810.0,4247.68017578125,654137.0,4.840000152587891,2184.0,919.8856201171875,106.2699966430664,9.74510669708252,872.9287719726562,778.891357421875,4247.68017578125,654137.0,4.840000152587891
2023-10-25,2213.25,979.0,106.52999877929688,11.84000015258789,1083.699951171875,890.5,4186.77001953125,686238.0,4.953000068664551,2213.25,973.5870361328125,106.52999877929688,10.422953605651855,935.5613403320312,856.2996826171875,4186.77001953125,686238.0,4.953000068664551
2023-10-26,2193.5,1019.0,106.5999984741211,11.930000305175781,1068.300048828125,869.5,4137.22998046875,673103.0,4.84499979019165,2193.5,1013.3659057617188,106.5999984741211,10.502179145812988,922.2664794921875,836.106201171875,4137.22998046875,673103.0,4.84499979019165
2023-10-27,2222.75,1043.0,106.55999755859375,11.75,1024.449951171875,882.5,4117.3701171875,655565.0,4.84499979019165,2222.75,1037.233154296875,106.55999755859375,10.343724250793457,884.4105834960938,848.60693359375,4117.3701171875,655565.0,4.84499979019165
2023-10-30,2263.75,892.0,106.12000274658203,11.130000114440918,951.2000122070312,755.5,4166.81982421875,591692.0,4.875,2263.75,887.068115234375,106.12000274658203,9.797927856445312,821.1736450195312,726.4844970703125,4166.81982421875,591692.0,4.875
2023-10-31,2251.5,809.0,106.66000366210938,11.210000038146973,982.4500122070312,706.5,4193.7998046875,579150.0,4.875,2251.5,804.5270385742188,106.66000366210938,9.868352890014648,848.15185546875,679.3663330078125,4193.7998046875,579150.0,4.875
2023-11-01,2235.25,810.0,106.87999725341797,11.949999809265137,1065.050048828125,717.5,4237.85986328125,616255.0,4.789000034332275,2235.25,805.521484375,106.87999725341797,10.51978588104248,919.4608154296875,689.9439086914062,4237.85986328125,616255.0,4.789000034332275
2023-11-02,2221.25,904.0,106.12000274658203,12.3100004196167,1097.1500244140625,821.5,4317.77978515625,654095.0,4.669000148773193,2221.25,899.001708984375,106.12000274658203,10.836701393127441,947.1727294921875,789.94970703125,4317.77978515625,654095.0,4.669000148773193
2023-11-03,2246.0,907.0,105.0199966430664,12.4399995803833,1080.0,798.0,4358.33984375,637284.0,4.558000087738037,2246.0,901.9851684570312,105.0199966430664,10.951141357421875,932.3671875,767.3522338867188,4358.33984375,637284.0,4.558000087738037
2023-11-06,2275.5,,105.22000122070312,12.039999961853027,,,4365.97998046875,,4.6620001792907715,2275.5,,105.22000122070312,10.599016189575195,,,4365.97998046875,,4.6620001792907715
2023-11-07,2251.5,848.5,105.54000091552734,12.069999694824219,1035.0999755859375,766.5,4378.3798828125,611207.0,4.571000099182129,2251.5,843.8086547851562,105.54000091552734,10.6254243850708,893.604736328125,737.06201171875,4378.3798828125,611207.0,4.571000099182129
2023-11-08,2251.25,805.5,105.58999633789062,11.720000267028809,1003.5499877929688,732.0,4382.77978515625,584970.0,4.5229997634887695,2251.25,801.0463256835938,105.58999633789062,10.317314147949219,866.3676147460938,703.8870239257812,4382.77978515625,584970.0,4.5229997634887695
2023-11-09,2232.0,934.0,105.91000366210938,11.770000457763672,1033.8499755859375,845.0,4347.35009765625,623996.0,4.630000114440918,2232.0,928.8359375,105.91000366210938,10.36133098602295,892.5256958007812,812.5471801757812,4347.35009765625,623996.0,4.630000114440918
2023-11-10,2206.0,1000.0,105.86000061035156,11.779999732971191,1068.5,919.0,4415.240234375,660275.0,4.627999782562256,2206.0,994.470947265625,105.86000061035156,10.370133399963379,922.43896484375,883.7051391601562,4415.240234375,660275.0,4.627999782562256
2023-11-13,2216.5,962.0,105.66000366210938,11.65999984741211,1039.75,873.5,4411.5498046875,636964.0,4.631999969482422,2216.5,956.6810913085938,105.66000366210938,10.264495849609375,897.6189575195312,839.95263671875,4411.5498046875,636964.0,4.631999969482422
2023-11-14,2204.0,926.5,104.11000061035156,11.960000038146973,1034.25,838.5,4495.7001953125,634516.0,4.440999984741211,2204.0,921.3773803710938,104.11000061035156,10.528590202331543,892.8710327148438,806.2968139648438,4495.7001953125,634516.0,4.440999984741211
2023-11-15,2199.75,907.5,104.38999938964844,11.989999771118164,1053.0999755859375,813.5,4502.8798828125,629362.0,4.534999847412109,2199.75,902.4823608398438,104.38999938964844,10.555002212524414,909.1442260742188,782.2569580078125,4502.8798828125,629362.0,4.534999847412109
2023-11-16,2179.75,856.5,104.37000274658203,11.869999885559082,1019.7000122070312,750.5,4508.240234375,602278.0,4.445000171661377,2179.75,851.7643432617188,104.37000274658203,10.449360847473145,880.3098754882812,721.676513671875,4508.240234375,602278.0,4.445000171661377
2023-11-17,2177.5,902.5,103.81999969482422,12.5,1112.9000244140625,791.0,4514.02001953125,645080.0,4.440999984741211,2177.5,897.510009765625,103.81999969482422,11.003962516784668,960.7697143554688,760.62109375,4514.02001953125,645080.0,4.440999984741211
2023-11-20,2208.0,,103.47000122070312,14.649999618530273,,,4547.3798828125,,4.421999931335449,2208.0,,103.47000122070312,12.896642684936523,,,4547.3798828125,,4.421999931335449
2023-11-21,2219.25,1022.5,103.58999633789062,14.5600004196167,1322.3499755859375,928.5,4538.18994140625,792443.0,4.418000221252441,2219.25,1016.8465576171875,103.58999633789062,12.817415237426758,1141.58837890625,892.8402709960938,4538.18994140625,792443.0,4.418000221252441
2023-11-22,2188.0,1079.0,103.91999816894531,13.5,1312.3499755859375,1011.5,4556.6201171875,838617.0,4.415999889373779,2188.0,1073.0340576171875,103.91999816894531,11.884276390075684,1132.9554443359375,972.652587890625,4556.6201171875,838617.0,4.415999889373779
2023-11-23,,1111.0,,,1365.199951171875,1024.5,,878971.0,,,1104.857177734375,,,1178.5809326171875,985.1533203125,,878971.0,
2023-11-24,2200.25,1038.0,103.4000015258789,15.319999694824219,1520.699951171875,946.5,4559.33984375,917599.0,4.4720001220703125,2200.25,1032.2608642578125,103.4000015258789,13.486454963684082,1312.82470703125,910.1489868164062,4559.33984375,917599.0,4.4720001220703125
2023-11-27,2184.75,912.5,103.19999694824219,16.81999969482422,1600.550048828125,831.0,4550.43017578125,843665.0,4.388999938964844,2184.75,907.4547729492188,103.19999694824219,14.806930541992188,1381.7596435546875,799.0848388671875,4550.43017578125,843665.0,4.388999938964844
2023-11-28,2188.5,834.0,102.75,16.8799991607666,1438.8499755859375,757.5,4554.89013671875,773420.0,4.335999965667725,2188.5,829.3887939453125,102.75,14.859747886657715,1242.1632080078125,728.4076538085938,4554.89013671875,773420.0,4.335999965667725
2023-11-29,2171.5,895.5,102.7699966430664,17.31999969482422,1480.199951171875,790.0,4550.580078125,790377.0,4.270999908447266,2171.5,890.5487670898438,102.7699966430664,15.247088432312012,1277.8609619140625,759.6594848632812,4550.580078125,790377.0,4.270999908447266
2023-11-30,2160.25,956.5,103.5,17.18000030517578,1505.0,826.0,4567.7998046875,813394.0,4.3520002365112305,2160.25,951.21142578125,103.5,15.123845100402832,1299.2706298828125,794.27685546875,4567.7998046875,813394.0,4.3520002365112305
2023-12-01,2174.5,1050.0,103.2699966430664,16.93000030517578,1600.3499755859375,919.0,4594.6298828125,870169.0,4.22599983215332,2174.5,1044.1944580078125,103.2699966430664,14.903766632080078,1381.586669921875,883.7051391601562,4594.6298828125,870169.0,4.22599983215332
2023-12-04,2148.75,1026.0,103.63999938964844,16.8799991607666,1521.449951171875,920.0,4569.77978515625,845384.0,4.288000106811523,2148.75,1020.3271484375,103.63999938964844,14.859747886657715,1313.4720458984375,884.666748046875,4569.77978515625,845384.0,4.288000106811523
2023-12-05,2126.0,986.0,104.05000305175781,17.31999969482422,1641.3499755859375,882.0,4567.18017578125,885270.0,4.171000003814697,2126.0,980.5484008789062,104.05000305175781,15.247088432312012,1416.98193359375,848.1261596679688,4567.18017578125,885270.0,4.171000003814697
2023-12-06,2109.75,1024.5,104.1500015258789,16.93000030517578,1631.3499755859375,941.5,4549.33984375,894502.0,4.120999813079834,2109.75,1018.8355102539062,104.1500015258789,14.903766632080078,1408.348876953125,905.3410034179688,4549.33984375,894502.0,4.120999813079834
2023-12-07,2092.5,1097.0,103.54000091552734,17.0,1657.0,1004.0,4585.58984375,941830.0,4.129000186920166,2092.5,1090.9346923828125,103.54000091552734,14.965386390686035,1430.4927978515625,965.440673828125,4585.58984375,941830.0,4.129000186920166
2023-12-08,2109.0,,104.01000213623047,17.5,,,4604.3701171875,,4.244999885559082,2109.0,,104.01000213623047,15.405547142028809,,,4604.3701171875,,4.244999885559082
2023-12-11,2093.25,1119.0,104.0999984741211,17.469999313354492,1756.3499755859375,991.0,4622.43994140625,976823.0,4.238999843597412,2093.25,1112.81298828125,104.0999984741211,15.37913703918457,1516.2618408203125,952.93994140625,4622.43994140625,976823.0,4.238999843597412
2023-12-12,2093.25,1115.5,103.87000274658203,17.280000686645508,1780.8499755859375,1003.0,4643.7001953125,1010022.0,4.205999851226807,2093.25,1109.3323974609375,103.87000274658203,15.211874961853027,1537.412841796875,964.4790649414062,4643.7001953125,1010022.0,4.205999851226807
2023-12-13,2113.5,1044.5,102.87000274658203,17.860000610351562,1827.300048828125,929.0,4707.08984375,1003484.0,4.0329999923706055,2113.5,1038.724853515625,102.87000274658203,15.722458839416504,1577.51318359375,893.3211059570312,4707.08984375,1003484.0,4.0329999923706055
2023-12-14,2175.0,1026.5,101.95999908447266,17.329999923706055,1788.8499755859375,882.0,4719.5498046875,989696.0,3.930000066757202,2175.0,1020.8244018554688,101.95999908447266,15.25589370727539,1544.3192138671875,848.1261596679688,4719.5498046875,989696.0,3.930000066757202
2023-12-15,2207.5,923.0,102.55000305175781,16.450000762939453,1652.5,810.0,4719.18994140625,925658.0,3.927999973297119,2207.5,917.8966674804688,102.55000305175781,14.48121452331543,1426.60791015625,778.891357421875,4719.18994140625,925658.0,3.927999973297119
2023-12-18,2237.75,951.5,102.51000213623047,17.010000228881836,1646.699951171875,815.5,4740.56005859375,921877.0,3.9539999961853027,2237.75,946.2391357421875,102.51000213623047,14.974193572998047,1421.6007080078125,784.1801147460938,4740.56005859375,921877.0,3.9539999961853027
2023-12-19,2211.25,989.5,102.16999816894531,16.729999542236328,1601.1500244140625,837.0,4768.3701171875,914461.0,3.921999931335449,2211.25,984.0289916992188,102.16999816894531,14.727701187133789,1382.27734375,804.8544311523438,4768.3701171875,914461.0,3.921999931335449
2023-12-20,2187.75,952.5,102.41000366210938,17.510000228881836,1674.949951171875,825.0,4698.35009765625,919911.0,3.877000093460083,2187.75,947.2335815429688,102.41000366210938,15.414347648620605,1445.9891357421875,793.3153076171875,4698.35009765625,919911.0,3.877000093460083
2023-12-21,2184.25,949.0,101.83999633789062,17.770000457763672,1723.0999755859375,858.0,4746.75,942904.0,3.8940000534057617,2184.25,943.7528686523438,101.83999633789062,15.643234252929688,1487.5570068359375,825.0479125976562,4746.75,942904.0,3.8940000534057617
2023-12-22,2268.0,941.5,101.69999694824219,18.200000762939453,1756.1500244140625,845.5,4754.6298828125,948474.0,3.9010000228881836,2268.0,936.29443359375,101.69999694824219,16.021770477294922,1516.0892333984375,813.0279541015625,4754.6298828125,948474.0,3.9010000228881836
2023-12-26,2251.5,887.0,101.47000122070312,17.81999969482422,1664.1500244140625,800.0,4774.75,913125.0,3.885999917984009,2251.5,882.0957641601562,101.47000122070312,15.687246322631836,1436.66552734375,769.2754516601562,4774.75,913125.0,3.885999917984009
2023-12-27,2327.5,840.0,100.98999786376953,17.729999542236328,1600.3499755859375,769.0,4781.580078125,872972.0,3.7890000343322754,2327.5,835.3556518554688,100.98999786376953,15.608020782470703,1381.586669921875,739.4660034179688,4781.580078125,872972.0,3.7890000343322754
2023-12-28,2319.0,870.0,101.2300033569336,17.360000610351562,1664.6500244140625,816.5,4783.35009765625,904067.0,3.8499999046325684,2319.0,865.346435546875,101.2300033569336,15.282302856445312,1437.09716796875,785.1417236328125,4783.35009765625,904067.0,3.8499999046325684
2023-12-29,2332.25,920.5,101.33000183105469,17.270000457763672,1677.0,849.0,4769.830078125,929704.0,3.865999937057495,2332.25,915.5762939453125,101.33000183105469,15.203073501586914,1447.758544921875,816.3935546875,4769.830078125,929704.0,3.865999937057495
2024-01-02,2278.75,902.5,102.19999694824219,16.959999084472656,1685.949951171875,825.0,4742.830078125,930420.0,3.946000099182129,2278.75,897.672607421875,102.19999694824219,14.930174827575684,1455.4854736328125,793.3153076171875,4742.830078125,930420.0,3.946000099182129
2024-01-03,2251.0,945.0,102.45999908447266,16.780000686645508,1771.699951171875,865.0,4704.81005859375,972412.0,3.9070000648498535,2251.0,939.9452514648438,102.45999908447266,14.771718978881836,1529.5135498046875,831.779052734375,4704.81005859375,972412.0,3.9070000648498535
2024-01-04,2218.25,1016.5,102.41999816894531,16.239999771118164,1800.550048828125,933.0,4688.68017578125,1004790.0,3.990999937057495,2218.25,1011.0628051757812,102.41999816894531,14.296346664428711,1554.419921875,897.16748046875,4688.68017578125,1004790.0,3.990999937057495
2024-01-05,2203.0,1083.5,102.41000366210938,16.489999771118164,1889.199951171875,1011.5,4697.240234375,1055381.0,4.041999816894531,2203.0,1077.7044677734375,102.41000366210938,14.516427993774414,1630.9517822265625,972.652587890625,4697.240234375,1055381.0,4.041999816894531
2024-01-08,2168.5,1083.5,102.20999908447266,16.600000381469727,1997.199951171875,986.0,4763.5400390625,1104913.0,4.001999855041504,2168.5,1077.7044677734375,102.20999908447266,14.613259315490723,1724.1884765625,948.1319580078125,4763.5400390625,1104913.0,4.001999855041504
2024-01-09,2182.5,1057.0,102.56999969482422,15.489999771118164,1892.25,941.0,4756.5,1060581.0,4.019000053405762,2182.5,1051.3460693359375,102.56999969482422,13.636110305786133,1633.584716796875,904.8602294921875,4756.5,1060581.0,4.019000053405762
2024-01-10,2178.5,1056.0,102.36000061035156,16.09000015258789,1918.449951171875,947.5,4783.4501953125,1070425.0,4.03000020980835,2178.5,1050.3515625,102.36000061035156,14.164299964904785,1656.203369140625,911.110595703125,4783.4501953125,1070425.0,4.03000020980835
2024-01-11,2179.75,1010.0,102.29000091552734,15.779999732971191,1844.449951171875,919.5,4780.240234375,1043924.0,3.9769999980926514,2179.75,1004.5975952148438,102.29000091552734,13.891402244567871,1592.3192138671875,884.1859741210938,4780.240234375,1043924.0,3.9769999980926514
2024-01-12,2167.5,959.0,102.4000015258789,15.979999542236328,1851.25,886.5,4783.830078125,1033123.0,3.950000047683716,2167.5,953.870361328125,102.4000015258789,14.067461967468262,1598.1893310546875,852.4533081054688,4783.830078125,1033123.0,3.950000047683716
2024-01-15,,967.5,,,1846.800048828125,881.0,,1038358.0,,,962.3248901367188,,,1594.347900390625,847.16455078125,,1038358.0,
2024-01-16,2161.75,998.5,103.36000061035156,15.680000305175781,1882.0999755859375,920.0,4765.97998046875,1057770.0,4.065999984741211,2161.75,993.1591186523438,103.36000061035156,13.80336856842041,1624.8223876953125,884.666748046875,4765.97998046875,1057770.0,4.065999984741211
2024-01-17,2148.75,1040.5,103.44999694824219,16.260000228881836,2052.5,971.0,4739.2099609375,1124212.0,4.105999946594238,2148.75,1034.9344482421875,103.44999694824219,14.313953399658203,1771.9288330078125,933.7080688476562,4739.2099609375,1124212.0,4.105999946594238
2024-01-18,2136.5,1020.5,103.54000091552734,16.670000076293945,2108.25,953.5,4780.93994140625,1133638.0,4.144000053405762,2136.5,1015.0413818359375,103.54000091552734,14.674883842468262,1820.0582275390625,916.880126953125,4780.93994140625,1133638.0,4.144000053405762
2024-01-19,2127.5,1007.0,103.29000091552734,17.190000534057617,2248.800048828125,955.0,4839.81005859375,1174875.0,4.145999908447266,2127.5,1001.6136474609375,103.29000091552734,15.132647514343262,1941.3953857421875,918.3225708007812,4839.81005859375,1174875.0,4.145999908447266
2024-01-22,2127.5,1010.5,103.33000183105469,18.18000030517578,2402.699951171875,982.5,4850.43017578125,1219960.0,4.093999862670898,2127.5,1005.0949096679688,103.33000183105469,16.00416374206543,2074.2578125,944.766357421875,4850.43017578125,1219960.0,4.093999862670898
2024-01-23,2184.25,1036.0,103.62000274658203,18.389999389648438,2373.0,1002.0,4864.60009765625,1206469.0,4.142000198364258,2184.25,1030.45849609375,103.62000274658203,16.189029693603516,2048.6181640625,963.5174560546875,4864.60009765625,1206469.0,4.142000198364258
2024-01-24,2186.25,1075.0,103.23999786376953,19.0,2475.199951171875,1083.0,4868.5498046875,1251660.0,4.177999973297119,2186.25,1069.2498779296875,103.23999786376953,16.72601890563965,2136.84765625,1041.4066162109375,4868.5498046875,1251660.0,4.177999973297119
2024-01-25,2194.5,1086.0,103.56999969482422,20.31999969482422,2602.550048828125,1094.0,4894.16015625,1284940.0,4.131999969482422,2194.5,1080.1910400390625,103.56999969482422,17.888036727905273,2246.788330078125,1051.984130859375,4894.16015625,1284940.0,4.131999969482422
2024-01-26,2226.0,1039.5,103.47000122070312,21.280000686645508,2616.949951171875,1033.5,4890.97021484375,1253620.0,4.159999847412109,2226.0,1033.939697265625,103.47000122070312,18.733144760131836,2259.22021484375,993.8076782226562,4890.97021484375,1253620.0,4.159999847412109
2024-01-29,2219.5,1024.0,103.61000061035156,21.280000686645508,2669.800048828125,1045.5,4927.93017578125,1253608.0,4.091000080108643,2219.5,1018.522705078125,103.61000061035156,18.733144760131836,2304.845947265625,1005.3468017578125,4927.93017578125,1253608.0,4.091000080108643
2024-01-30,2227.5,1016.5,103.4000015258789,21.5,2744.10009765625,1022.5,4924.97021484375,1267134.0,4.059000015258789,2227.5,1011.0628051757812,103.4000015258789,18.92681312561035,2368.9892578125,983.2301635742188,4924.97021484375,1267134.0,4.059000015258789
2024-01-31,2235.5,1032.0,103.2699966430664,21.610000610351562,2751.60009765625,1021.5,4845.64990234375,1260563.0,3.9670000076293945,2235.5,1026.4798583984375,103.2699966430664,19.023651123046875,2375.4638671875,982.2685546875,4845.64990234375,1260563.0,3.9670000076293945
2024-02-01,2209.25,1070.0,103.05000305175781,21.829999923706055,2806.25,1051.5,4906.18994140625,1302467.0,3.86299991607666,2209.25,1064.276611328125,103.05000305175781,19.217317581176758,2422.643310546875,1011.1163940429688,4906.18994140625,1302467.0,3.86299991607666
2024-02-02,2196.75,1071.0,103.91999816894531,21.899999618530273,2830.89990234375,1066.5,4958.60986328125,1316204.0,4.0329999923706055,2196.75,1065.2713623046875,103.91999816894531,19.278942108154297,2443.923828125,1025.540283203125,4958.60986328125,1316204.0,4.0329999923706055
2024-02-05,2176.75,1042.0,104.44999694824219,20.770000457763672,2692.699951171875,1057.0,4942.81005859375,1260998.0,4.164000034332275,2176.75,1036.426513671875,104.44999694824219,18.284183502197266,2324.616455078125,1016.4051513671875,4942.81005859375,1260998.0,4.164000034332275
2024-02-06,2199.0,1018.5,104.18000030517578,20.65999984741211,2569.300048828125,996.5,4954.22998046875,1215654.0,4.090000152587891,2199.0,1013.0521240234375,104.18000030517578,18.187347412109375,2218.084228515625,958.2286987304688,4954.22998046875,1215654.0,4.090000152587891
2024-02-07,2188.5,998.5,104.04000091552734,19.31999969482422,2413.550048828125,950.5,4995.06005859375,1152888.0,4.110000133514404,2188.5,993.1591186523438,104.04000091552734,17.00772476196289,2083.624755859375,913.995361328125,4995.06005859375,1152888.0,4.110000133514404
2024-02-08,2189.75,973.5,104.1500015258789,18.149999618530273,2303.949951171875,920.0,4997.91015625,1115907.0,4.170000076293945,2189.75,968.2927856445312,104.1500015258789,15.977751731872559,1989.0064697265625,884.666748046875,4997.91015625,1115907.0,4.170000076293945
2024-02-09,2182.0,994.0,104.08000183105469,19.0,2324.85009765625,920.5,5026.60986328125,1128511.0,4.186999797821045,2182.0,988.6831665039062,104.08000183105469,16.72601890563965,2007.049560546875,885.1475219726562,5026.60986328125,1128511.0,4.186999797821045
2024-02-12,2191.25,,104.16999816894531,19.25,,,5021.83984375,,4.171999931335449,2191.25,,104.16999816894531,16.94610023498535,,,5021.83984375,,4.171999931335449
2024-02-13,2186.0,,104.95999908447266,19.3700008392334,,,4953.169921875,,4.315999984741211,2186.0,,104.95999908447266,17.051740646362305,,,4953.169921875,,4.315999984741211
2024-02-14,2202.0,940.5,104.72000122070312,19.850000381469727,2355.949951171875,896.5,5000.6201171875,1105580.0,4.267000198364258,2202.0,935.4692993164062,104.72000122070312,17.47429084777832,2033.898193359375,862.0692749023438,5000.6201171875,1105580.0,4.267000198364258
2024-02-15,2186.5,904.5,104.30000305175781,20.149999618530273,2348.050048828125,892.5,5029.72998046875,1093752.0,4.239999771118164,2186.5,899.661865234375,104.30000305175781,17.738386154174805,2027.078125,858.222900390625,5029.72998046875,1093752.0,4.239999771118164
2024-02-16,2176.25,894.5,104.27999877929688,20.559999465942383,2309.199951171875,879.0,5005.56982421875,1065369.0,4.295000076293945,2176.25,889.7153930664062,104.27999877929688,18.099315643310547,1993.538818359375,845.2413940429688,5005.56982421875,1065369.0,4.295000076293945
2024-02-19,,912.5,,,2311.550048828125,889.0,,1072261.0,,,907.619140625,,,1995.56787109375,854.8572998046875,,1072261.0,
2024-02-20,2148.5,885.0,104.08000183105469,20.770000457763672,2329.699951171875,836.0,4975.509765625,1059716.0,4.275000095367432,2148.5,880.2662353515625,104.08000183105469,18.284183502197266,2011.2364501953125,803.892822265625,4975.509765625,1059716.0,4.275000095367432
2024-02-21,2175.5,826.0,104.01000213623047,20.780000686645508,2303.0,795.5,4981.7998046875,1039512.0,4.324999809265137,2175.5,821.581787109375,104.01000213623047,18.292987823486328,1988.1866455078125,764.9482421875,4981.7998046875,1039512.0,4.324999809265137
2024-02-22,2144.25,823.0,103.95999908447266,21.510000228881836,2436.050048828125,803.5,5087.02978515625,1076030.0,4.327000141143799,2144.25,818.5978393554688,103.95999908447266,18.93562126159668,2103.048828125,772.6409912109375,5087.02978515625,1076030.0,4.327000141143799
2024-02-23,2131.25,886.0,103.94000244140625,21.959999084472656,2472.800048828125,869.0,5088.7998046875,1105610.0,4.260000228881836,2131.25,881.2608642578125,103.94000244140625,19.331758499145508,2134.77490234375,835.6254272460938,5088.7998046875,1105610.0,4.260000228881836
2024-02-26,2129.25,895.0,103.83000183105469,22.68000030517578,2475.949951171875,865.0,5069.52978515625,1080444.0,4.298999786376953,2129.25,890.2127075195312,103.83000183105469,19.965587615966797,2137.494384765625,831.779052734375,5069.52978515625,1080444.0,4.298999786376953
2024-02-27,2131.75,825.0,103.83000183105469,21.610000610351562,2368.85009765625,795.0,5078.18017578125,1034335.0,4.315000057220459,2131.75,820.587158203125,103.83000183105469,19.023651123046875,2045.035400390625,764.4674682617188,5078.18017578125,1034335.0,4.315000057220459
2024-02-28,2132.0,752.0,103.9800033569336,21.739999771118164,2318.800048828125,745.5,5069.759765625,998835.0,4.27400016784668,2132.0,747.9776611328125,103.9800033569336,19.13808822631836,2001.82666015625,716.8685302734375,5069.759765625,998835.0,4.27400016784668
2024-02-29,2167.5,776.5,104.16000366210938,22.010000228881836,2358.449951171875,755.5,5096.27001953125,1014712.0,4.251999855041504,2167.5,772.3465576171875,104.16000366210938,19.37577247619629,2036.0565185546875,726.4844970703125,5096.27001953125,1014712.0,4.251999855041504
2024-03-01,2188.5,842.5,103.86000061035156,22.290000915527344,2380.300048828125,812.5,5137.080078125,1054959.0,4.179999828338623,2188.5,837.9935302734375,103.86000061035156,19.622262954711914,2054.91943359375,781.2953491210938,5137.080078125,1054959.0,4.179999828338623
2024-03-04,2174.75,806.0,103.83000183105469,21.709999084472656,2346.64990234375,787.5,5130.9501953125,1047614.0,4.218999862670898,2174.75,801.6887817382812,103.83000183105469,19.11168098449707,2025.869384765625,757.2554931640625,5130.9501953125,1047614.0,4.218999862670898
2024-03-05,2166.25,760.0,103.80000305175781,21.139999389648438,2226.949951171875,729.0,5078.64990234375,992684.0,4.13700008392334,2166.25,755.934814453125,103.80000305175781,18.609899520874023,1922.5322265625,701.0022583007812,5078.64990234375,992684.0,4.13700008392334
2024-03-06,2189.75,740.5,103.37000274658203,22.860000610351562,2320.550048828125,716.5,5104.759765625,999642.0,4.104000091552734,2189.75,736.5391235351562,103.37000274658203,20.124046325683594,2003.3369140625,688.9822998046875,5104.759765625,999642.0,4.104000091552734
2024-03-07,2201.5,756.0,102.81999969482422,22.920000076293945,2324.75,748.5,5157.35986328125,994808.0,4.0920000076293945,2201.5,751.9562377929688,102.81999969482422,20.176862716674805,2006.9630126953125,719.7532958984375,5157.35986328125,994808.0,4.0920000076293945
2024-03-08,2193.5,748.5,102.73999786376953,22.59000015258789,2340.199951171875,732.5,5123.68994140625,1002336.0,4.089000225067139,2193.5,744.496337890625,102.73999786376953,19.8863582611084,2020.30126953125,704.3677978515625,5123.68994140625,1002336.0,4.089000225067139
2024-03-11,2210.5,716.5,102.87000274658203,21.780000686645508,2221.75,712.5,5117.93994140625,957778.0,4.104000091552734,2210.5,712.66748046875,102.87000274658203,19.173303604125977,1918.043212890625,685.1359252929688,5117.93994140625,957778.0,4.104000091552734
2024-03-12,2216.5,771.0,102.95999908447266,22.790000915527344,2437.14990234375,735.5,5175.27001953125,1026837.0,4.15500020980835,2216.5,766.8759765625,102.95999908447266,20.06242561340332,2103.998291015625,707.2526245117188,5175.27001953125,1026837.0,4.15500020980835
2024-03-13,2211.0,801.0,102.79000091552734,24.299999237060547,2552.199951171875,750.0,5165.31005859375,1050711.0,4.191999912261963,2211.0,796.7154541015625,102.79000091552734,21.391700744628906,2203.321044921875,721.1957397460938,5165.31005859375,1050711.0,4.191999912261963
2024-03-14,2193.0,795.5,103.36000061035156,23.360000610351562,2479.699951171875,746.5,5150.47998046875,1039095.0,4.297999858856201,2193.0,791.2449340820312,103.36000061035156,20.564199447631836,2140.731689453125,717.8301391601562,5150.47998046875,1039095.0,4.297999858856201
2024-03-15,2214.0,789.5,103.43000030517578,23.84000015258789,2564.800048828125,737.5,5117.08984375,1068974.0,4.303999900817871,2214.0,785.2769775390625,103.43000030517578,20.98675537109375,2214.19921875,709.17578125,5117.08984375,1068974.0,4.303999900817871
2024-03-18,2213.5,789.5,103.58000183105469,24.780000686645508,2669.10009765625,741.0,5149.419921875,1124137.0,4.340000152587891,2213.5,785.2769775390625,103.58000183105469,21.814254760742188,2304.2412109375,712.5413818359375,5149.419921875,1124137.0,4.340000152587891
2024-03-19,2203.5,854.0,103.80999755859375,24.3700008392334,2621.550048828125,803.5,5178.509765625,1129937.0,4.296999931335449,2203.5,849.4320068359375,103.80999755859375,21.453327178955078,2263.19091796875,772.6409912109375,5178.509765625,1129937.0,4.296999931335449
2024-03-20,2212.75,896.5,103.41000366210938,25.34000015258789,2780.39990234375,820.0,5224.6201171875,1185177.0,4.2729997634887695,2212.75,891.7047119140625,103.41000366210938,22.30722999572754,2400.326904296875,788.50732421875,5224.6201171875,1185177.0,4.2729997634887695
2024-03-21,2237.0,940.5,104.0,25.959999084472656,2843.39990234375,874.0,5241.52978515625,1225494.0,4.270999908447266,2237.0,935.4692993164062,104.0,22.853029251098633,2454.7158203125,840.4334106445312,5241.52978515625,1225494.0,4.270999908447266
2024-03-22,2251.25,924.0,104.43000030517578,26.079999923706055,2851.0,860.0,5234.18017578125,1227404.0,4.2179999351501465,2251.25,919.0576171875,104.43000030517578,22.95866584777832,2461.2763671875,826.9710693359375,5234.18017578125,1227404.0,4.2179999351501465
2024-03-25,2268.0,914.0,104.2300033569336,26.149999618530273,2832.89990234375,878.5,5218.18994140625,1212897.0,4.252999782562256,2268.0,909.111083984375,104.2300033569336,23.020288467407227,2445.650390625,844.7605590820312,5218.18994140625,1212897.0,4.252999782562256
2024-03-26,2246.0,928.0,104.29000091552734,25.65999984741211,2823.64990234375,910.5,5203.580078125,1214656.0,4.234000205993652,2246.0,923.0361938476562,104.29000091552734,22.58893394470215,2437.664794921875,875.5316162109375,5203.580078125,1214656.0,4.234000205993652
2024-03-27,2247.0,888.0,104.3499984741211,26.149999618530273,2829.75,895.0,5248.490234375,1213485.0,4.196000099182129,2247.0,883.2501831054688,104.3499984741211,23.020288467407227,2442.931396484375,860.6268920898438,5248.490234375,1213485.0,4.196000099182129
2024-03-28,2284.25,,104.55000305175781,25.420000076293945,,,5254.35009765625,,4.205999851226807,2284.25,,104.55000305175781,22.377655029296875,,,5254.35009765625,,4.205999851226807
2024-04-01,2289.25,,105.0199966430664,25.790000915527344,,,5243.77001953125,,4.328999996185303,2289.25,,105.0199966430664,22.703372955322266,,,5243.77001953125,,4.328999996185303
2024-04-02,2326.5,,104.81999969482422,24.920000076293945,,,5205.81005859375,,4.364999771118164,2326.5,,104.81999969482422,21.937498092651367,,,5205.81005859375,,4.364999771118164
2024-04-03,2372.0,850.5,104.25,26.100000381469727,2802.5,851.0,5211.490234375,1212639.0,4.355000019073486,2372.0,845.9507446289062,104.25,22.976274490356445,2419.40625,818.3167114257812,5211.490234375,1212639.0,4.355000019073486
2024-04-04,2386.75,817.0,104.12000274658203,25.799999237060547,2733.199951171875,806.5,5147.2099609375,1183127.0,4.309000015258789,2386.75,812.6298828125,104.12000274658203,22.712177276611328,2359.579345703125,775.5258178710938,5147.2099609375,1183127.0,4.309000015258789
2024-04-05,2395.25,801.0,104.30000305175781,27.3700008392334,2872.39990234375,773.0,5204.33984375,1214371.0,4.377999782562256,2395.25,796.7154541015625,104.30000305175781,24.094276428222656,2479.75048828125,743.3123779296875,5204.33984375,1214371.0,4.377999782562256
2024-04-08,2405.5,836.0,104.13999938964844,27.729999542236328,2887.5,804.0,5202.39013671875,1229638.0,4.423999786376953,2405.5,831.5283203125,104.13999938964844,24.41118812561035,2492.786865234375,773.121826171875,5202.39013671875,1229638.0,4.423999786376953
2024-04-09,2407.25,891.5,104.1500015258789,28.65999984741211,2985.89990234375,846.5,5209.91015625,1253210.0,4.366000175476074,2407.25,886.7313842773438,104.1500015258789,25.229883193969727,2577.735595703125,813.9895629882812,5209.91015625,1253210.0,4.366000175476074
2024-04-10,2397.25,861.0,105.25,28.850000381469727,3024.89990234375,832.0,5160.64013671875,1233950.0,4.559999942779541,2397.25,856.39453125,105.25,25.39714241027832,2611.404296875,800.0464477539062,5160.64013671875,1233950.0,4.559999942779541
2024-04-11,2398.75,872.0,105.27999877929688,29.770000457763672,3119.050048828125,859.5,5199.06005859375,1259303.0,4.576000213623047,2398.75,867.3357543945312,105.27999877929688,26.207035064697266,2692.684814453125,826.4902954101562,5199.06005859375,1259303.0,4.576000213623047
2024-04-12,2436.25,863.5,106.04000091552734,29.610000610351562,3097.300048828125,859.0,5123.41015625,1244524.0,4.499000072479248,2436.25,858.8812255859375,106.04000091552734,26.066186904907227,2673.90771484375,826.0094604492188,5123.41015625,1244524.0,4.499000072479248
2024-04-15,2521.25,888.5,106.20999908447266,27.600000381469727,2972.0,851.5,5061.81982421875,1197524.0,4.627999782562256,2521.25,883.7474365234375,106.20999908447266,24.2967472076416,2565.736328125,818.7975463867188,5061.81982421875,1197524.0,4.627999782562256
2024-04-16,2515.75,908.0,106.26000213623047,27.770000457763672,2988.699951171875,860.5,5051.41015625,1203238.0,4.658999919891357,2515.75,903.1431884765625,106.26000213623047,24.446399688720703,2580.153076171875,827.451904296875,5051.41015625,1203238.0,4.658999919891357
2024-04-17,2590.5,849.0,105.94999694824219,27.68000030517578,2954.39990234375,806.5,5022.2099609375,1172353.0,4.585000038146973,2590.5,844.458740234375,105.94999694824219,24.36717414855957,2550.54150390625,775.5258178710938,5022.2099609375,1172353.0,4.585000038146973
2024-04-18,2601.5,848.5,106.1500015258789,28.030000686645508,2999.0,807.0,5011.1201171875,1172830.0,4.646999835968018,2601.5,843.96142578125,106.1500015258789,24.67528533935547,2589.045166015625,776.006591796875,5011.1201171875,1172830.0,4.646999835968018
2024-04-19,2680.0,859.5,106.1500015258789,28.459999084472656,3032.75,806.0,4967.22998046875,1189210.0,4.614999771118164,2680.0,854.9026489257812,106.1500015258789,25.053813934326172,2618.181396484375,775.0449829101562,4967.22998046875,1189210.0,4.614999771118164
2024-04-22,2660.75,886.5,106.08000183105469,31.020000457763672,3275.75,827.0,5010.60009765625,1268376.0,4.623000144958496,2660.75,881.7581787109375,106.08000183105469,27.30743408203125,2827.963623046875,795.2384643554688,5010.60009765625,1268376.0,4.623000144958496
2024-04-23,2572.0,850.5,105.69000244140625,30.530000686645508,3210.89990234375,816.5,5070.5498046875,1245751.0,4.5980000495910645,2572.0,845.9507446289062,105.69000244140625,26.876075744628906,2771.979248046875,785.1417236328125,5070.5498046875,1245751.0,4.5980000495910645
2024-04-24,2600.75,823.0,105.86000061035156,29.06999969482422,3075.85009765625,814.5,5071.6298828125,1202669.0,4.6519999504089355,2600.75,818.5978393554688,105.86000061035156,25.590810775756836,2655.389892578125,783.2185668945312,5071.6298828125,1202669.0,4.6519999504089355
2024-04-25,2526.0,857.5,105.5999984741211,29.489999771118164,3193.699951171875,859.5,5048.419921875,1245144.0,4.705999851226807,2526.0,852.9132690429688,105.5999984741211,25.96054458618164,2757.13037109375,826.4902954101562,5048.419921875,1245144.0,4.705999851226807
2024-04-26,2554.75,865.5,105.94000244140625,30.700000762939453,3312.5,863.5,5099.9599609375,1279459.0,4.669000148773193,2554.75,860.8704833984375,105.94000244140625,27.02573013305664,2859.690673828125,830.336669921875,5099.9599609375,1279459.0,4.669000148773193
2024-04-29,2566.0,884.5,105.58000183105469,31.260000228881836,3406.550048828125,864.5,5116.169921875,1308069.0,4.613999843597412,2566.0,879.7688598632812,105.58000183105469,27.518707275390625,2940.884521484375,831.2982788085938,5116.169921875,1308069.0,4.613999843597412
2024-04-30,2561.25,844.0,106.22000122070312,32.43000030517578,3553.550048828125,842.5,5035.68994140625,1323586.0,4.685999870300293,2561.25,839.4854736328125,106.22000122070312,28.548677444458008,3067.78955078125,810.1431884765625,5035.68994140625,1323586.0,4.685999870300293
2024-05-01,2537.75,,105.76000213623047,32.369998931884766,,,5018.39013671875,,4.59499979019165,2537.75,,105.76000213623047,28.495859146118164,,,5018.39013671875,,4.59499979019165
2024-05-02,2491.75,863.0,105.30000305175781,31.889999389648438,3565.699951171875,868.0,5064.2001953125,1369674.0,4.571000099182129,2491.75,858.3838500976562,105.30000305175781,28.073307037353516,3078.27880859375,834.663818359375,5064.2001953125,1369674.0,4.571000099182129
2024-05-03,2512.25,903.0,105.02999877929688,34.31999969482422,3848.949951171875,947.0,5127.7900390625,1452002.0,4.5,2512.25,898.169921875,105.02999877929688,30.21247673034668,3322.8095703125,910.6297607421875,5127.7900390625,1452002.0,4.5
2024-05-06,2554.25,904.5,105.05000305175781,36.79999923706055,4078.75,921.0,5180.740234375,1495827.0,4.488999843597412,2554.25,899.661865234375,105.05000305175781,32.39565658569336,3521.196044921875,885.6283569335938,5180.740234375,1495827.0,4.488999843597412
2024-05-07,2527.0,870.0,105.41000366210938,35.650001525878906,3901.89990234375,899.0,5187.7001953125,1463624.0,4.4629998207092285,2527.0,865.346435546875,105.41000366210938,31.38330078125,3368.521240234375,864.4732666015625,5187.7001953125,1463624.0,4.4629998207092285
2024-05-08,2503.75,858.5,105.55000305175781,36.04999923706055,3840.85009765625,888.0,5187.669921875,1450499.0,4.492000102996826,2503.75,853.9078979492188,105.55000305175781,31.735427856445312,3353.56640625,853.895751953125,5187.669921875,1450499.0,4.492000102996826
2024-05-09,2510.5,842.0,105.2300033569336,35.5099983215332,3774.39990234375,872.0,5214.080078125,1434922.0,4.448999881744385,2510.5,837.4962158203125,105.2300033569336,31.260053634643555,3295.546875,838.5101928710938,5214.080078125,1434922.0,4.448999881744385
2024-05-10,2488.25,918.5,105.30999755859375,34.970001220703125,3734.800048828125,914.0,5222.68017578125,1407511.0,4.504000186920166,2488.25,913.5869750976562,105.30999755859375,30.784685134887695,3260.970947265625,878.8971557617188,5222.68017578125,1407511.0,4.504000186920166
2024-05-13,2493.75,882.0,105.22000122070312,34.650001525878906,3705.39990234375,883.0,5221.419921875,1376939.0,4.480999946594238,2493.75,877.2822265625,105.22000122070312,30.502981185913086,3235.301025390625,849.0877685546875,5221.419921875,1376939.0,4.480999946594238
2024-05-14,2491.5,869.5,105.01000213623047,35.470001220703125,3810.050048828125,878.0,5246.68017578125,1409885.0,4.445000171661377,2491.5,864.84912109375,105.01000213623047,31.224843978881836,3326.674072265625,844.27978515625,5246.68017578125,1409885.0,4.445000171661377
2024-05-15,2533.5,902.5,104.3499984741211,36.84000015258789,3978.35009765625,903.0,5308.14990234375,1477796.0,4.355999946594238,2533.5,897.672607421875,104.3499984741211,32.430877685546875,3473.623046875,868.3196411132812,5308.14990234375,1477796.0,4.355999946594238
2024-05-16,2529.0,921.0,104.45999908447266,36.61000061035156,3997.699951171875,929.5,5297.10009765625,1481343.0,4.376999855041504,2529.0,916.0736694335938,104.45999908447266,32.2284049987793,3490.517333984375,893.8018798828125,5297.10009765625,1481343.0,4.376999855041504
2024-05-17,2533.5,937.0,104.44999694824219,36.66999816894531,3900.300048828125,928.5,5303.27001953125,1473463.0,4.420000076293945,2533.5,931.988037109375,104.44999694824219,32.281219482421875,3488.173095703125,892.8402709960938,5303.27001953125,1473463.0,4.420000076293945
2024-05-20,2557.5,969.0,104.56999969482422,37.279998779296875,4088.25,966.0,5308.1298828125,1535512.0,4.436999797821045,2557.5,963.81689453125,104.56999969482422,32.818214416503906,3656.26318359375,928.9000854492188,5308.1298828125,1535512.0,4.436999797821045
2024-05-21,2651.0,1027.5,104.66000366210938,36.18000030517578,4203.10009765625,1003.5,5321.41015625,1581107.0,4.414000034332275,2651.0,1022.0039672851562,104.66000366210938,31.8498592376709,3758.9775390625,964.9598388671875,5321.41015625,1581107.0,4.414000034332275
2024-05-22,2568.0,1051.0,104.94000244140625,33.58000183105469,4105.14990234375,1026.0,5307.009765625,1562849.0,4.434000015258789,2568.0,1045.378173828125,104.94000244140625,29.56104278564453,3671.377685546875,986.5957641601562,5307.009765625,1562849.0,4.434000015258789
2024-05-23,2550.25,1026.5,105.11000061035156,30.989999771118164,3899.75,1019.5,5267.83984375,1513777.0,4.474999904632568,2550.25,1021.00927734375,105.11000061035156,27.281017303466797,3487.681640625,980.3453979492188,5267.83984375,1513777.0,4.474999904632568
2024-05-24,2588.25,1001.5,104.72000122070312,32.470001220703125,4056.85009765625,994.0,5304.72021484375,1520809.0,4.4670000076293945,2588.25,996.1430053710938,104.72000122070312,28.583894729614258,3628.181640625,955.82470703125,5304.72021484375,1520809.0,4.4670000076293945
2024-05-27,,1029.0,,,4116.75,1025.0,,1520809.0,,,1023.4959716796875,,,3681.752197265625,985.6341552734375,,1520809.0,
2024-05-28,2654.75,1031.0,104.61000061035156,33.06999969482422,4095.300048828125,1033.0,5306.0400390625,1575417.0,4.541999816894531,2654.75,1025.4852294921875,104.61000061035156,29.112083435058594,3662.56884765625,993.326904296875,5306.0400390625,1575417.0,4.541999816894531
2024-05-29,2703.5,998.5,105.0999984741211,34.16999816894531,4157.5,1002.0,5266.9501953125,1567731.0,4.624000072479248,2703.5,993.1591186523438,105.0999984741211,30.08042335510254,3718.1962890625,963.5174560546875,5266.9501953125,1567731.0,4.624000072479248
2024-05-30,2648.0,1011.5,104.72000122070312,36.880001068115234,4318.10009765625,1009.0,5235.47998046875,1643011.0,4.553999900817871,2648.0,1006.089599609375,104.72000122070312,32.46607971191406,3861.826171875,970.2486572265625,5235.47998046875,1643011.0,4.553999900817871
2024-05-31,2591.5,1011.5,104.66999816894531,35.849998474121094,4374.39990234375,1020.5,5277.509765625,1651417.0,4.513999938964844,2591.5,1006.089599609375,104.66999816894531,31.55936050415039,3912.177734375,981.3069458007812,5277.509765625,1651417.0,4.513999938964844
2024-06-03,2601.75,1023.5,104.13999938964844,35.599998474121094,4443.4501953125,1027.5,5283.39990234375,1659248.0,4.4019999504089355,2601.75,1018.0253295898438,104.13999938964844,31.33928108215332,3973.931396484375,988.0381469726562,5283.39990234375,1659248.0,4.4019999504089355
2024-06-04,2599.5,974.0,104.11000061035156,33.2400016784668,4307.7998046875,983.5,5291.33984375,1581164.0,4.335999965667725,2599.5,968.7901611328125,104.11000061035156,29.26173210144043,3852.614013671875,945.7279663085938,5291.33984375,1581164.0,4.335999965667725
2024-06-05,2558.25,969.0,104.2699966430664,33.25,4268.85009765625,972.0,5354.02978515625,1570750.0,4.289000034332275,2558.25,963.81689453125,104.2699966430664,29.270540237426758,3817.7802734375,934.6696166992188,5354.02978515625,1570750.0,4.289000034332275
2024-06-06,2592.75,920.5,104.0999984741211,31.510000228881836,4048.14990234375,924.0,5352.9599609375,1503728.0,4.281000137329102,2592.75,915.5762939453125,104.0999984741211,27.738784790039062,3620.400390625,888.5131225585938,5352.9599609375,1503728.0,4.281000137329102
2024-06-07,2507.75,944.0,104.88999938964844,31.670000076293945,4085.85009765625,949.0,5346.990234375,1519209.0,4.429999828338623,2507.75,938.9506225585938,104.88999938964844,27.879636764526367,3654.116943359375,912.552978515625,5346.990234375,1519209.0,4.429999828338623
2024-06-10,2499.5,948.0,105.1500015258789,33.060001373291016,4291.7001953125,951.0,5360.7900390625,1576628.0,4.468999862670898,2499.5,942.92919921875,105.1500015258789,29.372236251831055,3838.216552734375,914.4761352539062,5360.7900390625,1576628.0,4.468999862670898
2024-06-11,2459.25,922.5,105.2300033569336,32.13999938964844,4203.60009765625,935.5,5375.31982421875,1544869.0,4.4039998054504395,2459.25,917.5656127929688,105.2300033569336,28.554861068725586,3759.4248046875,899.5714721679688,5375.31982421875,1544869.0,4.4039998054504395
2024-06-12,2496.75,925.0,104.6500015258789,33.939998626708984,4374.75,926.0,5421.02978515625,1568096.0,4.295000076293945,2496.75,920.05224609375,104.6500015258789,30.154071807861328,3912.490234375,890.436279296875,5421.02978515625,1568096.0,4.295000076293945
2024-06-13,2477.0,911.0,105.19999694824219,35.20000076293945,4448.9501953125,920.0,5433.740234375,1605208.0,4.23799991607666,2477.0,906.1271362304688,105.19999694824219,31.273523330688477,3978.85009765625,884.666748046875,5433.740234375,1605208.0,4.23799991607666
2024-06-14,2440.75,890.0,105.55000305175781,34.790000915527344,4334.0498046875,906.5,5431.60009765625,1582372.0,4.2129998207092285,2440.75,885.2394409179688,105.55000305175781,30.909265518188477,3876.0908203125,871.6852416992188,5431.60009765625,1582372.0,4.2129998207092285
2024-06-17,2425.5,,105.31999969482422,34.06999969482422,,,5473.22998046875,,4.2789998054504395,2425.5,,105.31999969482422,30.26957130432129,,,5473.22998046875,,4.2789998054504395
2024-06-18,2416.5,852.0,105.26000213623047,34.83000183105469,4310.75,865.0,5487.02978515625,1557430.0,4.2170000076293945,2416.5,847.4427490234375,105.26000213623047,30.944795608520508,3855.25341796875,831.779052734375,5487.02978515625,1557430.0,4.2170000076293945
2024-06-19,,867.5,,,4346.5498046875,874.5,,1576462.0,,,862.8598022460938,,,3887.2705078125,840.9141845703125,,1576462.0,
2024-06-20,2441.75,,105.58999633789062,33.0,,,5473.169921875,,4.254000186920166,2441.75,,105.58999633789062,29.318931579589844,,,5473.169921875,,4.254000186920166
2024-06-21,2432.25,,105.80000305175781,32.060001373291016,,,5464.6201171875,,4.256999969482422,2432.25,,105.80000305175781,29.1010799407959,,,5464.6201171875,,4.256999969482422
2024-06-24,2423.0,882.0,105.47000122070312,32.20000076293945,4318.75,874.5,5447.8701171875,1554951.0,4.248000144958496,2423.0,877.2822265625,105.47000122070312,29.22816276550293,3862.406982421875,840.9141845703125,5447.8701171875,1554951.0,4.248000144958496
2024-06-25,2421.25,884.0,105.61000061035156,32.63999938964844,4237.2998046875,873.5,5469.2998046875,1570620.0,4.23799991607666,2421.25,879.2715454101562,105.61000061035156,29.62755012512207,3878.230224609375,839.95263671875,5469.2998046875,1570620.0,4.23799991607666
2024-06-26,2434.5,905.0,106.05000305175781,30.8700008392334,4159.75,896.0,5477.89990234375,1574472.0,4.315999984741211,2434.5,900.1592407226562,106.05000305175781,28.020910263061523,3807.2509765625,861.5885009765625,5477.89990234375,1574472.0,4.315999984741211
2024-06-27,2436.0,977.0,105.91000366210938,31.639999389648438,4254.85009765625,965.5,5482.8701171875,1635667.0,4.288000106811523,2436.0,971.7741088867188,105.91000366210938,28.7198429107666,3894.291748046875,928.4192504882812,5482.8701171875,1635667.0,4.288000106811523
2024-06-28,2457.25,987.0,105.87000274658203,30.559999465942383,4135.0498046875,974.0,5460.47998046875,1611295.0,4.3429999351501465,2457.25,981.7206420898438,105.87000274658203,27.739519119262695,3784.644775390625,936.5928344726562,5460.47998046875,1611295.0,4.3429999351501465
2024-07-01,2444.25,1014.5,105.9000015258789,27.670000076293945,3951.89990234375,1016.0,5475.08984375,1594733.0,4.479000091552734,2444.25,1009.073486328125,105.9000015258789,25.116247177124023,3617.0146484375,976.9797973632812,5475.08984375,1594733.0,4.479000091552734
2024-07-02,2450.0,1068.5,105.72000122070312,28.110000610351562,4038.60009765625,1032.0,5509.009765625,1636391.0,4.435999870300293,2450.0,1062.78466796875,105.72000122070312,25.51563835144043,3696.367431640625,992.3652954101562,5509.009765625,1636391.0,4.435999870300293
2024-07-03,2483.75,1007.0,105.4000015258789,28.5,4000.10009765625,995.5,5537.02001953125,1603517.0,4.355000019073486,2483.75,1001.6136474609375,105.4000015258789,25.86964225769043,3661.13037109375,957.26708984375,5537.02001953125,1603517.0,4.355000019073486
2024-07-04,,1004.5,,,3996.35009765625,1001.0,,1612745.0,,,999.126953125,,,3657.697998046875,962.555908203125,,1612745.0,
2024-07-05,2457.5,1043.5,104.87999725341797,28.459999084472656,3980.39990234375,1054.5,5567.18994140625,1629030.0,4.271999835968018,2457.5,1037.9183349609375,104.87999725341797,25.83333396911621,3643.099365234375,1014.0011596679688,5567.18994140625,1629030.0,4.271999835968018
2024-07-08,2456.25,1041.5,105.01000213623047,28.530000686645508,3976.39990234375,1057.5,5572.85009765625,1643221.0,4.269000053405762,2456.25,1035.9290771484375,105.01000213623047,25.896875381469727,3639.438232421875,1016.8859252929688,5572.85009765625,1643221.0,4.269000053405762
2024-07-09,2420.25,,105.12000274658203,28.829999923706055,,,5576.97998046875,,4.300000190734863,2420.25,,105.12000274658203,26.169189453125,,,5576.97998046875,,4.300000190734863
2024-07-10,2400.0,1055.0,105.05000305175781,29.510000228881836,4100.0,1100.0,5633.91015625,1690009.0,4.28000020980835,2400.0,1049.3568115234375,105.05000305175781,26.786428451538086,3752.56494140625,1057.753662109375,5633.91015625,1690009.0,4.28000020980835
2024-07-11,2390.25,1050.0,104.44000244140625,29.0,4110.0,1085.0,5584.5400390625,1705676.0,4.192999839782715,2390.25,1044.3836669921875,104.44000244140625,26.323497772216797,3761.71728515625,1043.329833984375,5584.5400390625,1705676.0,4.192999839782715
2024-07-12,2388.25,1065.0,104.08999633789062,28.65999984741211,4110.0,1085.0,5615.35009765625,1715610.0,4.189000129699707,2388.25,1059.303466796875,104.08999633789062,26.014875411987305,3761.71728515625,1043.329833984375,5615.35009765625,1715610.0,4.189000129699707
2024-07-15,2362.0,928.0,104.19000244140625,27.420000076293945,3585.0,922.0,5631.22021484375,1504984.0,4.229000091552734,2362.0,923.0361938476562,104.19000244140625,24.889314651489258,3281.2060546875,886.5899047851562,5631.22021484375,1504984.0,4.229000091552734
2024-07-16,2314.5,963.0,104.2699966430664,28.610000610351562,3690.0,980.0,5667.2001953125,1526268.0,4.166999816894531,2314.5,957.8489379882812,104.2699966430664,25.969491958618164,3377.30810546875,942.3624267578125,5667.2001953125,1526268.0,4.166999816894531
2024-07-17,2313.25,1035.0,103.75,27.459999084472656,3575.0,1050.0,5588.27001953125,1524496.0,4.145999908447266,2313.25,1029.4638671875,103.75,24.925628662109375,3272.053466796875,1009.6740112304688,5588.27001953125,1524496.0,4.145999908447266
2024-07-18,2292.75,1065.0,104.16999816894531,27.5,3605.0,1030.0,5544.58984375,1528791.0,4.189000129699707,2292.75,1059.303466796875,104.16999816894531,24.961936950683594,3299.511474609375,990.442138671875,5544.58984375,1528791.0,4.189000129699707
2024-07-19,2263.5,1050.0,104.4000015258789,28.209999084472656,3680.0,1030.0,5505.0,1569019.0,4.238999843597412,2263.5,1044.3836669921875,104.4000015258789,25.606409072875977,3467.47265625,990.442138671875,5505.0,1569019.0,4.238999843597412
2024-07-22,2210.5,1065.0,104.30999755859375,28.280000686645508,3755.0,1070.0,5564.41015625,1590407.0,4.260000228881836,2210.5,1059.303466796875,104.30999755859375,25.66994857788086,3538.140869140625,1028.9058837890625,5564.41015625,1590407.0,4.260000228881836
2024-07-23,2211.5,1080.0,104.44999694824219,29.5,3945.0,1100.0,5555.740234375,1635674.0,4.238999843597412,2211.5,1074.22314453125,104.44999694824219,26.777353286743164,3717.16845703125,1057.753662109375,5555.740234375,1635674.0,4.238999843597412
2024-07-24,2219.0,1040.0,104.38999938964844,28.68000030517578,3835.0,1060.0,5427.1298828125,1582113.0,4.285999774932861,2219.0,1034.43701171875,104.38999938964844,26.03303337097168,3613.521240234375,1019.2899169921875,5427.1298828125,1582113.0,4.285999774932861
2024-07-25,2188.0,993.0,104.36000061035156,28.3700008392334,3705.0,1010.0,5399.22021484375,1538280.0,4.25600004196167,2188.0,987.6884765625,104.36000061035156,25.751646041870117,3491.029052734375,971.210205078125,5399.22021484375,1538280.0,4.25600004196167
2024-07-26,2212.0,980.0,104.31999969482422,28.329999923706055,3730.0,1000.0,5459.10009765625,1542022.0,4.199999809265137,2212.0,974.7579956054688,104.31999969482422,26.324974060058594,3514.585205078125,961.5942993164062,5459.10009765625,1542022.0,4.199999809265137
2024-07-29,2163.5,941.0,104.55999755859375,27.59000015258789,3580.0,947.0,5463.5400390625,1481242.0,4.177999973297119,2163.5,935.9666748046875,104.55999755859375,25.637348175048828,3373.247802734375,910.6297607421875,5463.5400390625,1481242.0,4.177999973297119
2024-07-30,2125.0,905.0,104.55000305175781,27.020000457763672,3425.0,901.0,5436.43994140625,1411953.0,4.14300012588501,2125.0,900.1592407226562,104.55000305175781,25.10768699645996,3227.199951171875,866.3964233398438,5436.43994140625,1411953.0,4.14300012588501
2024-07-31,2189.0,957.0,104.0999984741211,28.969999313354492,3710.0,944.0,5522.2998046875,1481853.0,4.109000205993652,2189.0,951.881103515625,104.0999984741211,26.919677734375,3495.740234375,907.7449951171875,5522.2998046875,1481853.0,4.109000205993652
2024-08-01,2176.25,981.0,104.41999816894531,28.3700008392334,3710.0,928.0,5446.68017578125,1500217.0,3.9760000705718994,2176.25,975.752685546875,104.41999816894531,26.362146377563477,3495.740234375,892.3594970703125,5446.68017578125,1500217.0,3.9760000705718994
2024-08-02,2155.0,955.0,103.20999908447266,26.649999618530273,3540.0,886.0,5346.56005859375,1433350.0,3.7920000553131104,2155.0,949.8917846679688,103.20999908447266,24.76387596130371,3335.55810546875,851.9725341796875,5346.56005859375,1433350.0,3.7920000553131104
2024-08-05,2134.75,913.0,102.69000244140625,26.610000610351562,3525.0,851.0,5186.330078125,1420523.0,3.7850000858306885,2134.75,908.1163940429688,102.69000244140625,24.726707458496094,3321.42431640625,818.3167114257812,5186.330078125,1420523.0,3.7850000858306885
2024-08-06,2181.0,906.0,102.97000122070312,28.049999237060547,3660.0,848.0,5240.02978515625,1457571.0,3.888000011444092,2181.0,901.1538696289062,102.97000122070312,26.064790725708008,3448.6279296875,815.4319458007812,5240.02978515625,1457571.0,3.888000011444092
2024-08-07,2177.25,880.0,103.19999694824219,28.670000076293945,3705.0,844.0,5199.5,1452161.0,3.9679999351501465,2177.25,875.2929077148438,103.19999694824219,26.64090919494629,3491.029052734375,811.5855712890625,5199.5,1452161.0,3.9679999351501465
2024-08-08,2167.0,912.0,103.20999908447266,32.77000045776367,4020.0,865.0,5319.31005859375,1530366.0,3.996999979019165,2167.0,907.1217651367188,103.20999908447266,30.45073890686035,3787.837158203125,831.779052734375,5319.31005859375,1530366.0,3.996999979019165
2024-08-09,2182.25,952.0,103.13999938964844,34.2400016784668,4150.0,907.0,5344.16015625,1583895.0,3.941999912261963,2182.25,946.9078369140625,103.13999938964844,31.816707611083984,3910.3291015625,872.166015625,5344.16015625,1583895.0,3.941999912261963
2024-08-12,2199.0,926.0,103.13999938964844,34.2400016784668,4170.0,886.0,5344.39013671875,1588905.0,3.9089999198913574,2199.0,921.046875,103.13999938964844,31.816707611083984,3929.174072265625,851.9725341796875,5344.39013671875,1588905.0,3.9089999198913574
2024-08-13,2211.0,932.0,102.55999755859375,34.40999984741211,4185.0,903.0,5434.43017578125,1591697.0,3.8519999980926514,2211.0,927.0147705078125,102.55999755859375,31.974666595458984,3943.30810546875,868.3196411132812,5434.43017578125,1591697.0,3.8519999980926514
2024-08-14,2211.0,932.0,102.56999969482422,35.439998626708984,4315.0,891.0,5455.2099609375,1607310.0,3.819999933242798,2211.0,927.0147705078125,102.56999969482422,32.9317626953125,4065.799560546875,856.780517578125,5455.2099609375,1607310.0,3.819999933242798
2024-08-15,2237.0,933.0,102.9800033569336,35.4900016784668,4380.0,908.0,5543.22021484375,1643875.0,3.9260001182556152,2237.0,928.0093994140625,102.9800033569336,32.978240966796875,4127.04736328125,873.1276245117188,5543.22021484375,1643875.0,3.9260001182556152
2024-08-16,2235.5,933.0,102.45999908447266,35.16999816894531,4390.0,911.0,5554.25,1649329.0,3.8919999599456787,2235.5,928.0093994140625,102.45999908447266,32.68087387084961,4136.4677734375,876.0123901367188,5554.25,1649329.0,3.8919999599456787
2024-08-19,2308.75,920.0,101.88999938964844,34.63999938964844,4435.0,899.0,5608.25,1657075.0,3.867000102996826,2308.75,915.0789794921875,101.88999938964844,32.86589050292969,4178.87060546875,864.4732666015625,5608.25,1657075.0,3.867000102996826
2024-08-20,2357.0,914.0,101.44000244140625,34.7599983215332,4500.0,887.0,5597.1201171875,1659275.0,3.818000078201294,2357.0,909.111083984375,101.44000244140625,32.979736328125,4240.11572265625,852.9341430664062,5597.1201171875,1659275.0,3.818000078201294
2024-08-21,2346.75,886.0,101.04000091552734,33.869998931884766,4385.0,869.0,5620.85009765625,1621076.0,3.7780001163482666,2346.75,881.2608642578125,101.04000091552734,32.13532638549805,4131.7578125,835.6254272460938,5620.85009765625,1621076.0,3.7780001163482666
2024-08-22,2350.25,912.0,101.51000213623047,33.119998931884766,4275.0,874.0,5570.64013671875,1577420.0,3.861999988555908,2350.25,907.1217651367188,101.51000213623047,31.42374610900879,4028.110107421875,840.4334106445312,5570.64013671875,1577420.0,3.861999988555908
2024-08-23,2419.5,907.0,100.72000122070312,34.68000030517578,4460.0,870.0,5634.60986328125,1606967.0,3.806999921798706,2419.5,902.1484985351562,100.72000122070312,32.90385055541992,4202.42724609375,836.5870361328125,5634.60986328125,1606967.0,3.806999921798706
2024-08-26,2412.5,890.0,100.8499984741211,33.790000915527344,4370.0,866.0,5616.83984375,1593003.0,3.818000078201294,2412.5,885.2394409179688,100.8499984741211,32.059425354003906,4117.62451171875,832.7406616210938,5616.83984375,1593003.0,3.818000078201294
2024-08-27,2418.25,883.0,100.55000305175781,34.939998626708984,4525.0,873.0,5625.7998046875,1616134.0,3.8329999446868896,2418.25,878.27685546875,100.55000305175781,33.1505241394043,4263.67236328125,839.4718017578125,5625.7998046875,1616134.0,3.8329999446868896
2024-08-28,2363.0,902.0,101.08999633789062,35.189998626708984,4545.0,866.0,5592.18017578125,1617544.0,3.8410000801086426,2363.0,897.17529296875,101.08999633789062,33.38772964477539,4282.517578125,832.7406616210938,5592.18017578125,1617544.0,3.8410000801086426
2024-08-29,2344.75,908.0,101.33999633789062,37.68000030517578,4855.0,853.0,5591.9599609375,1660144.0,3.867000102996826,2344.75,903.1431884765625,101.33999633789062,35.75019836425781,4574.61376953125,820.2399291992188,5591.9599609375,1660144.0,3.867000102996826
2024-08-30,2342.5,908.0,101.69999694824219,39.16999816894531,5060.0,834.0,5648.39990234375,1717564.0,3.9110000133514404,2342.5,903.1431884765625,101.69999694824219,37.163883209228516,4767.7744140625,801.9696044921875,5648.39990234375,1717564.0,3.9110000133514404
2024-09-02,,913.0,,,5130.0,827.0,,1754833.0,,,908.1163940429688,,,4833.73291015625,795.2384643554688,,1754833.0,
2024-09-03,2294.5,896.0,101.83000183105469,40.290000915527344,5260.0,800.0,5528.93017578125,1735253.0,3.8440001010894775,2294.5,891.2073364257812,101.83000183105469,38.226524353027344,4956.22412109375,769.2754516601562,5528.93017578125,1735253.0,3.8440001010894775
2024-09-04,2293.0,893.0,101.36000061035156,42.2400016784668,5460.0,785.0,5520.06982421875,1796920.0,3.7679998874664307,2293.0,888.223388671875,101.36000061035156,40.0766487121582,5144.6748046875,754.8515014648438,5520.06982421875,1796920.0,3.7679998874664307
2024-09-05,2269.5,860.0,101.11000061035156,41.9900016784668,5350.0,756.0,5503.41015625,1765465.0,3.7309999465942383,2269.5,855.39990234375,101.11000061035156,39.83945846557617,5041.02685546875,726.9652709960938,5503.41015625,1765465.0,3.7309999465942383
2024-09-06,2258.0,859.0,101.18000030517578,41.08000183105469,5190.0,765.0,5408.419921875,1721668.0,3.7100000381469727,2258.0,854.4052734375,101.18000030517578,38.97606658935547,4890.267578125,735.61962890625,5408.419921875,1721668.0,3.7100000381469727
2024-09-09,2257.5,855.0,101.55000305175781,42.290000915527344,5250.0,789.0,5471.0498046875,1738556.0,3.697000026702881,2257.5,850.4266967773438,101.55000305175781,40.12409210205078,4946.8017578125,758.6978759765625,5471.0498046875,1738556.0,3.697000026702881
2024-09-10,2259.5,865.0,101.62999725341797,41.54999923706055,5170.0,799.0,5495.52001953125,1715185.0,3.6459999084472656,2259.5,860.3731689453125,101.62999725341797,39.4219856262207,4871.421875,768.3138427734375,5495.52001953125,1715185.0,3.6459999084472656
2024-09-11,2300.0,909.0,101.68000030517578,43.15999984741211,5380.0,828.0,5554.1298828125,1764129.0,3.6530001163482666,2300.0,904.1378173828125,101.68000030517578,40.94953918457031,5069.294921875,796.2000732421875,5554.1298828125,1764129.0,3.6530001163482666
2024-09-12,2334.5,916.0,101.37000274658203,43.47999954223633,5450.0,836.0,5595.759765625,1790058.0,3.680000066757202,2334.5,911.100341796875,101.37000274658203,41.25314712524414,5135.25146484375,803.892822265625,5595.759765625,1790058.0,3.680000066757202
2024-09-13,2380.0,919.0,101.11000061035156,45.060001373291016,5640.0,841.0,5626.02001953125,1817734.0,3.6500000953674316,2380.0,914.0843505859375,101.11000061035156,42.75223159790039,5314.279296875,808.7008056640625,5626.02001953125,1817734.0,3.6500000953674316
2024-09-16,2437.5,926.0,100.76000213623047,44.33000183105469,5520.0,862.0,5633.08984375,1812872.0,3.621000051498413,2437.5,921.046875,100.76000213623047,42.05961227416992,5201.2099609375,828.894287109375,5633.08984375,1812872.0,3.621000051498413
2024-09-17,2430.25,919.0,100.88999938964844,45.13999938964844,5600.0,860.0,5634.580078125,1813298.0,3.6419999599456787,2430.25,914.0843505859375,100.88999938964844,42.82813262939453,5276.5888671875,826.9710693359375,5634.580078125,1813298.0,3.6419999599456787
2024-09-18,2437.5,902.0,100.5999984741211,46.130001068115234,5690.0,835.0,5618.259765625,1815099.0,3.684999942779541,2437.5,897.17529296875,100.5999984741211,43.76742935180664,5361.3916015625,802.9312133789062,5618.259765625,1815099.0,3.684999942779541
2024-09-19,2463.25,891.0,100.61000061035156,47.099998474121094,5730.0,858.0,5713.64013671875,1847053.0,3.740000009536743,2463.25,886.234130859375,100.61000061035156,44.687744140625,5399.08203125,825.0479125976562,5713.64013671875,1847053.0,3.740000009536743
2024-09-20,2402.25,876.0,100.72000122070312,46.630001068115234,5700.0,850.0,5702.5498046875,1822928.0,3.7279999256134033,2402.25,871.3143310546875,100.72000122070312,44.241817474365234,5370.814453125,817.3551635742188,5702.5498046875,1822928.0,3.7279999256134033
2024-09-23,2408.0,886.0,100.91999816894531,45.630001068115234,5590.0,840.0,5718.56982421875,1790228.0,3.739000082015991,2408.0,881.2608642578125,100.91999816894531,43.29303741455078,5267.1669921875,807.7391967773438,5718.56982421875,1790228.0,3.739000082015991
2024-09-24,2484.5,904.0,100.37000274658203,44.36000061035156,5430.0,871.0,5732.93017578125,1774668.0,3.7360000610351562,2484.5,899.16455078125,100.37000274658203,42.08807373046875,5116.40771484375,837.5486450195312,5732.93017578125,1774668.0,3.7360000610351562
2024-09-25,2451.75,898.0,100.91999816894531,43.130001068115234,5310.0,848.0,5722.259765625,1744131.0,3.7809998989105225,2451.75,893.1966552734375,100.91999816894531,40.92107009887695,5003.3369140625,815.4319458007812,5722.259765625,1744131.0,3.7809998989105225
2024-09-26,2543.0,883.0,100.55999755859375,43.209999084472656,5300.0,839.0,5745.3701171875,1715671.0,3.7909998893737793,2543.0,878.27685546875,100.55999755859375,40.996971130371094,4993.9150390625,806.777587890625,5745.3701171875,1715671.0,3.7909998893737793
2024-09-27,2579.0,882.0,100.41999816894531,43.779998779296875,5360.0,852.0,5738.169921875,1727777.0,3.749000072479248,2579.0,877.2822265625,100.41999816894531,41.537784576416016,5050.44921875,819.2783203125,5738.169921875,1727777.0,3.749000072479248
2024-09-30,2534.25,864.0,100.77999877929688,42.09000015258789,5230.0,831.0,5762.47998046875,1697401.0,3.802000045776367,2534.25,859.3784790039062,100.77999877929688,39.9343376159668,4927.95703125,799.0848388671875,5762.47998046875,1697401.0,3.802000045776367
2024-10-01,2564.75,877.0,101.19000244140625,42.40999984741211,5280.0,844.0,5708.75,1728761.0,3.743000030517578,2564.75,872.3089599609375,101.19000244140625,40.23794937133789,4975.06982421875,811.5855712890625,5708.75,1728761.0,3.743000030517578
2024-10-02,2580.5,888.0,101.68000030517578,41.939998626708984,5190.0,857.0,5709.5400390625,1715159.0,3.7850000858306885,2580.5,883.2501831054688,101.68000030517578,39.79201889038086,4890.267578125,824.0863037109375,5709.5400390625,1715159.0,3.7850000858306885
2024-10-03,2551.25,880.0,101.98999786376953,43.40999984741211,5340.0,851.0,5699.93994140625,1754992.0,3.8499999046325684,2551.25,875.2929077148438,101.98999786376953,41.18673324584961,5031.60400390625,818.3167114257812,5699.93994140625,1754992.0,3.8499999046325684
2024-10-04,2583.75,878.0,102.5199966430664,43.4900016784668,5330.0,846.0,5751.06982421875,1756515.0,3.9809999465942383,2583.75,873.3036499023438,102.5199966430664,41.26263427734375,5022.1826171875,813.5087890625,5751.06982421875,1756515.0,3.9809999465942383
2024-10-07,2590.5,869.0,102.54000091552734,42.52000045776367,5190.0,836.0,5695.93994140625,1714594.0,4.026000022888184,2590.5,864.351806640625,102.54000091552734,40.34231185913086,4890.267578125,803.892822265625,5695.93994140625,1714594.0,4.026000022888184
2024-10-08,2496.25,867.0,102.55000305175781,44.18000030517578,5330.0,823.0,5751.1298828125,1731370.0,4.0329999923706055,2496.25,862.3624267578125,102.55000305175781,41.917293548583984,5022.1826171875,791.39208984375,5751.1298828125,1731370.0,4.0329999923706055
2024-10-09,2463.0,869.0,102.93000030517578,46.58000183105469,5540.0,822.0,5792.0400390625,1771933.0,4.066999912261963,2463.0,864.351806640625,102.93000030517578,44.19438171386719,5220.05419921875,790.4304809570312,5792.0400390625,1771933.0,4.066999912261963
2024-10-10,2520.75,872.0,102.98999786376953,47.939998626708984,5660.0,818.0,5780.0498046875,1782989.0,4.0960001945495605,2520.75,867.3357543945312,102.98999786376953,45.484718322753906,5333.12353515625,786.5841064453125,5780.0498046875,1782989.0,4.0960001945495605
2024-10-11,2569.75,,102.88999938964844,49.77000045776367,,,5815.02978515625,,4.072999954223633,2569.75,,102.88999938964844,47.22100067138672,,,5815.02978515625,,4.072999954223633
2024-10-14,2533.75,860.0,103.30000305175781,49.439998626708984,5840.0,802.0,5859.85009765625,1804415.0,4.0980000495910645,2533.75,855.39990234375,103.30000305175781,46.907894134521484,5502.72802734375,771.1986083984375,5859.85009765625,1804415.0,4.0980000495910645
2024-10-15,2515.5,849.0,103.26000213623047,49.650001525878906,5860.0,800.0,5815.259765625,1816251.0,4.038000106811523,2515.5,844.458740234375,103.26000213623047,47.107147216796875,5521.57373046875,769.2754516601562,5815.259765625,1816251.0,4.038000106811523
2024-10-16,2525.25,843.0,103.58999633789062,48.84000015258789,5790.0,801.0,5842.47021484375,1776061.0,4.015999794006348,2525.25,838.4908447265625,103.58999633789062,46.3386344909668,5455.6162109375,770.2369995117188,5842.47021484375,1776061.0,4.015999794006348
2024-10-17,2503.75,838.0,103.83000183105469,48.81999969482422,5810.0,799.0,5841.47021484375,1801604.0,4.0960001945495605,2503.75,833.5176391601562,103.83000183105469,46.31965637207031,5474.4609375,768.3138427734375,5841.47021484375,1801604.0,4.0960001945495605
2024-10-18,2566.25,835.0,103.48999786376953,50.619998931884766,6040.0,797.0,5864.669921875,1823330.0,4.072999954223633,2566.25,830.53369140625,103.48999786376953,48.027469635009766,5691.1787109375,766.390625,5864.669921875,1823330.0,4.072999954223633
2024-10-21,2541.5,827.0,104.01000213623047,50.630001068115234,6050.0,783.0,5853.97998046875,1820705.0,4.182000160217285,2541.5,822.576416015625,104.01000213623047,48.036956787109375,5700.60107421875,752.9283447265625,5853.97998046875,1820705.0,4.182000160217285
2024-10-22,2574.5,804.0,104.08000183105469,50.540000915527344,6040.0,766.0,5851.2001953125,1807539.0,4.203999996185303,2574.5,799.699462890625,104.08000183105469,47.951568603515625,5691.1787109375,736.5812377929688,5851.2001953125,1807539.0,4.203999996185303
2024-10-23,2612.25,785.0,104.43000030517578,49.77000045776367,5900.0,761.0,5797.419921875,1774319.0,4.242000102996826,2612.25,780.8010864257812,104.43000030517578,47.22100067138672,5559.26416015625,731.7732543945312,5797.419921875,1774319.0,4.242000102996826
2024-10-24,2597.25,828.0,104.05999755859375,52.93000030517578,6230.0,792.0,5809.85986328125,1849995.0,4.199999809265137,2597.25,823.5711059570312,104.05999755859375,50.21915817260742,5870.20556640625,761.5827026367188,5809.85986328125,1849995.0,4.199999809265137
2024-10-25,2629.0,817.0,104.26000213623047,53.88999938964844,6290.0,790.0,5808.1201171875,1872785.0,4.23199987411499,2629.0,812.6298828125,104.26000213623047,51.12998962402344,5926.740234375,759.6594848632812,5808.1201171875,1872785.0,4.23199987411499
2024-10-28,2590.5,826.0,104.31999969482422,54.11000061035156,6250.0,776.0,5823.52001953125,1851914.0,4.2779998779296875,2590.5,821.581787109375,104.31999969482422,51.33872604370117,5889.05029296875,746.1971435546875,5823.52001953125,1851914.0,4.2779998779296875
2024-10-29,2606.0,832.0,104.27999877929688,53.529998779296875,6150.0,786.0,5832.919921875,1845639.0,4.27400016784668,2606.0,827.5496826171875,104.27999877929688,50.78842544555664,5794.82568359375,755.8131103515625,5832.919921875,1845639.0,4.27400016784668
2024-10-30,2563.0,826.0,103.98999786376953,52.2599983215332,6040.0,789.0,5813.669921875,1837535.0,4.265999794006348,2563.0,821.581787109375,103.98999786376953,49.583473205566406,5691.1787109375,758.6978759765625,5813.669921875,1837535.0,4.265999794006348
2024-10-31,2560.5,843.0,103.9800033569336,52.720001220703125,6100.0,795.0,5705.4501953125,1848744.0,4.283999919891357,2560.5,838.4908447265625,103.9800033569336,50.01991653442383,5747.712890625,764.4674682617188,5705.4501953125,1848744.0,4.283999919891357
2024-11-01,2546.25,866.0,104.27999877929688,51.93000030517578,6090.0,817.0,5728.7998046875,1879879.0,4.361000061035156,2546.25,861.3677978515625,104.27999877929688,49.27037048339844,5738.291015625,785.62255859375,5728.7998046875,1879879.0,4.361000061035156
2024-11-04,2560.75,880.0,103.88999938964844,51.75,6160.0,817.0,5712.68994140625,1919066.0,4.309000015258789,2560.75,875.2929077148438,103.88999938964844,49.09959411621094,5804.24755859375,785.62255859375,5712.68994140625,1919066.0,4.309000015258789
2024-11-05,2616.75,879.0,103.41999816894531,51.790000915527344,6060.0,811.0,5782.759765625,1931281.0,4.289000034332275,2616.75,874.2982788085938,103.41999816894531,49.13753890991211,5710.02294921875,779.8529663085938,5782.759765625,1931281.0,4.289000034332275
2024-11-06,2548.75,861.0,105.08999633789062,54.939998626708984,6410.0,793.0,5929.0400390625,1976613.0,4.426000118255615,2548.75,856.39453125,105.08999633789062,52.126216888427734,6039.8095703125,762.5442504882812,5929.0400390625,1976613.0,4.426000118255615
2024-11-07,2654.5,842.0,104.51000213623047,54.7599983215332,6420.0,781.0,5973.10009765625,2015558.0,4.341000080108643,2654.5,837.4962158203125,104.51000213623047,51.95543670654297,6049.23193359375,751.005126953125,5973.10009765625,2015558.0,4.341000080108643
2024-11-08,2561.75,802.0,105.0,53.81999969482422,6250.0,764.0,5995.5400390625,1964487.0,4.306000232696533,2561.75,797.710205078125,105.0,51.063575744628906,5889.05029296875,734.6580200195312,5995.5400390625,1964487.0,4.306000232696533
2024-11-11,2502.5,811.0,105.54000091552734,53.810001373291016,6300.0,789.0,6001.35009765625,1987846.0,4.308000087738037,2502.5,806.6619873046875,105.54000091552734,51.05409240722656,5936.16357421875,758.6978759765625,6001.35009765625,1987846.0,4.308000087738037
2024-11-12,2471.0,811.0,106.0199966430664,54.75,6360.0,790.0,5983.990234375,2012041.0,4.432000160217285,2471.0,806.6619873046875,106.0199966430664,51.945945739746094,5992.69775390625,759.6594848632812,5983.990234375,2012041.0,4.432000160217285
2024-11-13,2452.25,810.0,106.4800033569336,55.029998779296875,6350.0,790.0,5985.3798828125,2042551.0,4.451000213623047,2452.25,805.6673583984375,106.4800033569336,52.21160125732422,5983.27392578125,759.6594848632812,5985.3798828125,2042551.0,4.451000213623047
2024-11-14,2428.5,838.0,106.66999816894531,54.709999084472656,6340.0,812.0,5949.169921875,2087647.0,4.418000221252441,2428.5,833.5176391601562,106.66999816894531,51.907997131347656,5973.85302734375,780.8145751953125,5949.169921875,2087647.0,4.418000221252441
2024-11-15,2566.75,864.0,106.69000244140625,56.290000915527344,6340.0,840.0,5870.6201171875,2066915.0,4.427999973297119,2566.75,859.3784790039062,106.69000244140625,53.40707015991211,5973.85302734375,807.7391967773438,5870.6201171875,2066915.0,4.427999973297119
2024-11-18,2535.5,,106.27999877929688,59.15999984741211,,,5893.6201171875,,4.414000034332275,2535.5,,106.27999877929688,56.13008499145508,,,5893.6201171875,,4.414000034332275
2024-11-19,2575.25,872.0,106.20999908447266,57.029998779296875,6310.0,832.0,5916.97998046875,2124413.0,4.379000186920166,2575.25,867.3357543945312,106.20999908447266,54.10918045043945,5945.58544921875,800.0464477539062,5916.97998046875,2124413.0,4.379000186920166
2024-11-20,2573.25,856.0,106.68000030517578,57.65999984741211,6320.0,826.0,5917.10986328125,2145972.0,4.406000137329102,2573.25,851.4213256835938,106.68000030517578,54.706912994384766,5955.00830078125,794.27685546875,5917.10986328125,2145972.0,4.406000137329102
2024-11-21,2570.5,859.0,106.97000122070312,55.93000030517578,6270.0,832.0,5948.7099609375,2140096.0,4.432000160217285,2570.5,854.4052734375,106.97000122070312,53.065513610839844,5907.89501953125,800.0464477539062,5948.7099609375,2140096.0,4.432000160217285
2024-11-22,2556.0,920.0,107.48999786376953,55.47999954223633,6170.0,940.0,5969.33984375,2211988.0,4.409999847412109,2556.0,915.0789794921875,107.48999786376953,52.6385612487793,5813.6708984375,903.8986206054688,5969.33984375,2211988.0,4.409999847412109
2024-11-25,2580.75,963.0,106.81999969482422,55.5099983215332,6200.0,966.0,5987.3701171875,2218551.0,4.264999866485596,2580.75,957.8489379882812,106.81999969482422,52.667022705078125,5841.9375,928.9000854492188,5987.3701171875,2218551.0,4.264999866485596
2024-11-26,2555.25,985.0,107.01000213623047,56.72999954223633,6350.0,965.0,6021.6298828125,2252266.0,4.302000045776367,2555.25,979.7313232421875,107.01000213623047,53.82453918457031,5983.27392578125,927.9384765625,6021.6298828125,2252266.0,4.302000045776367
2024-11-27,2556.5,940.0,106.08000183105469,56.11000061035156,6170.0,949.0,5998.740234375,2205245.0,4.242000102996826,2556.5,934.9719848632812,106.08000183105469,53.236289978027344,5813.6708984375,912.552978515625,5998.740234375,2205245.0,4.242000102996826
2024-11-28,,944.0,,,6200.0,945.0,,2230803.0,,,938.9506225585938,,,5841.9375,908.7066040039062,,2230803.0,
2024-11-29,2562.0,950.0,105.73999786376953,56.439998626708984,6290.0,962.0,6032.3798828125,2258295.0,4.177999973297119,2562.0,944.9185180664062,105.73999786376953,53.54939270019531,5926.740234375,925.0537109375,6032.3798828125,2258295.0,4.177999973297119
2024-12-02,2559.0,978.0,106.44999694824219,59.22999954223633,6570.0,995.0,6047.14990234375,2295432.0,4.196000099182129,2559.0,972.7687377929688,106.44999694824219,56.196495056152344,6190.5693359375,956.7863159179688,6047.14990234375,2295432.0,4.196000099182129
2024-12-03,2590.5,985.0,106.37000274658203,58.11000061035156,6510.0,995.0,6049.8798828125,2303990.0,4.2230000495910645,2590.5,979.7313232421875,106.37000274658203,55.13386535644531,6134.03564453125,956.7863159179688,6049.8798828125,2303990.0,4.2230000495910645
2024-12-04,2625.25,952.0,106.33999633789062,56.119998931884766,6230.0,962.0,6086.490234375,2216278.0,4.179999828338623,2625.25,946.9078369140625,106.33999633789062,53.24577713012695,5870.20556640625,925.0537109375,6086.490234375,2216278.0,4.179999828338623
2024-12-05,2614.25,931.0,105.70999908447266,58.22999954223633,6340.0,942.0,6075.10986328125,2211583.0,4.179999828338623,2614.25,926.0201416015625,105.70999908447266,55.247718811035156,5973.85302734375,905.8218383789062,6075.10986328125,2211583.0,4.179999828338623
2024-12-06,2549.0,905.0,105.97000122070312,58.91999816894531,6320.0,925.0,6090.27001953125,2202444.0,4.151000022888184,2549.0,900.1592407226562,105.97000122070312,55.902374267578125,5955.00830078125,889.4747314453125,6090.27001953125,2202444.0,4.151000022888184
2024-12-09,2524.5,914.0,106.1500015258789,58.279998779296875,6310.0,919.0,6052.85009765625,2228859.0,4.198999881744385,2524.5,909.111083984375,106.1500015258789,55.2951545715332,5945.58544921875,883.7051391601562,6052.85009765625,2228859.0,4.198999881744385
2024-12-10,2518.25,898.0,106.4000015258789,57.95000076293945,6190.0,895.0,6034.91015625,2201246.0,4.2210001945495605,2518.25,893.1966552734375,106.4000015258789,54.982059478759766,5832.515625,860.6268920898438,6034.91015625,2201246.0,4.2210001945495605
2024-12-11,2535.0,894.0,106.70999908447266,61.77000045776367,6530.0,916.0,6084.18994140625,2291149.0,4.270999908447266,2535.0,889.218017578125,106.70999908447266,58.606407165527344,6152.88037109375,880.8203735351562,6084.18994140625,2291149.0,4.270999908447266
2024-12-12,2535.5,891.0,106.95999908447266,61.58000183105469,6610.0,888.0,6051.25,2304090.0,4.323999881744385,2535.5,886.234130859375,106.95999908447266,58.4261474609375,6228.2587890625,853.895751953125,6051.25,2304090.0,4.323999881744385
2024-12-13,2521.25,920.0,107.0,62.31999969482422,6760.0,923.0,6051.08984375,2370662.0,4.39900016784668,2521.25,915.0789794921875,107.0,59.12825393676758,6369.59619140625,887.551513671875,6051.08984375,2370662.0,4.39900016784668
2024-12-16,2488.75,980.0,106.86000061035156,67.76000213623047,7590.0,954.0,6074.080078125,2543202.0,4.396999835968018,2488.75,974.7579956054688,106.86000061035156,64.28963470458984,7151.6630859375,917.3609619140625,6074.080078125,2543202.0,4.396999835968018
2024-12-17,2464.0,971.0,106.95999908447266,68.72000122070312,7900.0,967.0,6050.60986328125,2592201.0,4.385000228881836,2464.0,965.8062133789062,106.95999908447266,65.2004623413086,7443.76025390625,929.8616943359375,6050.60986328125,2592201.0,4.385000228881836
2024-12-18,2467.0,973.0,108.02999877929688,63.33000183105469,7600.0,956.0,5872.16015625,2521017.0,4.49399995803833,2467.0,967.7954711914062,108.02999877929688,60.086517333984375,7161.0849609375,919.2841186523438,5872.16015625,2521017.0,4.49399995803833
2024-12-19,2448.25,931.0,108.41000366210938,61.29999923706055,7240.0,934.0,5867.080078125,2419894.0,4.570000171661377,2448.25,926.0201416015625,108.41000366210938,58.16048049926758,6821.8759765625,898.1290893554688,5867.080078125,2419894.0,4.570000171661377
2024-12-20,2481.0,914.0,107.62000274658203,63.59000015258789,7410.0,912.0,5930.85009765625,2467562.0,4.52400016784668,2481.0,909.111083984375,107.62000274658203,60.33319854736328,6982.05810546875,876.9739990234375,5930.85009765625,2467562.0,4.52400016784668
2024-12-23,2477.25,911.0,108.04000091552734,63.11000061035156,7410.0,917.0,5974.06982421875,2501153.0,4.598999977111816,2477.25,906.1271362304688,108.04000091552734,59.87778854370117,6982.05810546875,881.781982421875,5974.06982421875,2501153.0,4.598999977111816
2024-12-24,2532.0,921.0,108.26000213623047,64.87000274658203,7600.0,921.0,6040.0400390625,2551020.0,4.591000080108643,2532.0,916.0736694335938,108.26000213623047,61.54765319824219,7161.0849609375,885.6283569335938,6040.0400390625,2551020.0,4.591000080108643
2024-12-26,2507.0,914.0,108.12999725341797,64.72000122070312,7710.0,893.0,6037.58984375,2597389.0,4.578999996185303,2507.0,909.111083984375,108.12999725341797,61.405330657958984,7264.732421875,858.7036743164062,6037.58984375,2597389.0,4.578999996185303
2024-12-27,2530.0,903.0,108.0,64.30000305175781,7610.0,896.0,5970.83984375,2577546.0,4.61899995803833,2530.0,898.169921875,108.0,61.0068359375,7170.50732421875,861.5885009765625,5970.83984375,2577546.0,4.61899995803833
2024-12-30,2545.25,892.0,108.12999725341797,62.81999969482422,7450.0,895.0,5906.93994140625,2533635.0,4.545000076293945,2545.25,889.3424072265625,108.12999725341797,59.60263442993164,7019.74755859375,860.6268920898438,5906.93994140625,2533635.0,4.545000076293945
2024-12-31,2521.75,,108.48999786376953,62.31999969482422,,,5881.6298828125,,4.572999954223633,2521.75,,108.48999786376953,59.12825393676758,,,5881.6298828125,,4.572999954223633
2025-01-02,2498.25,893.0,109.38999938964844,68.80000305175781,8070.0,898.0,5868.5498046875,2695646.0,4.574999809265137,2498.25,890.3394775390625,109.38999938964844,65.27638244628906,7603.94189453125,863.5116577148438,5868.5498046875,2695646.0,4.574999809265137
2025-01-03,2458.0,890.0,108.94999694824219,70.12000274658203,8230.0,882.0,5942.47021484375,2728911.0,4.5960001945495605,2458.0,887.348388671875,108.94999694824219,66.52876281738281,7754.701171875,848.1261596679688,5942.47021484375,2728911.0,4.5960001945495605
2025-01-06,2469.25,874.0,108.26000213623047,71.11000061035156,8510.0,866.0,5975.3798828125,2801221.0,4.618000030517578,2469.25,871.3960571289062,108.26000213623047,67.46807861328125,8018.53076171875,832.7406616210938,5975.3798828125,2801221.0,4.618000030517578
2025-01-07,2491.75,874.0,108.54000091552734,72.22000122070312,8600.0,868.0,5909.02978515625,2822175.0,4.683000087738037,2491.75,871.3960571289062,108.54000091552734,68.52120208740234,8103.33203125,834.663818359375,5909.02978515625,2822175.0,4.683000087738037
2025-01-08,2467.0,884.0,109.08999633789062,71.0,8480.0,864.0,5918.25,2782477.0,4.692999839782715,2467.0,881.3662719726562,109.08999633789062,67.36369323730469,7990.26318359375,830.8174438476562,5918.25,2782477.0,4.692999839782715
2025-01-09,2507.5,918.0,109.18000030517578,,8640.0,878.0,,2829730.0,,2507.5,915.2649536132812,109.18000030517578,,8141.0224609375,844.27978515625,,2829730.0,
2025-01-10,2549.25,931.0,109.6500015258789,72.05999755859375,8630.0,901.0,5827.0400390625,2805140.0,4.776000022888184,2549.25,928.2262573242188,109.6500015258789,68.3694076538086,8131.59912109375,866.3964233398438,5827.0400390625,2805140.0,4.776000022888184
2025-01-13,2568.5,904.0,109.95999908447266,68.05999755859375,8110.0,873.0,5836.22021484375,2655179.0,4.802999973297119,2568.5,901.3067016601562,109.95999908447266,64.57427215576172,7641.63232421875,839.4718017578125,5836.22021484375,2655179.0,4.802999973297119
2025-01-14,2571.75,873.0,109.2699966430664,70.43000030517578,8430.0,846.0,5842.91015625,2733273.0,4.788000106811523,2571.75,870.3990478515625,109.2699966430664,66.82288360595703,7943.150390625,813.5087890625,5842.91015625,2733273.0,4.788000106811523
2025-01-15,2608.25,838.0,109.08999633789062,71.62999725341797,8480.0,819.0,5949.91015625,2704474.0,4.6529998779296875,2608.25,835.5032958984375,109.08999633789062,67.96141815185547,7990.26318359375,787.5457153320312,5949.91015625,2704474.0,4.6529998779296875
2025-01-16,2655.5,816.0,108.95999908447266,69.9000015258789,8370.0,800.0,5937.33984375,2629377.0,4.605999946594238,2655.5,813.56884765625,108.95999908447266,66.32003784179688,7886.6162109375,769.2754516601562,5937.33984375,2629377.0,4.605999946594238
2025-01-17,2686.75,811.0,109.3499984741211,67.06999969482422,7840.0,796.0,5996.66015625,2510886.0,4.609000205993652,2686.75,808.583740234375,109.3499984741211,63.63496398925781,7387.22509765625,765.4290771484375,5996.66015625,2510886.0,4.609000205993652
2025-01-20,,812.0,,,7972.06640625,793.0,,2536837.0,,,809.5807495117188,,,7511.6640625,762.5442504882812,,2536837.0,
2025-01-21,2663.5,803.0,108.05999755859375,70.16000366210938,8221.193359375,782.0,6049.240234375,2619719.0,4.573999881744385,2663.5,800.6076049804688,108.05999755859375,66.56673431396484,7746.40283203125,751.9667358398438,6049.240234375,2619719.0,4.573999881744385
2025-01-22,2638.5,838.0,108.16999816894531,70.86000061035156,8480.2861328125,808.0,6086.3701171875,2680946.0,4.598999977111816,2638.5,835.5032958984375,108.16999816894531,67.23086547851562,7990.5341796875,776.9682006835938,6086.3701171875,2680946.0,4.598999977111816
2025-01-23,2634.5,871.0,108.05000305175781,68.9000015258789,8320.8447265625,827.0,6118.7099609375,2625050.0,4.638000011444092,2634.5,868.4049682617188,108.05000305175781,65.37124633789062,7840.2998046875,795.2384643554688,6118.7099609375,2625050.0,4.638000011444092
2025-01-24,2657.75,876.0,107.44000244140625,68.2300033569336,8211.228515625,816.0,6101.240234375,2566082.0,4.625999927520752,2657.75,873.3900756835938,107.44000244140625,64.73558044433594,7737.013671875,784.6609497070312,6101.240234375,2566082.0,4.625999927520752
2025-01-27,2602.75,844.0,107.33999633789062,64.7699966430664,7610.0,798.0,6012.27978515625,2439099.0,4.5279998779296875,2602.75,841.4854125976562,107.33999633789062,61.452754974365234,7170.50732421875,767.3522338867188,6012.27978515625,2439099.0,4.5279998779296875
2025-01-28,2563.0,821.0,107.87000274658203,65.9000015258789,7770.0,777.0,6067.7001953125,2435629.0,4.551000118255615,2563.0,818.553955078125,107.87000274658203,62.5248908996582,7321.26708984375,747.1587524414062,6067.7001953125,2435629.0,4.551000118255615
2025-01-29,2612.25,849.0,108.0,68.37999725341797,8090.0,808.0,6039.31005859375,2545356.0,4.554999828338623,2612.25,846.4705200195312,108.0,64.87787628173828,7622.78662109375,776.9682006835938,6039.31005859375,2545356.0,4.554999828338623
2025-01-30,2618.75,858.0,107.80000305175781,69.30000305175781,8210.0,838.0,6071.169921875,2599329.0,4.51200008392334,2618.75,855.4437255859375,107.80000305175781,65.75076293945312,7735.8564453125,805.8160400390625,6071.169921875,2599329.0,4.51200008392334
2025-01-31,2586.0,867.0,108.37000274658203,67.4800033569336,8080.0,854.0,6040.52978515625,2564659.0,4.568999767303467,2586.0,864.4169311523438,108.37000274658203,64.02397155761719,7613.3642578125,821.2015380859375,6040.52978515625,2564659.0,4.568999767303467
2025-02-03,2617.0,856.0,108.98999786376953,65.18000030517578,7760.0,841.0,5994.56982421875,2484136.0,4.543000221252441,2617.0,853.44970703125,108.98999786376953,61.841758728027344,7311.84423828125,808.7008056640625,5994.56982421875,2484136.0,4.543000221252441
2025-02-04,2631.0,859.0,107.95999908447266,65.41999816894531,7880.0,850.0,6037.8798828125,2523647.0,4.513000011444092,2631.0,856.4407348632812,107.95999908447266,62.069480895996094,7424.91552734375,817.3551635742188,6037.8798828125,2523647.0,4.513000011444092
2025-02-05,2601.5,835.0,107.58000183105469,63.70000076293945,7740.0,827.0,6061.47998046875,2477714.0,4.421999931335449,2601.5,832.5122680664062,107.58000183105469,60.43756866455078,7293.0,795.2384643554688,6061.47998046875,2477714.0,4.421999931335449
2025-02-06,2620.75,827.0,107.69000244140625,66.6500015258789,7900.0,814.0,6083.56982421875,2503483.0,4.440000057220459,2620.75,824.5360717773438,107.69000244140625,63.236488342285156,7443.76025390625,782.7377319335938,6083.56982421875,2503483.0,4.440000057220459
2025-02-07,2623.75,828.0,108.04000091552734,63.59000015258789,7600.0,804.0,6025.990234375,2416382.0,4.486999988555908,2623.75,825.5330810546875,108.04000091552734,60.33319854736328,7161.0849609375,773.121826171875,6025.990234375,2416382.0,4.486999988555908
2025-02-10,2636.25,872.0,108.31999969482422,63.040000915527344,7500.0,811.0,6066.43994140625,2391368.0,4.493000030517578,2636.25,869.4020385742188,108.31999969482422,59.811370849609375,7066.86083984375,779.8529663085938,6066.43994140625,2391368.0,4.493000030517578
2025-02-11,2620.75,821.0,107.95999908447266,58.61000061035156,7000.0,782.0,6068.5,2273568.0,4.5370001792907715,2620.75,818.553955078125,107.95999908447266,55.608253479003906,6595.736328125,751.9667358398438,6068.5,2273568.0,4.5370001792907715
2025-02-12,2587.5,794.0,107.94000244140625,58.09000015258789,6950.0,771.0,6051.97021484375,2285846.0,4.63700008392334,2587.5,791.6343994140625,107.94000244140625,55.11488723754883,6548.62451171875,741.3892211914062,6051.97021484375,2285846.0,4.63700008392334
2025-02-13,2571.75,803.0,107.30999755859375,59.040000915527344,7090.0,782.0,6115.06982421875,2353744.0,4.525000095367432,2571.75,800.6076049804688,107.30999755859375,56.016231536865234,6680.53955078125,751.9667358398438,6115.06982421875,2353744.0,4.525000095367432
2025-02-14,2612.25,820.0,106.56999969482422,58.79999923706055,7110.0,819.0,6114.6298828125,2387386.0,4.4720001220703125,2612.25,817.5569458007812,106.56999969482422,55.78852081298828,6699.3837890625,787.5457153320312,6114.6298828125,2387386.0,4.4720001220703125
2025-02-17,,811.0,,,6650.0,810.0,,2254189.0,,,808.583740234375,,,6265.94921875,778.891357421875,,2254189.0,
2025-02-18,2638.25,809.0,107.05000305175781,59.2400016784668,7260.0,819.0,6129.580078125,2391725.0,4.544000148773193,2638.25,806.5897216796875,107.05000305175781,56.20599365234375,6840.720703125,787.5457153320312,6129.580078125,2391725.0,4.544000148773193
2025-02-19,2652.5,820.0,107.16999816894531,59.54999923706055,7310.0,816.0,6144.14990234375,2401580.0,4.534999847412109,2652.5,817.5569458007812,107.16999816894531,56.500118255615234,6887.8330078125,784.6609497070312,6144.14990234375,2401580.0,4.534999847412109
2025-02-20,2692.25,814.0,106.33999633789062,61.04999923706055,7280.0,804.0,6117.52001953125,2410221.0,4.5,2692.25,811.5748291015625,106.33999633789062,57.92329025268555,6859.56591796875,773.121826171875,6117.52001953125,2410221.0,4.5
2025-02-21,2694.0,824.0,106.61000061035156,58.91999816894531,7150.0,795.0,6013.1298828125,2364529.0,4.420000076293945,2694.0,821.5450439453125,106.61000061035156,55.902374267578125,6737.07373046875,764.4674682617188,6013.1298828125,2364529.0,4.420000076293945
2025-02-24,2620.25,813.0,106.5999984741211,58.13999938964844,7070.0,772.0,5983.25,2348398.0,4.39300012588501,2620.25,810.5778198242188,106.5999984741211,55.16232681274414,6661.693359375,742.3507690429688,5983.25,2348398.0,4.39300012588501
2025-02-25,2585.5,805.0,106.30999755859375,57.650001525878906,6990.0,753.0,5955.25,2282899.0,4.297999858856201,2585.5,802.6016235351562,106.30999755859375,54.697425842285156,6586.31396484375,724.0805053710938,5955.25,2282899.0,4.297999858856201
2025-02-26,2597.25,797.0,106.41999816894531,59.099998474121094,7140.0,737.0,5956.06005859375,2275037.0,4.249000072479248,2597.25,794.62548828125,106.41999816894531,56.07316207885742,6727.6513671875,708.6950073242188,5956.06005859375,2275037.0,4.249000072479248
2025-02-27,2596.25,775.0,107.23999786376953,55.5,6820.0,724.0,5861.56982421875,2193657.0,4.284999847412109,2596.25,772.6910400390625,107.23999786376953,52.657535552978516,6426.130859375,696.1942749023438,5861.56982421875,2193657.0,4.284999847412109
2025-02-28,2561.5,759.0,107.61000061035156,57.220001220703125,6930.0,720.0,5954.5,2205801.0,4.230999946594238,2561.5,756.7387084960938,107.61000061035156,54.289451599121094,6529.77880859375,692.347900390625,5954.5,2205801.0,4.230999946594238
2025-03-03,2567.75,,106.75,56.560001373291016,,,5849.72021484375,,4.179999828338623,2567.75,,106.75,53.663246154785156,,,5849.72021484375,,4.179999828338623
2025-03-04,2575.75,,105.73999786376953,55.79999923706055,,,5778.14990234375,,4.210000038146973,2575.75,,105.73999786376953,52.94217300415039,,,5778.14990234375,,4.210000038146973
2025-03-05,2610.0,774.0,105.73999786376953,58.349998474121094,7180.0,745.0,5842.6298828125,2290050.0,4.264999866485596,2610.0,771.6939697265625,105.73999786376953,55.361568450927734,6765.34130859375,716.3877563476562,5842.6298828125,2290050.0,4.264999866485596
2025-03-06,2656.75,796.0,104.05999755859375,56.81999969482422,7070.0,760.0,5738.52001953125,2270181.0,4.285999774932861,2656.75,793.62841796875,104.05999755859375,53.909934997558594,6661.693359375,730.8116455078125,5738.52001953125,2270181.0,4.285999774932861
2025-03-07,2661.5,810.0,103.83999633789062,57.630001068115234,7040.0,760.0,5770.2001953125,2262289.0,4.316999912261963,2661.5,807.5867309570312,103.83999633789062,54.67845153808594,6633.42724609375,730.8116455078125,5770.2001953125,2262289.0,4.316999912261963
2025-03-10,2651.0,790.0,103.91000366210938,54.11000061035156,6620.0,722.0,5614.56005859375,2138846.0,4.2129998207092285,2651.0,787.6463012695312,103.91000366210938,51.33872604370117,6237.6826171875,694.2710571289062,5614.56005859375,2138846.0,4.2129998207092285
2025-03-11,2649.0,787.0,103.44000244140625,54.38999938964844,6690.0,722.0,5572.06982421875,2159500.0,4.288000106811523,2649.0,784.6552734375,103.44000244140625,51.6043815612793,6303.6396484375,694.2710571289062,5572.06982421875,2159500.0,4.288000106811523
2025-03-12,2648.75,802.0,103.61000061035156,57.779998779296875,7110.0,738.0,5599.2998046875,2272937.0,4.317999839782715,2648.75,799.610595703125,103.61000061035156,54.82075881958008,6699.3837890625,709.6565551757812,5599.2998046875,2272937.0,4.317999839782715
2025-03-13,2645.25,788.0,103.83000183105469,57.13999938964844,7070.0,726.0,5521.52001953125,2232180.0,4.27400016784668,2645.25,785.6522827148438,103.83000183105469,54.21354675292969,6661.693359375,698.117431640625,5521.52001953125,2232180.0,4.27400016784668
2025-03-14,2624.5,805.0,103.72000122070312,59.41999816894531,7380.0,749.0,5638.93994140625,2335575.0,4.308000087738037,2624.5,802.6016235351562,103.72000122070312,56.376773834228516,6953.79052734375,720.234130859375,5638.93994140625,2335575.0,4.308000087738037
2025-03-17,2633.25,830.0,103.37000274658203,58.29999923706055,7320.0,791.0,5675.1201171875,2346306.0,4.306000232696533,2633.25,827.5271606445312,103.37000274658203,55.31412887573242,6897.255859375,760.62109375,5675.1201171875,2346306.0,4.306000232696533
2025-03-18,2596.75,862.0,103.23999786376953,54.810001373291016,7120.0,793.0,5614.66015625,2288538.0,4.281000137329102,2596.75,859.4318237304688,103.23999786376953,52.002872467041016,6708.80615234375,762.5442504882812,5614.66015625,2288538.0,4.281000137329102
2025-03-19,2604.0,867.0,103.43000030517578,57.720001220703125,7470.0,811.0,5675.2900390625,2392030.0,4.25600004196167,2604.0,864.4169311523438,103.43000030517578,54.76383972167969,7038.59375,779.8529663085938,5675.2900390625,2392030.0,4.25600004196167
2025-03-20,2597.5,847.0,103.8499984741211,56.36000061035156,7270.0,794.0,5662.89013671875,2361583.0,4.232999801635742,2597.5,844.4765014648438,103.8499984741211,53.47349166870117,6850.1435546875,763.505859375,5662.89013671875,2361583.0,4.232999801635742
2025-03-21,2553.5,851.0,104.08999633789062,58.560001373291016,7540.0,820.0,5667.56005859375,2433538.0,4.251999855041504,2553.5,848.464599609375,104.08999633789062,55.560821533203125,7104.55029296875,788.50732421875,5667.56005859375,2433538.0,4.251999855041504
2025-03-24,2538.5,,104.26000213623047,57.7400016784668,,,5767.56982421875,,4.330999851226807,2538.5,,104.26000213623047,54.782814025878906,,,5767.56982421875,,4.330999851226807
2025-03-25,2526.75,873.0,104.18000030517578,58.95000076293945,7650.0,808.0,5776.64990234375,2487680.0,4.307000160217285,2526.75,870.3990478515625,104.18000030517578,55.930843353271484,7208.19775390625,776.9682006835938,5776.64990234375,2487680.0,4.307000160217285
2025-03-26,2533.5,868.0,104.55000305175781,57.779998779296875,7480.0,783.0,5712.2001953125,2439966.0,4.3379998207092285,2533.5,865.4139404296875,104.55000305175781,54.82075881958008,7048.01611328125,752.9283447265625,5712.2001953125,2439966.0,4.3379998207092285
2025-03-27,2479.0,870.0,104.06999969482422,56.41999816894531,7310.0,791.0,5693.31005859375,2412082.0,4.36899995803833,2479.0,867.407958984375,104.06999969482422,53.53041458129883,6887.8330078125,760.62109375,5693.31005859375,2412082.0,4.36899995803833
2025-03-28,2459.5,873.0,104.04000091552734,55.779998779296875,7310.0,800.0,5580.93994140625,2378563.0,4.255000114440918,2459.5,870.3990478515625,104.04000091552734,52.923194885253906,6887.8330078125,769.2754516601562,5580.93994140625,2378563.0,4.255000114440918
2025-03-31,2432.25,881.0,104.20999908447266,54.470001220703125,7160.0,820.0,5611.85009765625,2338761.0,4.245999813079834,2432.25,878.3751831054688,104.20999908447266,51.680294036865234,6746.49560546875,788.50732421875,5611.85009765625,2338761.0,4.245999813079834
2025-04-01,2400.5,866.0,104.26000213623047,55.209999084472656,7250.0,789.0,5633.06982421875,2356531.0,4.156000137329102,2400.5,863.419921875,104.26000213623047,52.38239288330078,6831.29833984375,758.6978759765625,5633.06982421875,2356531.0,4.156000137329102
2025-04-02,2366.5,,103.80999755859375,55.189998626708984,,,5670.97021484375,,4.196000099182129,2366.5,,103.80999755859375,52.3634147644043,,,5670.97021484375,,4.196000099182129
2025-04-03,2296.25,815.0,102.06999969482422,53.619998931884766,7070.0,752.0,5396.52001953125,2275659.0,4.054999828338623,2296.25,812.5718383789062,102.06999969482422,50.87382125854492,6661.693359375,723.118896484375,5396.52001953125,2275659.0,4.054999828338623
2025-04-04,2209.5,793.0,103.0199966430664,48.2400016784668,6440.0,740.0,5074.080078125,2107816.0,3.984999895095825,2209.5,790.6373901367188,103.0199966430664,45.76935958862305,6068.0771484375,711.5797729492188,5074.080078125,2107816.0,3.984999895095825
2025-04-07,2199.25,787.0,103.26000213623047,45.310001373291016,6160.0,710.0,5062.25,2025967.0,4.15500020980835,2199.25,784.6552734375,103.26000213623047,42.989418029785156,5804.24755859375,682.73193359375,5062.25,2025967.0,4.15500020980835
2025-04-08,2190.75,759.0,102.95999908447266,45.66999816894531,6240.0,680.0,4982.77001953125,1990621.0,4.26200008392334,2190.75,756.7387084960938,102.95999908447266,43.33098602294922,5879.6279296875,653.8840942382812,4982.77001953125,1990621.0,4.26200008392334
2025-04-09,2166.25,791.0,102.9000015258789,52.16999816894531,6980.0,717.0,5456.89990234375,2182907.0,4.400000095367432,2166.25,788.6433715820312,102.9000015258789,49.49808120727539,6576.8916015625,689.4630737304688,5456.89990234375,2182907.0,4.400000095367432
2025-04-10,2251.0,788.0,100.87000274658203,48.91999816894531,6670.0,744.0,5268.0498046875,2111490.0,4.394000053405762,2251.0,785.6522827148438,100.87000274658203,46.414527893066406,6284.7939453125,715.4261474609375,5268.0498046875,2111490.0,4.394000053405762
2025-04-11,2300.0,819.0,99.77999877929688,53.869998931884766,7220.0,767.0,5363.35986328125,2248803.0,4.493000030517578,2300.0,816.5599365234375,99.77999877929688,51.111019134521484,6803.0302734375,737.5427856445312,5363.35986328125,2248803.0,4.493000030517578
2025-04-14,2306.75,852.0,99.63999938964844,61.43000030517578,7720.0,776.0,5405.97021484375,2364950.0,4.363999843597412,2306.75,849.4616088867188,99.63999938964844,58.28382873535156,7274.154296875,746.1971435546875,5405.97021484375,2364950.0,4.363999843597412
2025-04-15,2317.5,807.0,100.22000122070312,59.529998779296875,7410.0,725.0,5396.6298828125,2284280.0,4.322999954223633,2317.5,804.595703125,100.22000122070312,56.48112869262695,6982.05810546875,697.1558837890625,5396.6298828125,2284280.0,4.322999954223633
2025-04-16,2310.5,761.0,99.37999725341797,60.040000915527344,7070.0,688.0,5275.7001953125,2177975.0,4.2789998054504395,2310.5,758.7327270507812,99.37999725341797,56.965023040771484,6661.693359375,661.5768432617188,5275.7001953125,2177975.0,4.2789998054504395
2025-04-17,2307.5,,99.37999725341797,61.95000076293945,,,5282.7001953125,,4.333000183105469,2307.5,,99.37999725341797,58.77719497680664,,,5282.7001953125,,4.333000183105469
2025-04-21,2330.5,661.0,98.27999877929688,60.47999954223633,6840.0,594.0,5158.2001953125,2045707.0,4.40500020980835,2330.5,659.0306396484375,98.27999877929688,57.382476806640625,6444.9765625,571.18701171875,5158.2001953125,2045707.0,4.40500020980835
2025-04-22,2303.25,658.0,98.91999816894531,62.91999816894531,7280.0,603.0,5287.759765625,2163891.0,4.388999938964844,2303.25,656.0396118164062,98.91999816894531,59.6975212097168,6859.56591796875,579.8413696289062,5287.759765625,2163891.0,4.388999938964844
2025-04-23,2345.75,699.0,99.83999633789062,64.38999938964844,7580.0,630.0,5375.85986328125,2239402.0,4.38700008392334,2345.75,696.9174194335938,99.83999633789062,61.092227935791016,7142.240234375,605.8043823242188,5375.85986328125,2239402.0,4.38700008392334
2025-04-24,2390.0,690.0,99.29000091552734,63.2400016784668,7580.0,629.0,5484.77001953125,2232745.0,4.304999828338623,2390.0,687.9442749023438,99.29000091552734,60.001129150390625,7142.240234375,604.8428344726562,5484.77001953125,2232745.0,4.304999828338623
2025-04-25,2351.25,694.0,99.47000122070312,63.40999984741211,7610.0,644.0,5525.2099609375,2225243.0,4.265999794006348,2351.25,691.9323120117188,99.47000122070312,60.16242218017578,7170.50732421875,619.2667236328125,5525.2099609375,2225243.0,4.265999794006348
2025-04-28,2347.5,693.0,99.01000213623047,62.2599983215332,7430.0,652.0,5528.75,2179249.0,4.216000080108643,2347.5,690.935302734375,99.01000213623047,59.07131576538086,7000.90283203125,626.95947265625,5528.75,2179249.0,4.216000080108643
2025-04-29,2354.0,679.0,99.23999786376953,61.47999954223633,7290.0,627.0,5560.830078125,2158848.0,4.172999858856201,2354.0,676.97705078125,99.23999786376953,58.331268310546875,6868.98828125,602.9196166992188,5560.830078125,2158848.0,4.172999858856201
2025-04-30,2292.75,659.0,99.47000122070312,60.400001525878906,7190.0,603.0,5569.06005859375,2100844.0,4.177000045776367,2292.75,657.03662109375,99.47000122070312,57.30657958984375,6774.76318359375,579.8413696289062,5569.06005859375,2100844.0,4.177000045776367
2025-05-01,2293.25,,100.25,58.689998626708984,,,5604.14013671875,,4.230999946594238,2293.25,,100.25,55.68416213989258,,,5604.14013671875,,4.230999946594238
2025-05-02,2307.75,,100.0,58.15999984741211,,,5686.669921875,,4.322000026702881,2307.75,,100.0,55.181304931640625,,,5686.669921875,,4.322000026702881
2025-05-05,2306.75,659.0,99.83000183105469,57.349998474121094,6980.0,617.0,5650.3798828125,2059932.0,4.3429999351501465,2306.75,657.03662109375,99.83000183105469,54.41278839111328,6576.8916015625,593.3036499023438,5650.3798828125,2059932.0,4.3429999351501465
2025-05-06,2310.25,679.0,99.23999786376953,58.290000915527344,7100.0,634.0,5606.91015625,2129994.0,4.308000087738037,2310.25,676.97705078125,99.23999786376953,55.30464553833008,6689.9609375,609.6507568359375,5606.91015625,2129994.0,4.308000087738037
2025-05-07,2269.75,663.0,99.61000061035156,58.349998474121094,6800.0,624.0,5631.27978515625,2059915.0,4.275000095367432,2269.75,661.0247192382812,99.61000061035156,55.361568450927734,6407.28662109375,600.0348510742188,5631.27978515625,2059915.0,4.275000095367432
2025-05-08,2294.25,649.0,100.63999938964844,58.43000030517578,6840.0,599.0,5663.93994140625,2061722.0,4.373000144958496,2294.25,647.06640625,100.63999938964844,55.43747329711914,6444.9765625,575.9949951171875,5663.93994140625,2061722.0,4.373000144958496
2025-05-09,2309.25,631.0,100.33999633789062,58.810001373291016,6780.0,591.0,5659.91015625,2114386.0,4.375,2309.25,629.1200561523438,100.33999633789062,55.798011779785156,6440.0244140625,568.30224609375,5659.91015625,2114386.0,4.375
2025-05-12,2382.0,620.0,101.79000091552734,61.65999984741211,7290.0,570.0,5844.18994140625,2230395.0,4.456999778747559,2382.0,618.15283203125,101.79000091552734,58.502044677734375,6924.45068359375,548.1087646484375,5844.18994140625,2230395.0,4.456999778747559
2025-05-13,2400.75,663.0,101.0,62.470001220703125,7310.0,615.0,5886.5498046875,2285483.0,4.499000072479248,2400.75,661.0247192382812,101.0,59.27056884765625,6943.4462890625,591.3804931640625,5886.5498046875,2285483.0,4.499000072479248
2025-05-14,2457.25,679.0,101.04000091552734,62.709999084472656,7240.0,617.0,5892.580078125,2301643.0,4.5279998779296875,2457.25,676.97705078125,101.04000091552734,59.4982795715332,6876.9580078125,593.3036499023438,5892.580078125,2301643.0,4.5279998779296875
2025-05-15,2403.5,684.0,100.87999725341797,61.790000915527344,7180.0,619.0,5916.93017578125,2298473.0,4.454999923706055,2403.5,681.962158203125,100.87999725341797,58.625389099121094,6819.966796875,595.2268676757812,5916.93017578125,2298473.0,4.454999923706055
2025-05-16,2389.75,731.0,101.08999633789062,62.02000045776367,7300.0,653.0,5958.3798828125,2318360.0,4.440999984741211,2389.75,728.8220825195312,101.08999633789062,58.84361267089844,6933.94873046875,627.9210815429688,5958.3798828125,2318360.0,4.440999984741211
2025-05-19,2355.25,728.0,100.43000030517578,63.70000076293945,7400.0,643.0,5963.60009765625,2369505.0,4.474999904632568,2355.25,725.8310546875,100.43000030517578,60.43756866455078,7028.93408203125,618.3051147460938,5963.60009765625,2369505.0,4.474999904632568
2025-05-20,2372.25,751.0,100.12000274658203,63.619998931884766,7410.0,666.0,5940.4599609375,2378464.0,4.480999946594238,2372.25,748.7625122070312,100.12000274658203,60.36166000366211,7038.43359375,640.4218139648438,5940.4599609375,2378464.0,4.480999946594238
2025-05-21,2374.25,761.0,99.55999755859375,61.88999938964844,7240.0,679.0,5844.60986328125,2319549.0,4.5960001945495605,2374.25,758.7327270507812,99.55999755859375,58.72026824951172,6876.9580078125,652.9225463867188,5844.60986328125,2319549.0,4.5960001945495605
2025-05-22,2350.25,762.0,99.95999908447266,62.33000183105469,7200.0,676.0,5842.009765625,2314897.0,4.552999973297119,2350.25,759.729736328125,99.95999908447266,59.13773727416992,6838.962890625,650.0377197265625,5842.009765625,2314897.0,4.552999973297119
2025-05-23,2357.5,789.0,99.11000061035156,62.86000061035156,7330.0,679.0,5802.81982421875,2345902.0,4.508999824523926,2357.5,786.6492919921875,99.11000061035156,59.64058303833008,6962.44482421875,652.9225463867188,5802.81982421875,2345902.0,4.508999824523926
2025-05-26,,808.0,98.93000030517578,,7330.0,697.0,,2370800.0,,,805.5927124023438,98.93000030517578,,6962.44482421875,670.231201171875,,2370800.0,
2025-05-27,2373.5,817.0,99.5199966430664,61.36000061035156,7220.0,699.0,5921.5400390625,2355098.0,4.434000015258789,2373.5,814.5658569335938,99.5199966430664,58.217411041259766,6857.9609375,672.1544189453125,5921.5400390625,2355098.0,4.434000015258789
2025-05-28,2358.25,830.0,99.87999725341797,60.59000015258789,7130.0,713.0,5888.5498046875,2344330.0,4.4770002365112305,2358.25,827.5271606445312,99.87999725341797,57.48685073852539,6772.47265625,685.61669921875,5888.5498046875,2344330.0,4.4770002365112305
2025-05-29,2344.25,835.0,99.27999877929688,58.16999816894531,6960.0,714.0,5912.169921875,2308056.0,4.423999786376953,2344.25,832.5122680664062,99.27999877929688,55.19078826904297,6610.9970703125,686.5783081054688,5912.169921875,2308056.0,4.423999786376953
2025-05-30,2348.5,797.0,99.33000183105469,58.04999923706055,6960.0,701.0,5911.68994140625,2278992.0,4.415999889373779,2348.5,794.62548828125,99.33000183105469,55.076934814453125,6610.9970703125,674.0775756835938,5911.68994140625,2278992.0,4.415999889373779
2025-06-02,2381.75,755.0,98.69999694824219,56.63999938964844,6780.0,661.0,5935.93994140625,2206291.0,4.461999893188477,2381.75,752.7506103515625,98.69999694824219,53.73915100097656,6440.0244140625,635.6138305664062,5935.93994140625,2206291.0,4.461999893188477
2025-06-03,2371.0,718.0,99.25,56.599998474121094,6800.0,648.0,5970.3701171875,2224638.0,4.460000038146973,2371.0,715.86083984375,99.25,53.957454681396484,6459.02099609375,623.1130981445312,5970.3701171875,2224638.0,4.460000038146973
2025-06-04,2390.75,705.0,98.79000091552734,53.869998931884766,6480.0,636.0,5970.81005859375,2126915.0,4.364999771118164,2390.75,702.8995361328125,98.79000091552734,51.35491943359375,6155.06787109375,611.573974609375,5970.81005859375,2126915.0,4.364999771118164
2025-06-05,2404.0,708.0,98.73999786376953,54.380001068115234,6510.0,639.0,5939.2998046875,2124156.0,4.394000053405762,2404.0,705.890625,98.73999786376953,51.84110641479492,6183.5625,614.458740234375,5939.2998046875,2124156.0,4.394000053405762
2025-06-06,2365.75,707.0,99.19000244140625,55.31999969482422,6630.0,645.0,6000.35986328125,2156778.0,4.510000228881836,2365.75,704.8936157226562,99.19000244140625,52.73722839355469,6297.544921875,620.2283325195312,6000.35986328125,2156778.0,4.510000228881836
2025-06-09,2394.75,678.0,98.94000244140625,54.02000045776367,6490.0,623.0,6005.8798828125,2111197.0,4.48199987411499,2394.75,675.97998046875,98.94000244140625,51.49791717529297,6164.56494140625,599.0732421875,6005.8798828125,2111197.0,4.48199987411499
2025-06-10,2419.25,690.0,99.05000305175781,57.33000183105469,6840.0,635.0,6038.81005859375,2202667.0,4.473999977111816,2419.25,687.9442749023438,99.05000305175781,54.65338134765625,6497.01513671875,610.6123657226562,6038.81005859375,2202667.0,4.473999977111816
2025-06-11,2443.0,686.0,98.62999725341797,56.20000076293945,6690.0,637.0,6022.240234375,2171272.0,4.4120001792907715,2443.0,683.9561767578125,98.62999725341797,53.57613754272461,6354.53759765625,612.5355834960938,6022.240234375,2171272.0,4.4120001792907715
2025-06-12,2439.75,688.0,97.91999816894531,56.13999938964844,6690.0,644.0,6045.259765625,2187671.0,4.35699987411499,2439.75,685.9501953125,97.91999816894531,53.5189323425293,6354.53759765625,619.2667236328125,6045.259765625,2187671.0,4.35699987411499
2025-06-13,2436.0,658.0,98.18000030517578,54.66999816894531,6530.0,621.0,5976.97021484375,2127156.0,4.423999786376953,2436.0,656.0396118164062,98.18000030517578,52.11756896972656,6202.5595703125,597.1500244140625,5976.97021484375,2127156.0,4.423999786376953
2025-06-16,2441.0,,98.0,54.5,,,6033.10986328125,,4.452000141143799,2441.0,,98.0,51.95550537109375,,,6033.10986328125,,4.452000141143799
2025-06-17,2479.5,632.0,98.81999969482422,54.349998474121094,6420.0,595.0,5982.72021484375,2072440.0,4.39300012588501,2479.5,630.1170654296875,98.81999969482422,51.812503814697266,6098.07568359375,572.1486206054688,5982.72021484375,2072440.0,4.39300012588501
2025-06-18,2503.75,628.0,98.91000366210938,54.150001525878906,6340.0,587.0,5980.8701171875,2050983.0,4.396999835968018,2503.75,626.1289672851562,98.91000366210938,51.621849060058594,6022.08740234375,564.4558715820312,5980.8701171875,2050983.0,4.396999835968018
2025-06-19,,622.0,,,6370.0,591.0,,2064099.0,,,620.1468505859375,,,6050.5830078125,568.30224609375,,2064099.0,
2025-06-20,2470.75,,98.70999908447266,52.0,,,5967.83984375,,4.375,2470.75,,98.70999908447266,49.57222366333008,,,5967.83984375,,4.375
2025-06-23,2528.5,584.0,98.41999816894531,50.369998931884766,6010.0,565.0,6025.169921875,1977116.0,4.320000171661377,2528.5,582.2600708007812,98.41999816894531,48.01832580566406,5708.63427734375,543.30078125,6025.169921875,1977116.0,4.320000171661377
2025-06-24,2507.75,629.0,97.86000061035156,52.68000030517578,6290.0,607.0,6092.18017578125,2064590.0,4.293000221252441,2507.75,627.1259765625,97.86000061035156,50.22047805786133,5974.59521484375,583.687744140625,6092.18017578125,2064590.0,4.293000221252441
2025-06-25,2497.25,656.0,97.68000030517578,51.66999816894531,6220.0,615.0,6092.16015625,2024393.0,4.293000221252441,2497.25,654.0455322265625,97.68000030517578,49.25762939453125,5908.10498046875,591.3804931640625,6092.16015625,2024393.0,4.293000221252441
2025-06-26,2510.5,690.0,97.1500015258789,51.95000076293945,6240.0,626.0,6141.02001953125,2038948.0,4.252999782562256,2510.5,687.9442749023438,97.1500015258789,49.524559020996094,5927.1015625,601.9580078125,6141.02001953125,2038948.0,4.252999782562256
2025-06-27,2507.5,706.0,97.4000015258789,51.66999816894531,6210.0,630.0,6173.06982421875,2041078.0,4.2829999923706055,2507.5,703.8966064453125,97.4000015258789,49.25762939453125,5898.60595703125,605.8043823242188,6173.06982421875,2041078.0,4.2829999923706055
2025-06-30,2515.25,719.0,96.87999725341797,50.38999938964844,6080.0,616.0,6204.9501953125,1994825.0,4.230000019073486,2515.25,716.8578491210938,96.87999725341797,48.03739547729492,5775.125,592.3421020507812,6204.9501953125,1994825.0,4.230000019073486
2025-07-01,2518.25,716.0,96.81999969482422,49.9900016784668,6190.0,612.0,6198.009765625,2031093.0,4.250999927520752,2518.25,713.8668212890625,96.81999969482422,47.656070709228516,5879.6083984375,588.4957275390625,6198.009765625,2031093.0,4.250999927520752
2025-07-02,2530.0,736.0,96.77999877929688,50.380001068115234,6230.0,638.0,6227.419921875,2063027.0,4.293000221252441,2530.0,733.8071899414062,96.77999877929688,48.02785873413086,5917.603515625,613.4971313476562,6227.419921875,2063027.0,4.293000221252441
2025-07-03,2524.75,726.0,97.18000030517578,51.0099983215332,6260.0,646.0,6279.35009765625,2078161.0,4.3480000495910645,2524.75,723.8369750976562,97.18000030517578,48.62844467163086,5946.09814453125,621.1898803710938,6279.35009765625,2078161.0,4.3480000495910645
2025-07-04,,725.0,,,6250.0,647.0,,2078697.0,,,722.8399658203125,,,5936.599609375,622.1514892578125,,2078697.0,
2025-07-07,2467.25,713.0,97.4800033569336,48.349998474121094,6170.0,638.0,6229.97998046875,2049934.0,4.394999980926514,2467.25,710.875732421875,97.4800033569336,46.09263229370117,5880.51416015625,613.4971313476562,6229.97998046875,2049934.0,4.394999980926514
2025-07-08,2469.5,698.0,97.51000213623047,50.689998626708984,6370.0,625.0,6225.52001953125,2129786.0,4.414999961853027,2469.5,695.92041015625,97.51000213623047,48.32338333129883,6071.130859375,600.9963989257812,6225.52001953125,2129786.0,4.414999961853027
2025-07-09,2486.25,,97.47000122070312,49.97999954223633,,,6263.259765625,,4.3420000076293945,2486.25,,97.47000122070312,47.64653015136719,,,6263.259765625,,4.3420000076293945
2025-07-10,2504.5,683.0,97.6500015258789,48.709999084472656,6190.0,629.0,6280.4599609375,2068736.0,4.3460001945495605,2504.5,680.965087890625,97.6500015258789,46.43582534790039,5899.576171875,604.8428344726562,6280.4599609375,2068736.0,4.3460001945495605
2025-07-11,2491.25,683.0,97.8499984741211,47.099998474121094,6000.0,622.0,6259.75,2007433.0,4.422999858856201,2491.25,680.965087890625,97.8499984741211,44.900997161865234,5718.4912109375,598.1116333007812,6259.75,2007433.0,4.422999858856201
2025-07-14,2470.25,729.0,98.08000183105469,46.790000915527344,6080.0,658.0,6268.56005859375,2064025.0,4.427000045776367,2470.25,726.8280639648438,98.08000183105469,44.60546875,5794.73681640625,632.7290649414062,6268.56005859375,2064025.0,4.427000045776367
2025-07-15,2447.5,717.0,98.62000274658203,47.459999084472656,6080.0,655.0,6243.759765625,2075072.0,4.488999843597412,2447.5,714.8638305664062,98.62000274658203,45.24419021606445,5794.73681640625,629.84423828125,6243.759765625,2075072.0,4.488999843597412
2025-07-16,2433.25,706.0,98.38999938964844,46.380001068115234,5920.0,650.0,6263.7001953125,2027274.0,4.454999923706055,2433.25,703.8966064453125,98.38999938964844,44.2146110534668,5642.244140625,625.0362548828125,6263.7001953125,2027274.0,4.454999923706055
2025-07-17,2428.75,699.0,98.7300033569336,47.709999084472656,6120.0,643.0,6297.35986328125,2066134.0,4.4629998207092285,2428.75,696.9174194335938,98.7300033569336,45.48251724243164,5832.86083984375,618.3051147460938,6297.35986328125,2066134.0,4.4629998207092285
2025-07-18,2507.25,723.0,98.4800033569336,47.220001220703125,6100.0,657.0,6296.7900390625,2075286.0,4.432000160217285,2507.25,720.845947265625,98.4800033569336,45.01539993286133,5813.79931640625,631.7674560546875,6296.7900390625,2075286.0,4.432000160217285
2025-07-21,2552.0,708.0,97.8499984741211,47.08000183105469,6040.0,631.0,6305.60009765625,2042466.0,4.372000217437744,2552.0,705.890625,97.8499984741211,44.88193130493164,5756.61328125,606.7659912109375,6305.60009765625,2042466.0,4.372000217437744
2025-07-22,2584.25,689.0,97.38999938964844,47.810001373291016,6030.0,617.0,6309.6201171875,2010482.0,4.335999965667725,2584.25,686.947265625,97.38999938964844,45.57784652709961,5747.08251953125,593.3036499023438,6309.6201171875,2010482.0,4.335999965667725
2025-07-23,2566.75,691.0,97.20999908447266,49.25,6230.0,621.0,6358.91015625,2083677.0,4.388000011444092,2566.75,688.9412841796875,97.20999908447266,46.950618743896484,5937.7001953125,597.1500244140625,6358.91015625,2083677.0,4.388000011444092
2025-07-24,2564.25,692.0,97.37999725341797,51.060001373291016,6500.0,631.0,6363.35009765625,2135087.0,4.4079999923706055,2564.25,689.9382934570312,97.37999725341797,48.676109313964844,6195.03125,606.7659912109375,6363.35009765625,2135087.0,4.4079999923706055
2025-07-25,2546.5,711.0,97.6500015258789,51.77000045776367,6640.0,660.0,6388.64013671875,2197099.0,4.386000156402588,2546.5,708.8817138671875,97.6500015258789,49.35296630859375,6328.462890625,634.6522216796875,6388.64013671875,2197099.0,4.386000156402588
2025-07-28,2533.5,708.0,98.66000366210938,51.0,6620.0,658.0,6389.77001953125,2213570.0,4.420000076293945,2533.5,705.890625,98.66000366210938,48.61891174316406,6309.40234375,632.7290649414062,6389.77001953125,2213570.0,4.420000076293945
2025-07-29,2507.0,722.0,98.91000366210938,52.75,6830.0,665.0,6370.85986328125,2304343.0,4.329999923706055,2507.0,719.8489379882812,98.91000366210938,50.43654251098633,6509.548828125,639.460205078125,6370.85986328125,2304343.0,4.329999923706055
2025-07-30,2502.5,750.0,99.94000244140625,52.040000915527344,6850.0,694.0,6362.89990234375,2306756.0,4.375999927520752,2502.5,747.7655029296875,99.94000244140625,49.75767517089844,6528.61083984375,667.346435546875,6362.89990234375,2306756.0,4.375999927520752
2025-07-31,2446.75,787.0,100.02999877929688,50.470001220703125,6870.0,696.0,6339.39013671875,2319511.0,4.360000133514404,2446.75,784.6552734375,100.02999877929688,48.256534576416016,6547.671875,669.2695922851562,6339.39013671875,2319511.0,4.360000133514404
2025-08-01,2432.0,774.0,98.69000244140625,48.90999984741211,6690.0,675.0,6238.009765625,2278849.0,4.21999979019165,2432.0,771.6939697265625,98.69000244140625,46.764949798583984,6376.1171875,649.076171875,6238.009765625,2278849.0,4.21999979019165
2025-08-04,2427.0,745.0,98.77999877929688,49.29999923706055,6690.0,654.0,6329.93994140625,2287329.0,4.199999809265137,2427.0,742.7803955078125,98.77999877929688,47.13784408569336,6376.1171875,628.8826904296875,6329.93994140625,2287329.0,4.199999809265137
2025-08-05,2432.75,725.0,98.77999877929688,50.95000076293945,6860.0,647.0,6299.18994140625,2346867.0,4.196000099182129,2432.75,722.8399658203125,98.77999877929688,48.71548080444336,6538.1416015625,622.1514892578125,6299.18994140625,2346867.0,4.196000099182129
2025-08-06,2483.25,725.0,98.18000030517578,53.130001068115234,7070.0,635.0,6345.06005859375,2415041.0,4.21999979019165,2483.25,722.8399658203125,98.18000030517578,50.79987335205078,6738.2880859375,610.6123657226562,6345.06005859375,2415041.0,4.21999979019165
2025-08-07,2500.0,727.0,98.4000015258789,51.599998474121094,6840.0,616.0,6340.0,2349021.0,4.24399995803833,2500.0,724.8340454101562,98.4000015258789,49.336971282958984,6538.96142578125,592.3421020507812,6340.0,2349021.0,4.24399995803833
2025-08-08,2501.75,730.0,98.18000030517578,51.02000045776367,6780.0,633.0,6389.4501953125,2300926.0,4.284999847412109,2501.75,727.8250732421875,98.18000030517578,48.78241729736328,6481.6015625,608.689208984375,6389.4501953125,2300926.0,4.284999847412109
2025-08-11,2469.5,714.0,98.5199966430664,51.31999969482422,6780.0,640.0,6373.4501953125,2303302.0,4.2729997634887695,2469.5,711.8727416992188,98.5199966430664,49.06925582885742,6481.6015625,615.4203491210938,6373.4501953125,2303302.0,4.2729997634887695
2025-08-12,2507.75,724.0,98.0999984741211,52.20000076293945,6870.0,632.0,6445.759765625,2311836.0,4.293000221252441,2507.75,721.8429565429688,98.0999984741211,49.91065979003906,6567.6416015625,607.7276000976562,6445.759765625,2311836.0,4.293000221252441
2025-08-13,2510.5,714.0,97.83999633789062,52.13999938964844,6830.0,624.0,6466.580078125,2287631.0,4.23799991607666,2510.5,711.8727416992188,97.83999633789062,49.853294372558594,6529.4013671875,600.0348510742188,6466.580078125,2287631.0,4.23799991607666
2025-08-14,2501.5,708.0,98.25,49.439998626708984,6450.0,609.0,6468.5400390625,2188543.0,4.293000221252441,2501.5,705.890625,98.25,47.271705627441406,6166.12646484375,585.6109008789062,6468.5400390625,2188543.0,4.293000221252441
2025-08-15,2480.75,,97.8499984741211,48.2599983215332,,,6449.7998046875,,4.328000068664551,2480.75,,97.8499984741211,46.14345932006836,,,6449.7998046875,,4.328000068664551
2025-08-18,2458.5,707.0,98.16999816894531,49.22999954223633,6380.0,605.0,6449.14990234375,2198382.0,4.341000080108643,2458.5,704.8936157226562,98.16999816894531,47.070919036865234,6099.2060546875,581.7645263671875,6449.14990234375,2198382.0,4.341000080108643
2025-08-19,2428.0,683.0,98.2699966430664,46.720001220703125,6070.0,597.0,6411.3701171875,2092206.0,4.302000045776367,2428.0,680.965087890625,98.2699966430664,44.670997619628906,5802.849609375,574.07177734375,6411.3701171875,2092206.0,4.302000045776367
2025-08-20,2459.75,679.0,98.22000122070312,46.27000045776367,6040.0,582.0,6395.77978515625,2081951.0,4.296000003814697,2459.75,676.97705078125,98.22000122070312,44.2407341003418,5774.17041015625,559.6478881835938,6395.77978515625,2081951.0,4.296000003814697
2025-08-21,2484.5,678.0,98.62000274658203,46.11000061035156,6090.0,597.0,6370.169921875,2103163.0,4.329999923706055,2484.5,675.97998046875,98.62000274658203,44.08774948120117,5821.97021484375,574.07177734375,6370.169921875,2103163.0,4.329999923706055
2025-08-22,2505.25,692.0,97.72000122070312,45.27000045776367,6040.0,600.0,6466.91015625,2106200.0,4.260000228881836,2505.25,689.9382934570312,97.72000122070312,43.28458786010742,5774.17041015625,576.95654296875,6466.91015625,2106200.0,4.260000228881836
2025-08-25,2527.0,712.0,98.43000030517578,42.0,5750.0,604.0,6439.31982421875,2021852.0,4.275000095367432,2527.0,709.8787231445312,98.43000030517578,40.15800094604492,5496.93408203125,580.8029174804688,6439.31982421875,2021852.0,4.275000095367432
2025-08-26,2541.25,725.0,98.2300033569336,41.54999923706055,5650.0,589.0,6465.93994140625,2033345.0,4.257999897003174,2541.25,722.8399658203125,98.2300033569336,39.72773361206055,5401.33544921875,566.3790283203125,6465.93994140625,2033345.0,4.257999897003174
2025-08-27,2506.0,737.0,98.2300033569336,39.81999969482422,5420.0,585.0,6481.39990234375,1974151.0,4.23799991607666,2506.0,734.80419921875,98.2300033569336,38.0736083984375,5181.45751953125,562.5326538085938,6481.39990234375,1974151.0,4.23799991607666
2025-08-28,2516.25,697.0,97.80999755859375,39.790000915527344,5370.0,574.0,6501.85986328125,1997379.0,4.206999778747559,2516.25,694.9234008789062,97.80999755859375,38.04492950439453,5133.6572265625,551.9551391601562,6501.85986328125,1997379.0,4.206999778747559
2025-08-29,2514.75,723.0,97.7699966430664,39.279998779296875,5300.0,570.0,6460.259765625,1984845.0,4.2270002365112305,2514.75,720.845947265625,97.7699966430664,37.69940948486328,5066.7392578125,548.1087646484375,6460.259765625,1984845.0,4.2270002365112305
2025-09-01,,749.0,,,5200.0,578.0,,1939743.0,,,746.7684936523438,,,4971.14013671875,555.801513671875,,1939743.0,
2025-09-02,2514.5,738.0,98.4000015258789,39.47999954223633,5420.0,553.0,6415.5400390625,1975730.0,4.2769999504089355,2514.5,735.80126953125,98.4000015258789,37.891361236572266,5181.45751953125,531.7616577148438,6415.5400390625,1975730.0,4.2769999504089355
2025-09-03,2505.5,700.0,98.13999938964844,38.439998626708984,5290.0,540.0,6448.259765625,1933987.0,4.210999965667725,2505.5,697.9144897460938,98.13999938964844,36.89321517944336,5057.17919921875,519.2609252929688,6448.259765625,1933987.0,4.210999965667725
2025-09-04,2488.75,696.0,98.3499984741211,39.9900016784668,5540.0,530.0,6502.080078125,1990320.0,4.176000118255615,2488.75,693.9263916015625,98.3499984741211,38.38084030151367,5296.17578125,509.64495849609375,6502.080078125,1990320.0,4.176000118255615
2025-09-05,2495.25,686.0,97.7699966430664,40.099998474121094,5560.0,510.0,6481.5,1997624.0,4.085999965667725,2495.25,683.9561767578125,97.7699966430664,38.486419677734375,5336.396484375,490.4130859375,6481.5,1997624.0,4.085999965667725
2025-09-08,2511.0,696.5,97.44999694824219,30.649999618530273,4440.0,510.0,6495.14990234375,1732924.0,4.046000003814697,2511.0,694.4248657226562,97.44999694824219,29.41667366027832,4261.43798828125,490.4130859375,6495.14990234375,1732924.0,4.046000003814697
2025-09-09,2516.0,694.0,97.79000091552734,30.1200008392334,4325.0,520.0,6512.60986328125,1728447.0,4.073999881744385,2516.0,691.9323120117188,97.79000091552734,28.90800666809082,4151.06396484375,500.0290222167969,6512.60986328125,1728447.0,4.073999881744385
2025-09-10,2518.25,702.0,97.77999877929688,32.06999969482422,4615.0,551.5,6532.0400390625,1825228.0,4.0320000648498535,2518.25,699.9085083007812,97.77999877929688,30.7795352935791,4429.400390625,530.3192749023438,6532.0400390625,1825228.0,4.0320000648498535
2025-09-11,2587.75,682.0,97.54000091552734,31.270000457763672,4522.5,550.5,6587.47021484375,1805182.0,4.011000156402588,2587.75,679.9680786132812,97.54000091552734,30.011730194091797,4340.62060546875,529.357666015625,6587.47021484375,1805182.0,4.011000156402588
2025-09-12,2583.75,666.0,97.55000305175781,29.950000762939453,4410.0,540.0,6584.2900390625,1759874.0,4.060999870300293,2583.75,664.0157470703125,97.55000305175781,28.74484634399414,4232.64501953125,519.2609252929688,6584.2900390625,1759874.0,4.060999870300293
2025-09-15,2591.0,667.0,97.30000305175781,29.18000030517578,4305.0,555.5,6615.27978515625,1748702.0,4.033999919891357,2591.0,665.0127563476562,97.30000305175781,28.005828857421875,4131.86767578125,534.1656494140625,6615.27978515625,1748702.0,4.033999919891357
2025-09-16,2614.75,684.5,96.62999725341797,30.25,4440.0,571.5,6606.759765625,1788269.0,4.026000022888184,2614.75,682.4606323242188,96.62999725341797,29.03277015686035,4261.43798828125,549.5511474609375,6606.759765625,1788269.0,4.026000022888184
2025-09-17,2583.75,689.0,96.87000274658203,29.559999465942383,4407.5,570.5,6600.35009765625,1783520.0,4.076000213623047,2583.75,686.947265625,96.87000274658203,28.370532989501953,4230.2451171875,548.5895385742188,6600.35009765625,1783520.0,4.076000213623047
2025-09-18,2579.0,659.5,97.3499984741211,27.299999237060547,4195.0,543.5,6631.9599609375,1695530.0,4.104000091552734,2579.0,657.53515625,97.3499984741211,26.20147705078125,4026.291748046875,522.62646484375,6631.9599609375,1695530.0,4.104000091552734
2025-09-19,2559.75,653.0,97.63999938964844,26.450000762939453,4087.5,551.0,6664.35986328125,1683960.0,4.138999938964844,2559.75,651.0545043945312,97.63999938964844,25.385683059692383,3923.11474609375,529.8384399414062,6664.35986328125,1683960.0,4.138999938964844
2025-09-22,2530.25,643.0,97.33000183105469,32.029998779296875,4607.5,544.0,6693.75,1811039.0,4.14300012588501,2530.25,641.0842895507812,97.33000183105469,30.741147994995117,4422.20263671875,523.1072998046875,6693.75,1811039.0,4.14300012588501
2025-09-23,2522.0,639.5,97.26000213623047,31.510000228881836,4475.0,558.5,6656.919921875,1815382.0,4.119999885559082,2522.0,637.5947265625,97.26000213623047,30.2420711517334,4295.03076171875,537.0504150390625,6656.919921875,1815382.0,4.119999885559082
2025-09-24,2533.5,662.5,97.87000274658203,32.939998626708984,4572.5,578.0,6637.97021484375,1843319.0,4.146999835968018,2533.5,660.5261840820312,97.87000274658203,31.614530563354492,4388.60986328125,555.801513671875,6637.97021484375,1843319.0,4.146999835968018
2025-09-25,2551.0,645.0,98.55000305175781,30.530000686645508,4282.5,554.5,6604.72021484375,1767848.0,4.171999931335449,2551.0,643.0783081054688,98.55000305175781,29.30150604248047,4110.27294921875,533.2040405273438,6604.72021484375,1767848.0,4.171999931335449
2025-09-26,2544.75,662.5,98.1500015258789,29.579999923706055,4340.0,567.0,6643.7001953125,1791046.0,4.186999797821045,2544.75,660.5261840820312,98.1500015258789,28.389728546142578,4165.46044921875,545.2239379882812,6643.7001953125,1791046.0,4.186999797821045
2025-09-29,2583.5,689.0,97.91000366210938,29.469999313354492,4397.5,583.0,6661.2099609375,1793185.0,4.140999794006348,2583.5,686.947265625,97.91000366210938,28.284156799316406,4220.64794921875,560.6094970703125,6661.2099609375,1793185.0,4.140999794006348
2025-09-30,2594.0,696.0,97.7699966430664,27.559999465942383,4250.0,576.5,6688.4599609375,1773440.0,4.1479997634887695,2594.0,693.9263916015625,97.7699966430664,26.575462341308594,4079.079833984375,554.359130859375,6688.4599609375,1773440.0,4.1479997634887695
2025-10-01,2597.5,731.5,97.70999908447266,26.6299991607666,4190.0,618.0,6711.2001953125,1764590.0,4.105999946594238,2597.5,729.3206176757812,97.70999908447266,25.678680419921875,4021.492431640625,594.2652587890625,6711.2001953125,1764590.0,4.105999946594238
2025-10-02,2596.5,753.5,97.8499984741211,27.950000762939453,4337.5,634.5,6715.35009765625,1808661.0,4.0879998207092285,2596.5,751.2550659179688,97.8499984741211,26.951528549194336,4163.060546875,610.131591796875,6715.35009765625,1808661.0,4.0879998207092285
2025-10-03,2612.75,759.0,97.72000122070312,28.690000534057617,4375.0,657.5,6715.7900390625,1805024.0,4.11899995803833,2612.75,756.7387084960938,97.72000122070312,27.66509437561035,4199.0517578125,632.2482299804688,6715.7900390625,1805024.0,4.11899995803833
2025-10-06,2636.25,736.5,98.11000061035156,28.790000915527344,4370.0,638.0,6740.27978515625,1802570.0,4.1620001792907715,2636.25,734.3057250976562,98.11000061035156,27.76152229309082,4194.25341796875,613.4971313476562,6740.27978515625,1802570.0,4.1620001792907715
2025-10-07,2662.0,698.5,98.58000183105469,27.799999237060547,4340.0,606.5,6714.58984375,1793952.0,4.126999855041504,2662.0,696.4189453125,98.58000183105469,26.806886672973633,4186.84130859375,583.2069091796875,6714.58984375,1793952.0,4.126999855041504
2025-10-08,2681.25,719.0,98.8499984741211,28.360000610351562,4395.0,622.0,6753.72021484375,1819464.0,4.129000186920166,2681.25,716.8578491210938,98.8499984741211,27.346881866455078,4239.89990234375,598.1116333007812,6753.72021484375,1819464.0,4.129000186920166
2025-10-09,2727.75,720.5,99.54000091552734,34.5,4770.0,625.0,6735.10986328125,1924930.0,4.1479997634887695,2727.75,718.3533935546875,99.54000091552734,33.26753616333008,4601.666015625,600.9963989257812,6735.10986328125,1924930.0,4.1479997634887695
2025-10-10,2603.5,,98.9800033569336,33.130001068115234,,,6552.509765625,,4.051000118255615,2603.5,,98.9800033569336,31.946481704711914,,,6552.509765625,,4.051000118255615
2025-10-13,2653.5,692.5,99.2699966430664,34.2599983215332,4932.5,608.0,6654.72021484375,1958155.0,4.051000118255615,2653.5,690.4368286132812,99.2699966430664,33.036109924316406,4758.431640625,584.6493530273438,6654.72021484375,1958155.0,4.051000118255615
2025-10-14,2636.0,692.0,99.05000305175781,32.209999084472656,4692.5,593.5,6644.31005859375,1884774.0,4.021999835968018,2636.0,689.9382934570312,99.05000305175781,31.059345245361328,4526.9013671875,570.7062377929688,6644.31005859375,1884774.0,4.021999835968018
2025-10-15,2643.0,705.0,98.79000091552734,33.2599983215332,4797.5,583.5,6671.06005859375,1912739.0,4.046000003814697,2643.0,702.8995361328125,98.79000091552734,32.071834564208984,4628.19580078125,561.0902709960938,6671.06005859375,1912739.0,4.046000003814697
2025-10-16,2686.25,738.0,98.38999938964844,33.209999084472656,4852.5,610.5,6629.06982421875,1929505.0,3.9760000705718994,2686.25,735.80126953125,98.38999938964844,32.023624420166016,4681.25537109375,587.0532836914062,6629.06982421875,1929505.0,3.9760000705718994
2025-10-17,2683.0,796.5,98.43000030517578,32.4900016784668,4960.0,640.0,6664.009765625,1989555.0,4.006999969482422,2683.0,794.126953125,98.43000030517578,31.329343795776367,4784.9609375,615.4203491210938,6664.009765625,1989555.0,4.006999969482422
2025-10-20,2689.25,852.0,98.58999633789062,32.09000015258789,5010.0,652.5,6735.1298828125,1978419.0,3.9860000610351562,2689.25,849.4616088867188,98.58999633789062,30.943634033203125,4833.1962890625,627.4402465820312,6735.1298828125,1978419.0,3.9860000610351562
2025-10-21,2681.25,884.0,98.93000030517578,32.119998931884766,5115.0,645.5,6735.35009765625,2002849.0,3.9630000591278076,2681.25,881.3662719726562,98.93000030517578,30.97256088256836,4934.490234375,620.7091064453125,6735.35009765625,2002849.0,3.9630000591278076
2025-10-22,2708.0,831.5,98.9000015258789,33.02000045776367,5305.0,622.5,6699.39990234375,2018811.0,3.953000068664551,2708.0,829.022705078125,98.9000015258789,31.840410232543945,5117.7861328125,598.5924682617188,6699.39990234375,2018811.0,3.953000068664551
2025-10-23,2768.75,793.5,98.94000244140625,34.84000015258789,5420.0,601.0,6738.43994140625,2055520.0,3.990999937057495,2768.75,791.1359252929688,98.94000244140625,33.59539031982422,5228.7275390625,577.9181518554688,6738.43994140625,2055520.0,3.990999937057495
2025-10-24,2776.75,802.5,98.94999694824219,35.43000030517578,5550.0,589.5,6791.68994140625,2076859.0,3.996999979019165,2776.75,800.1090698242188,98.94999694824219,34.164310455322266,5354.14013671875,566.8598022460938,6791.68994140625,2076859.0,3.996999979019165
2025-10-27,2800.25,812.0,98.77999877929688,49.13999938964844,7090.0,589.5,6875.16015625,2529084.0,3.996999979019165,2800.25,809.5807495117188,98.77999877929688,47.384552001953125,6839.79345703125,566.8598022460938,6875.16015625,2529084.0,3.996999979019165
2025-10-28,2821.5,883.0,98.69000244140625,52.400001525878906,7660.0,618.5,6890.89013671875,2670388.0,3.9830000400543213,2821.5,880.3692626953125,98.69000244140625,50.5280876159668,7389.677734375,594.74609375,6890.89013671875,2670388.0,3.9830000400543213
2025-10-29,2829.25,931.5,99.22000122070312,55.04999923706055,7890.0,702.5,6890.58984375,2801881.0,4.058000087738037,2829.25,928.7247314453125,99.22000122070312,53.08341598510742,7611.56103515625,675.5199584960938,6890.58984375,2801881.0,4.058000087738037
2025-10-30,2815.25,934.5,99.52999877929688,53.779998779296875,8005.0,722.5,6822.33984375,2793520.0,4.0929999351501465,2815.25,931.7158203125,99.52999877929688,51.858795166015625,7722.5029296875,694.7518920898438,6822.33984375,2793520.0,4.0929999351501465
2025-10-31,2824.75,986.5,99.80000305175781,59.130001068115234,8845.0,729.0,6840.2001953125,3002607.0,4.10099983215332,2824.75,983.5609130859375,99.80000305175781,57.01766586303711,8532.8603515625,701.0022583007812,6840.2001953125,3002607.0,4.10099983215332
2025-11-03,2852.25,1009.0,99.87000274658203,60.790000915527344,9185.0,790.0,6851.97021484375,3104495.0,4.105999946594238,2852.25,1005.9938354492188,99.87000274658203,58.75251007080078,8860.8603515625,759.6594848632812,6851.97021484375,3104495.0,4.105999946594238
2025-11-04,2778.25,970.5,100.22000122070312,59.2599983215332,9065.0,811.5,6771.5498046875,3080710.0,4.089000225067139,2778.25,967.6085815429688,100.22000122070312,57.27378845214844,8745.0947265625,780.333740234375,6771.5498046875,3080710.0,4.089000225067139
2025-11-05,2762.75,976.5,100.19999694824219,59.16999816894531,8805.0,799.5,6796.2900390625,3048197.0,4.1570000648498535,2762.75,973.5906982421875,100.19999694824219,57.18680191040039,8494.26953125,768.7946166992188,6796.2900390625,3048197.0,4.1570000648498535
2025-11-06,2771.5,966.0,99.7300033569336,57.54999923706055,8675.0,782.5,6720.31982421875,2973544.0,4.0929999351501465,2771.5,963.1219482421875,99.7300033569336,55.621097564697266,8368.857421875,752.447509765625,6720.31982421875,2973544.0,4.0929999351501465
2025-11-07,2775.0,984.5,99.5999984741211,55.4900016784668,8075.0,744.5,6728.7998046875,2864647.0,4.0929999351501465,2775.0,981.5668334960938,99.5999984741211,53.630149841308594,7810.5419921875,715.9069213867188,6728.7998046875,2864647.0,4.0929999351501465
2025-11-10,2803.0,1098.0,99.62000274658203,55.900001525878906,8220.0,868.0,6832.43017578125,2951889.0,4.110000133514404,2803.0,1094.7286376953125,99.62000274658203,54.026405334472656,7950.7919921875,834.663818359375,6832.43017578125,2951889.0,4.110000133514404
2025-11-11,2786.0,1124.0,99.45999908447266,55.189998626708984,8145.0,858.5,6846.60986328125,2958258.0,4.119999885559082,2786.0,1120.6512451171875,99.45999908447266,53.34020233154297,7878.2490234375,825.5286865234375,6846.60986328125,2958258.0,4.119999885559082
2025-11-12,2815.75,1078.0,99.4800033569336,55.38999938964844,8205.0,851.0,6850.919921875,2984608.0,4.065000057220459,2815.75,1074.788330078125,99.4800033569336,53.53349304199219,7936.2841796875,818.3167114257812,6850.919921875,2984608.0,4.065000057220459
2025-11-13,2830.0,988.5,99.18000030517578,53.599998474121094,7815.0,798.0,6737.490234375,2883333.0,4.111999988555908,2830.0,985.554931640625,99.18000030517578,51.80349349975586,7559.056640625,767.3522338867188,6737.490234375,2883333.0,4.111999988555908
2025-11-14,2786.5,1121.0,99.2699966430664,52.810001373291016,7905.0,825.5,6734.10986328125,2992809.0,4.1479997634887695,2786.5,1117.66015625,99.2699966430664,51.039974212646484,7646.10888671875,793.7960815429688,6734.10986328125,2992809.0,4.1479997634887695
2025-11-17,2732.25,1078.0,99.58999633789062,51.459999084472656,7640.0,812.5,6672.41015625,2926871.0,4.132999897003174,2732.25,1074.788330078125,99.58999633789062,49.7352180480957,7389.78759765625,781.2953491210938,6672.41015625,2926871.0,4.132999897003174
2025-11-18,2684.0,1064.0,99.55000305175781,50.88999938964844,7560.0,831.0,6617.31982421875,2932664.0,4.123000144958496,2684.0,1060.8299560546875,99.55000305175781,49.184326171875,7312.40771484375,799.0848388671875,6617.31982421875,2932664.0,4.123000144958496
2025-11-19,2713.5,1049.0,100.2300033569336,49.709999084472656,7305.0,810.0,6642.16015625,2869724.0,4.132999897003174,2713.5,1045.8746337890625,100.2300033569336,48.04386901855469,7065.75927734375,778.891357421875,6642.16015625,2869724.0,4.132999897003174
2025-11-20,2728.75,1028.0,100.16000366210938,48.43000030517578,7295.0,798.5,6538.759765625,2850533.0,4.105999946594238,2728.75,1024.937255859375,100.16000366210938,46.8067741394043,7056.08642578125,767.8330078125,6538.759765625,2850533.0,4.105999946594238
2025-11-21,2695.25,1010.0,100.18000030517578,46.13999938964844,6985.0,792.0,6602.990234375,2761615.0,4.063000202178955,2695.25,1006.9908447265625,100.18000030517578,44.59353256225586,6756.2392578125,761.5827026367188,6602.990234375,2761615.0,4.063000202178955
2025-11-24,2740.5,,100.13999938964844,46.79999923706055,,,6705.1201171875,,4.038000106811523,2740.5,,100.13999938964844,45.231407165527344,,,6705.1201171875,,4.038000106811523
2025-11-25,2725.0,1006.0,99.66000366210938,48.88999938964844,7460.0,794.5,6765.8798828125,2865760.0,4.001999855041504,2725.0,1003.0028076171875,99.66000366210938,47.25135803222656,7215.6826171875,763.9866333007812,6765.8798828125,2865760.0,4.001999855041504
2025-11-26,2790.25,1014.0,99.5999984741211,51.08000183105469,7830.0,803.0,6812.60986328125,2985632.0,3.997999906539917,2790.25,1010.9789428710938,99.5999984741211,49.36795425415039,7573.56494140625,772.1602172851562,6812.60986328125,2985632.0,3.997999906539917
2025-11-27,,1035.0,,,7855.0,816.5,,3020019.0,,,1031.9163818359375,,,7597.74609375,785.1417236328125,,3020019.0,
2025-11-28,2808.0,1050.0,99.45999908447266,53.56999969482422,7920.0,805.0,6849.08984375,3026470.0,4.017000198364258,2808.0,1046.8717041015625,99.45999908447266,51.77449417114258,7660.6171875,774.0833740234375,6849.08984375,3026470.0,4.017000198364258
2025-12-01,2843.25,1089.0,99.41000366210938,52.5099983215332,8005.0,815.5,6812.6298828125,3060289.0,4.0960001945495605,2843.25,1085.7554931640625,99.41000366210938,50.88395309448242,7742.83447265625,784.1801147460938,6812.6298828125,3060289.0,4.0960001945495605
2025-12-02,2849.75,1076.0,99.36000061035156,51.099998474121094,7925.0,816.0,6829.3701171875,3042001.0,4.085999965667725,2849.75,1072.794189453125,99.36000061035156,49.517616271972656,7665.45458984375,784.6609497070312,6829.3701171875,3042001.0,4.085999965667725
2025-12-03,2867.5,1072.0,98.8499984741211,52.95000076293945,8105.0,811.5,6849.72021484375,3129449.0,4.057000160217285,2867.5,1068.80615234375,98.8499984741211,51.31032943725586,7839.5595703125,780.333740234375,6849.72021484375,3129449.0,4.057000160217285
2025-12-04,2877.75,1068.0,98.98999786376953,51.779998779296875,7880.0,811.0,6857.1201171875,3096396.0,4.107999801635742,2877.75,1064.818115234375,98.98999786376953,50.17655944824219,7621.927734375,779.8529663085938,6857.1201171875,3096396.0,4.107999801635742
2025-12-05,2861.0,1065.0,98.98999786376953,50.06999969482422,7680.0,786.5,6870.39990234375,3046355.0,4.138999938964844,2861.0,1061.8270263671875,98.98999786376953,48.51951599121094,7450.51953125,756.2938842773438,6870.39990234375,3046355.0,4.138999938964844
2025-12-08,2837.25,,99.08999633789062,49.9900016784668,,,6846.509765625,,4.171999931335449,2837.25,,99.08999633789062,48.441993713378906,,,6846.509765625,,4.171999931335449
2025-12-09,2796.25,1027.0,99.22000122070312,49.099998474121094,7530.0,760.5,6840.509765625,2987064.0,4.185999870300293,2796.25,1023.9402465820312,99.22000122070312,47.57954788208008,7305.00244140625,731.29248046875,6840.509765625,2987064.0,4.185999870300293
2025-12-10,2804.5,993.0,98.79000091552734,50.18000030517578,7500.0,764.0,6886.68017578125,3013647.0,4.164000034332275,2804.5,990.04150390625,98.79000091552734,48.62610626220703,7275.8984375,734.6580200195312,6886.68017578125,3013647.0,4.164000034332275
2025-12-11,2825.0,936.5,98.3499984741211,48.93000030517578,7350.0,744.0,6901.0,2980581.0,4.140999794006348,2825.0,933.7098388671875,98.3499984741211,47.41481399536133,7130.38037109375,715.4261474609375,6901.0,2980581.0,4.140999794006348
2025-12-12,2788.0,956.0,98.4000015258789,48.40999984741211,7360.0,805.0,6827.41015625,2979065.0,4.193999767303467,2788.0,953.1517333984375,98.4000015258789,46.910919189453125,7140.08154296875,774.0833740234375,6827.41015625,2979065.0,4.193999767303467
2025-12-15,2763.5,955.5,98.1500015258789,49.869998931884766,7500.0,811.0,6816.509765625,3012681.0,4.182000160217285,2763.5,952.6532592773438,98.1500015258789,48.32571029663086,7275.8984375,779.8529663085938,6816.509765625,3012681.0,4.182000160217285
2025-12-16,2775.75,1030.0,98.1500015258789,50.02000045776367,7715.0,831.5,6800.259765625,3034429.0,4.14900016784668,2775.75,1026.9312744140625,98.1500015258789,48.471065521240234,7484.4736328125,799.565673828125,6800.259765625,3034429.0,4.14900016784668
2025-12-17,2816.0,1067.0,98.37000274658203,49.83000183105469,7810.0,736.0,6721.43017578125,3035517.0,4.151000022888184,2816.0,1063.821044921875,98.37000274658203,48.286949157714844,7576.6357421875,707.7333984375,6721.43017578125,3035517.0,4.151000022888184
2025-12-18,2823.75,1100.0,98.43000030517578,53.900001525878906,8320.0,744.0,6774.759765625,3163224.0,4.116000175476074,2823.75,1096.7227783203125,98.43000030517578,52.23091125488281,8071.39599609375,715.4261474609375,6774.759765625,3163224.0,4.116000175476074
2025-12-19,2868.0,1081.0,98.5999984741211,54.16999816894531,8370.0,741.5,6834.5,3139467.0,4.151000022888184,2868.0,1077.779296875,98.5999984741211,52.4925537109375,8119.90234375,713.0221557617188,6834.5,3139467.0,4.151000022888184
2025-12-22,2850.25,1046.0,98.29000091552734,53.720001220703125,8290.0,711.0,6878.490234375,3136090.0,4.169000148773193,2850.25,1042.8836669921875,98.29000091552734,52.05648422241211,8042.29296875,683.6935424804688,6878.490234375,3136090.0,4.169000148773193
2025-12-23,2857.5,1005.0,97.94000244140625,54.040000915527344,8260.0,722.0,6909.7900390625,3114970.0,4.169000148773193,2857.5,1002.0057373046875,97.94000244140625,52.3665771484375,8013.189453125,694.2710571289062,6909.7900390625,3114970.0,4.169000148773193
2025-12-24,2865.75,1001.0,97.9800033569336,54.279998779296875,8270.0,723.5,6932.0498046875,3121145.0,4.136000156402588,2865.75,998.0177001953125,97.9800033569336,52.59914779663086,8022.89111328125,695.7134399414062,6932.0498046875,3121145.0,4.136000156402588
2025-12-26,2924.75,1007.0,98.0199966430664,55.59000015258789,8380.0,698.0,6929.93994140625,3112380.0,4.136000156402588,2924.75,1003.9998168945312,98.0199966430664,53.86857986450195,8129.60302734375,671.1928100585938,6929.93994140625,3112380.0,4.136000156402588
2025-12-29,2835.5,975.0,98.04000091552734,54.72999954223633,8370.0,688.5,6905.740234375,3100075.0,4.116000175476074,2835.5,972.0951538085938,98.04000091552734,53.17103576660156,8119.90234375,662.0576782226562,6905.740234375,3100075.0,4.116000175476074
2025-12-30,2899.25,993.5,98.23999786376953,54.060001373291016,8200.0,672.0,6896.240234375,3051617.0,4.130000114440918,2899.25,990.5400390625,98.23999786376953,52.520118713378906,7954.98193359375,646.1913452148438,6896.240234375,3051617.0,4.130000114440918
2025-12-31,2906.25,,98.27999877929688,53.939998626708984,,,6845.5,,4.163000106811523,2906.25,,98.27999877929688,52.40353775024414,,,6845.5,,4.163000106811523
2026-01-02,2938.0,1004.0,98.41999816894531,53.349998474121094,8350.0,700.0,6858.47021484375,3126292.0,4.186999797821045,2938.0,1004.0,98.41999816894531,51.83033752441406,8100.5,673.1160278320312,6858.47021484375,3126292.0,4.186999797821045
2026-01-05,3010.0,1022.0,98.2699966430664,56.0,8515.0,725.5,6902.0498046875,3130197.0,4.164999961853027,3010.0,1022.0,98.2699966430664,54.40485763549805,8260.5703125,697.6366577148438,6902.0498046875,3130197.0,4.164999961853027
2026-01-06,3053.75,1031.0,98.58000183105469,53.68000030517578,8470.0,733.5,6944.81982421875,3112377.0,4.178999900817871,3053.75,1031.0,98.58000183105469,52.150943756103516,8216.9150390625,705.3294067382812,6944.81982421875,3112377.0,4.178999900817871
2026-01-07,2993.75,1001.0,98.68000030517578,53.56999969482422,8340.0,756.5,6920.93017578125,3013957.0,4.138000011444092,2993.75,1001.0,98.68000030517578,52.04407501220703,8090.798828125,727.4461059570312,6920.93017578125,3013957.0,4.138000011444092
2026-01-08,3001.25,975.0,98.93000030517578,56.31999969482422,8530.0,792.5,6921.4599609375,3074880.0,4.183000087738037,3001.25,975.0,98.93000030517578,54.71574020385742,8275.123046875,762.0634765625,6921.4599609375,3074880.0,4.183000087738037
2026-01-09,3037.0,1005.0,99.12999725341797,56.459999084472656,8545.0,801.5,6966.27978515625,3089461.0,4.171000003814697,3037.0,1005.0,99.12999725341797,54.851749420166016,8312.955078125,770.7178344726562,6966.27978515625,3089461.0,4.171000003814697
2026-01-12,3086.25,995.0,98.86000061035156,55.060001373291016,8420.0,788.5,6977.27001953125,3076947.0,4.186999797821045,3086.25,995.0,98.86000061035156,53.491634368896484,8191.34912109375,758.2171020507812,6977.27001953125,3076947.0,4.186999797821045
2026-01-13,3102.75,969.0,99.12999725341797,53.540000915527344,8145.0,764.0,6963.740234375,3036293.0,4.171000003814697,3102.75,969.0,99.12999725341797,52.014930725097656,7923.81689453125,734.6580200195312,6963.740234375,3036293.0,4.171000003814697
2026-01-14,3086.75,960.0,99.12999725341797,50.97999954223633,7765.0,758.0,6926.60009765625,2950111.0,4.139999866485596,3086.75,960.0,99.12999725341797,49.527854919433594,7554.1357421875,728.8884887695312,6926.60009765625,2950111.0,4.139999866485596
2026-01-15,3069.5,975.0,99.31999969482422,51.16999816894531,7850.0,785.0,6944.47021484375,2926727.0,4.159999847412109,3069.5,975.0,99.31999969482422,49.712432861328125,7636.82861328125,754.8515014648438,6944.47021484375,2926727.0,4.159999847412109
2026-01-16,3034.75,990.0,99.38999938964844,51.38999938964844,7765.0,801.0,6940.009765625,2933230.0,4.230999946594238,3034.75,990.0,99.38999938964844,49.926170349121094,7554.1357421875,770.2369995117188,6940.009765625,2933230.0,4.230999946594238
2026-01-19,,998.0,,,7755.0,787.0,,2912976.0,,,998.0,,,7544.408203125,756.7747192382812,,2912976.0,
2026-01-20,3015.75,998.5,98.63999938964844,50.38999938964844,7715.0,770.5,6796.85986328125,2942092.0,4.295000076293945,3015.75,998.5,98.63999938964844,48.95465850830078,7505.4931640625,740.9083862304688,6796.85986328125,2942092.0,4.295000076293945
2026-01-21,3032.25,1028.0,98.76000213623047,54.06999969482422,8120.0,790.0,6875.6201171875,3047554.0,4.252999782562256,3032.25,1028.0,98.76000213623047,52.52983093261719,7899.49609375,759.6594848632812,6875.6201171875,3047554.0,4.252999782562256
2026-01-22,3060.75,1056.0,98.36000061035156,53.77000045776367,8100.0,789.0,6913.35009765625,3066435.0,4.249000072479248,3060.75,1056.0,98.36000061035156,52.238380432128906,7880.03857421875,758.6978759765625,6913.35009765625,3066435.0,4.249000072479248
2026-01-23,3097.5,1076.0,97.5999984741211,53.7400016784668,8125.0,768.0,6915.60986328125,3093535.0,4.238999843597412,3097.5,1076.0,97.5999984741211,52.209232330322266,7904.35986328125,738.50439453125,6915.60986328125,3093535.0,4.238999843597412
2026-01-26,3137.0,1080.0,97.04000091552734,54.38999938964844,8195.0,734.0,6950.22998046875,3131277.0,4.2129998207092285,3137.0,1080.0,97.04000091552734,52.84071731567383,7972.45947265625,705.8101806640625,6950.22998046875,3131277.0,4.2129998207092285
2026-01-27,3111.5,1036.0,96.22000122070312,55.7599983215332,8410.0,719.5,6978.60009765625,3244320.0,4.2230000495910645,3111.5,1036.0,96.22000122070312,54.17169189453125,8181.62109375,691.8670654296875,6978.60009765625,3244320.0,4.2230000495910645
2026-01-28,3165.75,1031.0,96.44999694824219,55.880001068115234,8460.0,694.0,6978.02978515625,3230714.0,4.250999927520752,3165.75,1031.0,96.44999694824219,54.28827667236328,8230.263671875,667.346435546875,6978.02978515625,3230714.0,4.250999927520752
2026-01-29,3138.5,1046.0,96.27999877929688,55.88999938964844,8310.0,697.0,6969.009765625,3211242.0,4.2270002365112305,3138.5,1046.0,96.27999877929688,54.29798889160156,8084.3359375,670.231201171875,6969.009765625,3211242.0,4.2270002365112305
2026-01-30,3034.5,1045.0,96.98999786376953,55.11000061035156,8310.0,705.0,6939.02978515625,3199554.0,4.241000175476074,3034.5,1045.0,96.98999786376953,53.54021072387695,8084.3359375,677.9239501953125,6939.02978515625,3199554.0,4.241000175476074
2026-02-02,2926.75,1022.0,97.61000061035156,53.91999816894531,8075.0,713.5,6976.43994140625,3106672.0,4.275000095367432,2926.75,1022.0,97.61000061035156,52.52324676513672,7855.71826171875,686.0975341796875,6976.43994140625,3106672.0,4.275000095367432
2026-02-03,3015.0,989.0,97.44000244140625,53.400001525878906,7805.0,691.5,6917.81005859375,3038541.0,4.27400016784668,3015.0,989.0,97.44000244140625,52.0167236328125,7593.04931640625,664.9424438476562,6917.81005859375,3038541.0,4.27400016784668
2026-02-04,2973.25,975.5,97.62000274658203,52.47999954223633,7780.0,700.0,6882.72021484375,3015927.0,4.275000095367432,2973.25,975.5,97.62000274658203,51.12055206298828,7568.728515625,673.1160278320312,6882.72021484375,3015927.0,4.275000095367432
2026-02-05,2925.25,979.0,97.81999969482422,48.16999816894531,7505.0,683.5,6798.39990234375,2932838.0,4.210000038146973,2925.25,979.0,97.81999969482422,46.92219924926758,7301.1962890625,657.2496948242188,6798.39990234375,2932838.0,4.210000038146973
2026-02-06,3004.0,1017.0,97.62999725341797,49.369998931884766,7470.0,689.0,6932.2998046875,2977119.0,4.205999851226807,3004.0,1017.0,97.62999725341797,48.09111785888672,7291.01513671875,662.5384521484375,6932.2998046875,2977119.0,4.205999851226807
2026-02-09,3028.75,983.5,96.81999969482422,50.0,7435.0,693.5,6964.81982421875,2976664.0,4.197999954223633,3028.75,983.5,96.81999969482422,48.704795837402344,7256.8544921875,666.8656616210938,6964.81982421875,2976664.0,4.197999954223633
2026-02-10,3001.0,981.5,96.80000305175781,51.5,7745.0,710.0,6941.81005859375,3060606.0,4.146999835968018,3001.0,981.5,96.80000305175781,50.16593933105469,7559.42626953125,682.73193359375,6941.81005859375,3060606.0,4.146999835968018
2026-02-11,3023.0,996.5,96.83000183105469,50.86000061035156,7570.0,697.5,6941.47021484375,3017641.0,4.171999931335449,3023.0,996.5,96.83000183105469,49.54252243041992,7388.619140625,670.7120361328125,6941.47021484375,3017641.0,4.171999931335449
2026-02-12,3026.75,963.0,96.93000030517578,45.439998626708984,6950.0,679.5,6832.759765625,2851780.0,4.104000091552734,3026.75,963.0,96.93000030517578,44.262916564941406,6783.474609375,653.4033203125,6832.759765625,2851780.0,4.104000091552734
2026-02-13,3015.75,990.5,96.87999725341797,45.97999954223633,6695.0,702.5,6836.169921875,2816128.0,4.056000232696533,3015.75,990.5,96.87999725341797,44.7889289855957,6534.583984375,675.5199584960938,6836.169921875,2816128.0,4.056000232696533
2026-02-17,2971.5,,97.16000366210938,45.15999984741211,,,6843.22021484375,,4.052000045776367,2971.5,,97.16000366210938,43.99017333984375,,,6843.22021484375,,4.052000045776367
2026-02-18,3017.0,945.0,97.69999694824219,44.77000045776367,6435.0,673.0,6881.31005859375,2723175.0,4.078999996185303,3017.0,945.0,97.69999694824219,43.61027526855469,6280.81396484375,647.1529541015625,6881.31005859375,2723175.0,4.078999996185303
2026-02-19,2992.5,918.0,97.93000030517578,47.63999938964844,6850.0,695.0,6861.89013671875,2839106.0,4.074999809265137,2992.5,918.0,97.93000030517578,46.40593338012695,6685.87060546875,668.3080444335938,6861.89013671875,2839106.0,4.074999809265137
2026-02-20,3021.75,893.0,97.80000305175781,49.63999938964844,7170.0,686.5,6909.509765625,2873248.0,4.085999965667725,3021.75,893.0,97.80000305175781,48.354122161865234,6998.20361328125,660.1344604492188,6909.509765625,2873248.0,4.085999965667725
2026-02-23,3014.75,834.0,97.69999694824219,48.40999984741211,6945.0,647.0,6837.75,2763059.0,4.0289998054504395,3014.75,834.0,97.69999694824219,47.155982971191406,6778.5947265625,622.1514892578125,6837.75,2763059.0,4.0289998054504395
2026-02-24,3020.75,795.5,97.87999725341797,48.97999954223633,7055.0,636.0,6890.06982421875,2812414.0,4.0329999923706055,3020.75,795.5,97.87999725341797,47.711219787597656,6885.95849609375,611.573974609375,6890.06982421875,2812414.0,4.0329999923706055
2026-02-25,3081.75,820.0,97.69999694824219,48.58000183105469,7055.0,627.0,6946.1298828125,2799876.0,4.047999858856201,3081.75,820.0,97.69999694824219,47.32158660888672,6885.95849609375,602.9196166992188,6946.1298828125,2799876.0,4.047999858856201
2026-02-26,3071.75,825.5,97.79000091552734,47.0,6910.0,620.5,6908.85986328125,2754420.0,4.017000198364258,3071.75,825.5,97.79000091552734,45.782508850097656,6744.43359375,596.6692504882812,6908.85986328125,2754420.0,4.017000198364258
2026-02-27,3044.25,811.5,97.61000061035156,44.849998474121094,6545.0,619.5,6878.8798828125,2642106.0,3.9619998931884766,3044.25,811.5,97.61000061035156,43.68819808959961,6388.17919921875,595.7076416015625,6878.8798828125,2642106.0,3.9619998931884766
2026-03-02,3109.25,755.0,98.37999725341797,44.31999969482422,6360.0,590.0,6881.6201171875,2603094.0,4.047999858856201,3109.25,755.0,98.37999725341797,43.3206787109375,6207.61181640625,567.3406372070312,6881.6201171875,2603094.0,4.047999858856201
2026-03-03,3165.75,710.5,99.05000305175781,43.63999938964844,6490.0,584.0,6816.6298828125,2597025.0,4.056000232696533,3165.75,710.5,99.05000305175781,42.656009674072266,6334.4970703125,561.571044921875,6816.6298828125,2597025.0,4.056000232696533
2026-03-04,3279.75,738.5,98.7699966430664,44.029998779296875,6415.0,611.0,6869.5,2579970.0,4.079999923706055,3279.75,738.5,98.7699966430664,43.0372200012207,6261.29345703125,587.5341186523438,6869.5,2579970.0,4.079999923706055
2026-03-05,3215.75,798.5,99.31999969482422,43.189998626708984,6280.0,615.5,6830.7099609375,2570733.0,4.145999908447266,3215.75,798.5,99.31999969482422,42.216156005859375,6129.5283203125,591.8612670898438,6830.7099609375,2570733.0,4.145999908447266
2026-03-06,3327.5,851.5,98.98999786376953,41.7400016784668,6160.0,661.5,6740.02001953125,2626115.0,4.132999897003174,3327.5,851.5,98.98999786376953,40.798851013183594,6036.70068359375,636.0946044921875,6740.02001953125,2626115.0,4.132999897003174
2026-03-09,3292.0,868.5,99.18000030517578,42.470001220703125,6260.0,652.0,6795.990234375,2632795.0,4.136000156402588,3292.0,868.5,99.18000030517578,41.512393951416016,6134.69921875,626.95947265625,6795.990234375,2632795.0,4.136000156402588
2026-03-10,3322.0,863.5,98.83000183105469,44.189998626708984,6475.0,652.0,6781.47998046875,2700255.0,4.136000156402588,3322.0,863.5,98.83000183105469,43.193607330322266,6345.39599609375,626.95947265625,6781.47998046875,2700255.0,4.136000156402588
2026-03-11,3369.5,876.5,99.2300033569336,45.43000030517578,6575.0,666.5,6775.7998046875,2770635.0,4.208000183105469,3369.5,876.5,99.2300033569336,44.4056510925293,6443.39453125,640.902587890625,6775.7998046875,2770635.0,4.208000183105469
2026-03-12,3464.0,844.0,99.73999786376953,43.11000061035156,6295.0,645.5,6672.6201171875,2695424.0,4.2729997634887695,3464.0,844.0,99.73999786376953,42.137962341308594,6168.9990234375,620.7091064453125,6672.6201171875,2695424.0,4.2729997634887695
2026-03-13,3383.25,791.0,100.36000061035156,41.119998931884766,6070.0,622.0,6632.18994140625,2642584.0,4.284999847412109,3383.25,791.0,100.36000061035156,40.192832946777344,5948.50244140625,598.1116333007812,6632.18994140625,2642584.0,4.284999847412109
2026-03-16,3289.5,798.5,99.70999908447266,40.86000061035156,6030.0,610.5,6699.3798828125,2606351.0,4.21999979019165,3289.5,798.5,99.70999908447266,39.938697814941406,5909.3037109375,587.0532836914062,6699.3798828125,2606351.0,4.21999979019165
2026-03-17,3291.5,800.5,99.58000183105469,41.54999923706055,6100.0,630.0,6716.08984375,2663049.0,4.202000141143799,3291.5,800.5,99.58000183105469,40.613136291503906,5977.90185546875,605.8043823242188,6716.08984375,2663049.0,4.202000141143799
2026-03-18,3282.25,811.0,100.08999633789062,42.02000045776367,6160.0,640.0,6624.7001953125,2693891.0,4.258999824523926,3282.25,811.0,100.08999633789062,41.072540283203125,6036.70068359375,615.4203491210938,6624.7001953125,2693891.0,4.258999824523926
2026-03-19,3119.75,805.0,99.2300033569336,43.849998474121094,6400.0,635.0,6606.490234375,2768682.0,4.281000137329102,3119.75,805.0,99.2300033569336,42.86127853393555,6271.89697265625,610.6123657226562,6606.490234375,2768682.0,4.281000137329102
2026-03-20,3102.0,793.0,99.6500015258789,42.95000076293945,6310.0,623.0,6506.47998046875,2725326.0,4.390999794006348,3102.0,793.0,99.6500015258789,41.98157501220703,6183.69873046875,599.0732421875,6506.47998046875,2725326.0,4.390999794006348
2026-03-23,3076.0,797.0,98.94999694824219,45.45000076293945,6650.0,631.0,6581.0,2778025.0,4.334000110626221,3076.0,797.0,98.94999694824219,44.425201416015625,6516.89306640625,606.7659912109375,6581.0,2778025.0,4.334000110626221
2026-03-24,3138.0,,99.43000030517578,45.040000915527344,,,6556.3701171875,,4.392000198364258,3138.0,,99.43000030517578,44.024444580078125,,,6556.3701171875,,4.392000198364258
2026-03-25,3135.0,787.5,99.5999984741211,45.36000061035156,6590.0,635.5,6591.89990234375,2805317.0,4.328000068664551,3135.0,787.5,99.5999984741211,44.33723068237305,6458.09423828125,611.0931396484375,6591.89990234375,2805317.0,4.328000068664551
2026-03-26,3161.5,795.5,99.9000015258789,44.529998779296875,6450.0,628.0,6477.16015625,2769369.0,4.415999889373779,3161.5,795.5,99.9000015258789,43.525943756103516,6320.896484375,603.8812255859375,6477.16015625,2769369.0,4.415999889373779
2026-03-27,3187.5,809.0,100.1500015258789,42.70000076293945,6290.0,661.5,6368.85009765625,2793847.0,4.440000057220459,3187.5,809.0,100.1500015258789,41.737205505371094,6164.09912109375,636.0946044921875,6368.85009765625,2793847.0,4.440000057220459
2026-03-30,3336.25,881.0,100.51000213623047,43.0099983215332,6375.0,673.0,6343.72021484375,2865754.0,4.3420000076293945,3336.25,881.0,100.51000213623047,42.198333740234375,6247.39794921875,647.1529541015625,6343.72021484375,2865754.0,4.3420000076293945
2026-03-31,3405.5,937.0,99.95999908447266,46.709999084472656,6890.0,674.5,6528.52001953125,2997780.0,4.310999870300293,3405.5,937.0,99.95999908447266,45.82851028442383,6752.08935546875,648.5953369140625,6528.52001953125,2997780.0,4.310999870300293
2026-04-01,3452.25,992.5,99.6500015258789,46.47999954223633,6890.0,695.5,6575.31982421875,2999342.0,4.318999767303467,3452.25,992.5,99.6500015258789,45.60285186767578,6752.08935546875,668.788818359375,6575.31982421875,2999342.0,4.318999767303467
2026-04-02,3411.0,,100.02999877929688,46.20000076293945,,,6582.68994140625,,4.313000202178955,3411.0,,100.02999877929688,45.3281364440918,,,6582.68994140625,,4.313000202178955
2026-04-06,3422.0,1028.0,99.9800033569336,46.209999084472656,6855.0,714.5,6611.830078125,3006248.0,4.335000038146973,3422.0,1028.0,99.9800033569336,45.337947845458984,6717.7900390625,687.0591430664062,6611.830078125,3006248.0,4.335000038146973
2026-04-07,3396.75,969.5,99.63999938964844,45.310001373291016,6720.0,668.5,6616.85009765625,2972630.0,4.3429999351501465,3396.75,969.5,99.63999938964844,44.454933166503906,6585.49267578125,668.5,6616.85009765625,2972630.0,4.3429999351501465
2026-04-08,3374.25,941.0,99.12999725341797,47.56999969482422,6995.0,676.0,6782.81005859375,3011186.0,4.290999889373779,3374.25,941.0,99.12999725341797,46.672279357910156,6854.98779296875,676.0,6782.81005859375,3011186.0,4.290999889373779
2026-04-09,3373.75,975.5,98.81999969482422,47.93000030517578,7070.0,705.0,6824.66015625,2999608.0,4.293000221252441,3373.75,975.5,98.81999969482422,47.02548599243164,6928.48681640625,705.0,6824.66015625,2999608.0,4.293000221252441
2026-04-10,3429.75,997.0,98.6500015258789,48.119998931884766,7075.0,715.0,6816.89013671875,2998770.0,4.316999912261963,3429.75,997.0,98.6500015258789,47.2119026184082,6958.9873046875,715.0,6816.89013671875,2998770.0,4.316999912261963
2026-04-13,3582.0,1010.0,98.37000274658203,48.849998474121094,7135.0,732.5,6886.240234375,2991782.0,4.296999931335449,3582.0,1010.0,98.37000274658203,47.928123474121094,7018.00341796875,732.5,6886.240234375,2991782.0,4.296999931335449
2026-04-14,3572.75,980.5,98.12000274658203,49.13999938964844,7170.0,721.5,6967.3798828125,2950635.0,4.25600004196167,3572.75,980.5,98.12000274658203,48.21265411376953,7052.4296875,721.5,6967.3798828125,2950635.0,4.25600004196167
2026-04-15,3613.75,966.0,98.05999755859375,49.380001068115234,7175.0,731.0,7022.9501953125,2917889.0,4.2820000648498535,3613.75,966.0,98.05999755859375,48.44812774658203,7057.34716796875,731.0,7022.9501953125,2917889.0,4.2820000648498535
2026-04-16,3647.75,949.0,98.22000122070312,49.0099983215332,7130.0,719.5,7041.27978515625,2923833.0,4.309000015258789,3647.75,949.0,98.22000122070312,48.085105895996094,7013.08544921875,719.5,7041.27978515625,2923833.0,4.309000015258789
2026-04-17,3596.75,948.5,98.0999984741211,47.900001525878906,7005.0,717.0,7126.06005859375,2889185.0,4.245999813079834,3596.75,948.5,98.0999984741211,46.996055603027344,6890.13525390625,717.0,7126.06005859375,2889185.0,4.245999813079834
2026-04-20,3546.0,951.0,98.05000305175781,47.9900016784668,7055.0,731.5,7109.14013671875,2931701.0,4.25,3546.0,951.0,98.05000305175781,47.08435821533203,6939.31494140625,731.5,7109.14013671875,2931701.0,4.25
2026-04-21,3555.25,950.5,98.41000366210938,47.79999923706055,7025.0,718.0,7064.009765625,2940100.0,4.291999816894531,3555.25,950.5,98.41000366210938,46.89794158935547,6909.80712890625,718.0,7064.009765625,2940100.0,4.291999816894531
2026-04-22,3599.0,962.5,98.58999633789062,46.20000076293945,6810.0,713.0,7137.89990234375,2898692.0,4.294000148773193,3599.0,962.5,98.58999633789062,45.3281364440918,6698.33251953125,713.0,7137.89990234375,2898692.0,4.294000148773193
2026-04-23,3616.75,980.5,98.80000305175781,43.470001220703125,6415.0,701.0,7108.39990234375,2831849.0,4.322999954223633,3616.75,980.5,98.80000305175781,42.649654388427734,6309.8095703125,701.0,7108.39990234375,2831849.0,4.322999954223633
2026-04-24,3607.75,994.0,98.51000213623047,43.16999816894531,6465.0,697.0,7165.080078125,2840788.0,4.309999942779541,3607.75,994.0,98.51000213623047,42.355316162109375,6358.98974609375,697.0,7165.080078125,2840788.0,4.309999942779541
2026-04-27,3579.75,999.5,98.4800033569336,43.06999969482422,6520.0,695.0,7173.91015625,2866257.0,4.335999965667725,3579.75,999.5,98.4800033569336,42.2572021484375,6413.087890625,695.0,7173.91015625,2866257.0,4.335999965667725
2026-04-28,3557.5,977.5,98.62000274658203,43.59000015258789,6520.0,693.0,7138.7998046875,2869560.0,4.354000091552734,3557.5,977.5,98.62000274658203,42.767391204833984,6413.087890625,693.0,7138.7998046875,2869560.0,4.354000091552734
2026-04-29,3466.75,986.0,98.91999816894531,42.720001220703125,6380.0,672.0,7135.9501953125,2838835.0,4.418000221252441,3466.75,986.0,98.91999816894531,41.9138069152832,6275.38330078125,672.0,7135.9501953125,2838835.0,4.418000221252441
2026-04-30,3450.5,970.0,98.08000183105469,41.34000015258789,6220.0,673.5,7209.009765625,2832851.0,4.389999866485596,3450.5,970.0,98.08000183105469,40.559852600097656,6118.0068359375,673.5,7209.009765625,2832851.0,4.389999866485596
2026-05-01,3496.25,970.0,98.20999908447266,40.150001525878906,6220.0,673.5,7230.1201171875,,4.377999782562256,3496.25,970.0,98.20999908447266,39.39230728149414,6118.0068359375,673.5,7230.1201171875,,4.377999782562256
2026-05-04,3489.5,935.0,98.47000122070312,40.40999984741211,6075.0,669.5,7200.75,2767137.0,4.446000099182129,3489.5,935.0,98.47000122070312,39.81001281738281,5975.384765625,669.5,7200.75,2767137.0,4.446000099182129
2026-05-05,3565.25,910.0,98.4800033569336,40.66999816894531,6015.0,668.5,7259.22021484375,2759257.0,4.415999889373779,3565.25,910.0,98.4800033569336,40.0661506652832,6008.7353515625,668.5,7259.22021484375,2759257.0,4.415999889373779
2026-05-06,3498.0,918.0,98.0199966430664,43.439998626708984,6380.0,700.5,7365.1201171875,2881352.0,4.355999946594238,3498.0,918.0,98.0199966430664,42.79502487182617,6373.35498046875,700.5,7365.1201171875,2881352.0,4.355999946594238
2026-05-07,3480.0,908.5,98.25,43.2400016784668,6340.0,676.5,7337.10986328125,2834283.0,4.392000198364258,3480.0,908.5,98.25,42.59799575805664,6333.396484375,676.5,7337.10986328125,2834283.0,4.392000198364258
2026-05-08,3507.0,910.5,97.83999633789062,41.959999084472656,6185.0,667.0,7398.93017578125,2769127.0,4.363999843597412,3507.0,910.5,97.83999633789062,41.336997985839844,6178.55810546875,667.0,7398.93017578125,2769127.0,4.363999843597412
2026-05-11,3592.5,920.0,97.94000244140625,43.540000915527344,6430.0,652.0,7412.83984375,2833120.0,4.409999847412109,3592.5,920.0,97.94000244140625,43.540000915527344,6423.302734375,652.0,7412.83984375,2833120.0,4.409999847412109
2026-05-12,3652.5,926.5,98.29000091552734,42.189998626708984,6235.0,636.5,7400.9599609375,2792993.0,4.4629998207092285,3652.5,926.5,98.29000091552734,42.189998626708984,6228.505859375,636.5,7400.9599609375,2792993.0,4.4629998207092285
2026-05-13,3837.75,945.0,98.4800033569336,41.790000915527344,6195.0,625.5,7444.25,2738355.0,4.480999946594238,3837.75,945.0,98.4800033569336,41.790000915527344,6188.5478515625,625.5,7444.25,2738355.0,4.480999946594238
2026-05-14,3892.0,944.5,98.87999725341797,41.849998474121094,6185.0,612.0,7501.240234375,2747310.0,4.460999965667725,3892.0,944.5,98.87999725341797,41.849998474121094,6178.55810546875,612.0,7501.240234375,2747310.0,4.460999965667725
2026-05-15,3791.5,940.5,99.2699966430664,40.790000915527344,6060.0,615.0,7408.5,2707869.0,4.59499979019165,3791.5,940.5,99.2699966430664,40.790000915527344,6053.6884765625,615.0,7408.5,2707869.0,4.59499979019165
2026-05-18,3850.0,910.5,98.97000122070312,42.29999923706055,6285.0,621.0,7403.0498046875,2816245.0,4.623000144958496,3850.0,910.5,98.97000122070312,42.29999923706055,6278.4541015625,621.0,7403.0498046875,2816245.0,4.623000144958496
2026-05-19,3874.0,909.5,99.30000305175781,39.95000076293945,5965.0,612.0,7353.60986328125,2774731.0,4.666999816894531,3874.0,909.5,99.30000305175781,39.95000076293945,5958.787109375,612.0,7353.60986328125,2774731.0,4.666999816894531
2026-05-20,3910.75,915.0,99.11000061035156,42.02000045776367,6235.0,618.5,7432.97021484375,2788517.0,4.572000026702881,3910.75,915.0,99.11000061035156,42.02000045776367,6228.505859375,618.5,7432.97021484375,2788517.0,4.572000026702881
2026-05-21,3941.0,928.0,99.19000244140625,44.0099983215332,6490.0,637.5,7445.72021484375,2877439.0,4.585999965667725,3941.0,928.0,99.19000244140625,44.0099983215332,6483.240234375,637.5,7445.72021484375,2877439.0,4.585999965667725
2026-05-22,3963.5,938.5,99.31999969482422,43.54999923706055,6455.0,634.0,7473.47021484375,2846220.0,4.558000087738037,3963.5,938.5,99.31999969482422,43.54999923706055,6448.27685546875,634.0,7473.47021484375,2846220.0,4.558000087738037
2026-05-25,,938.5,,,6455.0,634.0,,,,,938.5,,,6448.27685546875,634.0,,,
2026-05-26,4046.0,967.0,99.16999816894531,45.90999984741211,6795.0,648.0,7519.1201171875,2924356.0,4.493000030517578,4046.0,967.0,99.16999816894531,45.90999984741211,6787.9228515625,648.0,7519.1201171875,2924356.0,4.493000030517578
2026-05-27,4195.0,994.5,99.20999908447266,48.18000030517578,7145.0,677.0,7520.35986328125,3072011.0,4.480999946594238,4195.0,994.5,99.20999908447266,48.18000030517578,7137.55810546875,677.0,7520.35986328125,3072011.0,4.480999946594238
2026-05-28,3911.25,1005.0,99.0199966430664,48.83000183105469,7235.0,670.5,7563.6298828125,3089497.0,4.454999923706055,3911.25,1005.0,99.0199966430664,48.83000183105469,7227.46435546875,670.5,7563.6298828125,3089497.0,4.454999923706055
2026-05-29,3917.75,1019.0,98.91000366210938,50.689998626708984,7495.0,692.5,7580.06005859375,3166407.0,4.453000068664551,3917.75,1019.0,98.91000366210938,50.689998626708984,7487.19384765625,692.5,7580.06005859375,3166407.0,4.453000068664551
2026-06-01,3980.75,1030.0,99.19999694824219,51.15999984741211,7640.0,688.5,7599.9599609375,3242788.0,4.474999904632568,3980.75,1030.0,99.19999694824219,51.15999984741211,7632.04248046875,688.5,7599.9599609375,3242788.0,4.474999904632568
2026-06-02,4054.25,1000.0,99.22000122070312,50.33000183105469,7585.0,691.0,7609.77978515625,3224264.0,4.454999923706055,4054.25,1000.0,99.22000122070312,50.33000183105469,7577.10009765625,691.0,7609.77978515625,3224264.0,4.454999923706055
2026-06-03,4026.25,1015.0,99.52999877929688,48.33000183105469,7350.0,677.5,7553.68017578125,3164196.0,4.491000175476074,4026.25,1015.0,99.52999877929688,48.33000183105469,7342.3447265625,677.5,7553.68017578125,3164196.0,4.491000175476074
2026-06-04,3996.75,1009.0,99.41000366210938,48.619998931884766,7340.0,699.5,7584.31005859375,3174511.0,4.4770002365112305,3996.75,1009.0,99.41000366210938,48.619998931884766,7332.35498046875,699.5,7584.31005859375,3174511.0,4.4770002365112305
2026-06-05,3950.25,976.0,100.06999969482422,47.810001373291016,7205.0,684.0,7383.740234375,3084617.0,4.535999774932861,3950.25,976.0,100.06999969482422,47.810001373291016,7197.49560546875,684.0,7383.740234375,3084617.0,4.535999774932861
2026-06-08,3953.5,997.5,100.05000305175781,48.040000915527344,7340.0,688.0,7405.72998046875,3112024.0,4.552000045776367,3953.5,997.5,100.05000305175781,48.040000915527344,7332.35498046875,688.0,7405.72998046875,3112024.0,4.552000045776367
2026-06-09,3881.5,1008.0,99.91000366210938,49.9900016784668,7545.0,682.0,7386.64990234375,3150727.0,4.5279998779296875,3881.5,1008.0,99.91000366210938,49.9900016784668,7537.1416015625,682.0,7386.64990234375,3150727.0,4.5279998779296875
2026-06-10,3779.75,1016.0,99.94999694824219,49.619998931884766,7485.0,684.0,7266.990234375,3153150.0,4.541999816894531,3779.75,1016.0,99.94999694824219,49.619998931884766,7477.2041015625,684.0,7266.990234375,3153150.0,4.541999816894531
2026-06-11,3794.5,1027.0,99.86000061035156,55.40999984741211,8270.0,700.5,7394.2998046875,3353008.0,4.4629998207092285,3794.5,1027.0,99.86000061035156,55.40999984741211,8261.38671875,700.5,7394.2998046875,3353008.0,4.4629998207092285
2026-06-12,3858.75,1029.0,99.75,55.15999984741211,8210.0,699.5,7431.4599609375,3352708.0,4.486999988555908,3858.75,1029.0,99.75,55.15999984741211,8201.44921875,699.5,7431.4599609375,3352708.0,4.486999988555908
2026-06-15,3696.0,1029.0,99.62999725341797,55.959999084472656,8210.0,699.5,7554.2900390625,,4.468999862670898,3696.0,1029.0,99.62999725341797,55.959999084472656,8201.44921875,699.5,7554.2900390625,,4.468999862670898
2026-06-16,3691.0,985.0,99.54000091552734,54.439998626708984,8160.0,684.0,7511.35009765625,3254706.0,4.427999973297119,3691.0,985.0,99.54000091552734,54.439998626708984,8151.5009765625,684.0,7511.35009765625,3254706.0,4.427999973297119
2026-06-17,3719.0,1001.0,100.08999633789062,55.54999923706055,8365.0,679.0,7420.10009765625,3291883.0,4.4629998207092285,3719.0,1001.0,100.08999633789062,55.54999923706055,8356.287109375,679.0,7420.10009765625,3291883.0,4.4629998207092285
2026-06-18,3693.75,1010.0,100.8499984741211,56.369998931884766,8500.0,680.5,7500.580078125,3333407.0,4.451000213623047,3693.75,1010.0,100.8499984741211,56.369998931884766,8491.1474609375,680.5,7500.580078125,3333407.0,4.451000213623047
2026-06-19,,1000.0,,,8260.0,674.5,,3291322.0,,,1000.0,,,8251.396484375,674.5,,3291322.0,
2026-06-22,3860.75,1006.0,101.0199966430664,53.33000183105469,8165.0,662.5,7472.7900390625,3277512.0,4.508999824523926,3860.75,1006.0,101.0199966430664,53.33000183105469,8156.49609375,662.5,7472.7900390625,3277512.0,4.508999824523926
2026-06-23,3738.75,1033.0,101.41000366210938,51.349998474121094,7960.0,681.0,7365.4599609375,3248428.0,4.493000030517578,3738.75,1033.0,101.41000366210938,51.349998474121094,7951.70947265625,681.0,7365.4599609375,3248428.0,4.493000030517578
2026-06-24,3585.75,1027.0,101.61000061035156,49.099998474121094,7625.0,666.5,7358.22021484375,3110490.0,4.4019999504089355,3585.75,1027.0,101.61000061035156,49.099998474121094,7617.05810546875,666.5,7358.22021484375,3110490.0,4.4019999504089355
2026-06-25,3649.75,990.0,101.43000030517578,49.41999816894531,7605.0,672.5,7357.490234375,3096068.0,4.392000198364258,3649.75,990.0,101.43000030517578,49.41999816894531,7597.0791015625,672.5,7357.490234375,3096068.0,4.392000198364258
2026-06-26,3697.5,991.0,101.36000061035156,49.970001220703125,7715.0,683.5,7354.02001953125,3123411.0,4.372000217437744,3697.5,991.0,101.36000061035156,49.970001220703125,7706.96435546875,683.5,7354.02001953125,3123411.0,4.372000217437744
2026-06-29,3393.0,982.5,101.11000061035156,50.900001525878906,7885.0,677.0,7440.43017578125,3176751.0,4.374000072479248,3393.0,982.5,101.11000061035156,50.900001525878906,7876.78759765625,677.0,7440.43017578125,3176751.0,4.374000072479248
2026-06-30,3435.25,981.0,101.19000244140625,50.029998779296875,7790.0,662.5,7499.35986328125,3168608.0,4.418000221252441,3435.25,981.0,101.19000244140625,50.029998779296875,7781.88623046875,662.5,7499.35986328125,3168608.0,4.418000221252441
2026-07-01,3384.0,983.0,101.38999938964844,49.04999923706055,7685.0,664.5,7483.22998046875,3121855.0,4.474999904632568,3384.0,983.0,101.38999938964844,49.04999923706055,7676.99560546875,664.5,7483.22998046875,3121855.0,4.474999904632568
2026-07-02,3415.75,991.0,100.86000061035156,50.369998931884766,7910.0,663.5,7483.240234375,3157091.0,4.485000133514404,3415.75,991.0,100.86000061035156,50.369998931884766,7901.76171875,663.5,7483.240234375,3157091.0,4.485000133514404
2026-07-03,,993.0,,,7970.0,664.0,,3196900.0,,,993.0,,,7961.69921875,664.0,,3196900.0,
2026-07-06,3478.25,993.0,100.8499984741211,53.02000045776367,8320.0,681.5,7537.43017578125,3266960.0,4.479000091552734,3478.25,993.0,100.8499984741211,53.02000045776367,8320.0,681.5,7537.43017578125,3266960.0,4.479000091552734
2026-07-07,3503.75,990.0,101.13999938964844,51.099998474121094,8045.0,674.5,7503.85009765625,3223998.0,4.5289998054504395,3503.75,990.0,101.13999938964844,51.099998474121094,8045.0,674.5,7503.85009765625,3223998.0,4.5289998054504395
2026-07-08,3435.25,968.5,101.05000305175781,50.25,7880.0,664.5,7482.7099609375,3202490.0,4.568999767303467,3435.25,968.5,101.05000305175781,50.25,7880.0,664.5,7482.7099609375,3202490.0,4.568999767303467
2026-07-09,3489.0,968.5,100.94000244140625,49.38999938964844,7880.0,664.5,7543.64013671875,,4.539000034332275,3489.0,968.5,100.94000244140625,49.38999938964844,7880.0,664.5,7543.64013671875,,4.539000034332275
2026-07-10,3409.75,975.5,100.97000122070312,53.72999954223633,8335.0,671.0,7575.39013671875,3280224.0,4.568999767303467,3409.75,975.5,100.97000122070312,53.72999954223633,8335.0,671.0,7575.39013671875,3280224.0,4.568999767303467
2026-07-13,3428.0,964.5,101.27999877929688,51.40999984741211,8080.0,664.5,7515.33984375,3235295.0,4.609000205993652,3428.0,964.5,101.27999877929688,51.40999984741211,8080.0,664.5,7515.33984375,3235295.0,4.609000205993652
2026-07-14,3448.0,949.0,100.94000244140625,50.79999923706055,7910.0,662.0,7543.58984375,3229324.0,4.585000038146973,3448.0,949.0,100.94000244140625,50.79999923706055,7910.0,662.0,7543.58984375,3229324.0,4.585000038146973
2026-07-15,3455.5,959.5,100.5,52.66999816894531,8205.0,671.0,7572.39990234375,3291246.0,4.545000076293945,3455.5,959.5,100.5,52.66999816894531,8205.0,671.0,7572.39990234375,3291246.0,4.545000076293945
2026-07-16,3485.5,940.0,100.7300033569336,50.18000030517578,7865.0,662.0,7533.77001953125,3185257.0,4.568999767303467,3485.5,940.0,100.7300033569336,50.18000030517578,7865.0,662.0,7533.77001953125,3185257.0,4.568999767303467
2026-07-17,3529.0,949.5,100.75,49.939998626708984,7860.0,664.0,7457.68994140625,3199935.0,4.540999889373779,3529.0,949.5,100.75,49.939998626708984,7860.0,664.0,7457.68994140625,3199935.0,4.540999889373779
2026-07-20,3532.75,959.5,100.98999786376953,49.95000076293945,7845.0,670.5,7443.27978515625,3223652.0,4.5980000495910645,3532.75,959.5,100.98999786376953,49.95000076293945,7845.0,670.5,7443.27978515625,3223652.0,4.5980000495910645
2026-07-21,3579.25,973.0,101.18000030517578,50.939998626708984,7965.0,679.0,7509.2001953125,3281979.0,4.627999782562256,3579.25,973.0,101.18000030517578,50.939998626708984,7965.0,679.0,7509.2001953125,3281979.0,4.627999782562256
2026-07-22,3559.5,974.0,101.13999938964844,53.2400016784668,8275.0,668.0,7498.9599609375,3379772.0,4.6570000648498535,3559.5,974.0,101.13999938964844,53.2400016784668,8275.0,668.0,7498.9599609375,3379772.0,4.6570000648498535
2026-07-23,3564.5,982.5,101.43000030517578,50.150001525878906,7945.0,680.0,7408.2998046875,3319522.0,4.703000068664551,3564.5,982.5,101.43000030517578,50.150001525878906,7945.0,680.0,7408.2998046875,3319522.0,4.703000068664551
